Selector,Feature,Selection_Count,Selection_Frequency_Pct
Vanilla RF,exponential_firstorder_10Percentile,5,100.0
Variance,exponential_firstorder_10Percentile,5,100.0
L1 Logistic Regression,exponential_firstorder_10Percentile,4,80.0
Anova,exponential_firstorder_10Percentile,3,60.0
Mutual Information,exponential_firstorder_10Percentile,2,40.0
RFE (SVM),exponential_firstorder_10Percentile,2,40.0
DyGraFS,exponential_firstorder_10Percentile,1,20.0
Vanilla RF,exponential_firstorder_90Percentile,5,100.0
Variance,exponential_firstorder_90Percentile,4,80.0
L1 Logistic Regression,exponential_firstorder_90Percentile,4,80.0
RFE (SVM),exponential_firstorder_90Percentile,2,40.0
Anova,exponential_firstorder_90Percentile,1,20.0
Vanilla RF,exponential_firstorder_Energy,5,100.0
Variance,exponential_firstorder_Energy,5,100.0
Mutual Information,exponential_firstorder_Energy,5,100.0
Anova,exponential_firstorder_Energy,4,80.0
L1 Logistic Regression,exponential_firstorder_Energy,3,60.0
Vanilla RF,exponential_firstorder_Entropy,5,100.0
Anova,exponential_firstorder_Entropy,3,60.0
GFSIR,exponential_firstorder_Entropy,2,40.0
Vanilla RF,exponential_firstorder_InterquartileRange,5,100.0
Variance,exponential_firstorder_InterquartileRange,5,100.0
Anova,exponential_firstorder_InterquartileRange,4,80.0
L1 Logistic Regression,exponential_firstorder_InterquartileRange,4,80.0
Mutual Information,exponential_firstorder_InterquartileRange,2,40.0
RFE (SVM),exponential_firstorder_InterquartileRange,2,40.0
Vanilla RF,exponential_firstorder_Kurtosis,5,100.0
Variance,exponential_firstorder_Kurtosis,5,100.0
Mutual Information,exponential_firstorder_Kurtosis,4,80.0
L1 Logistic Regression,exponential_firstorder_Kurtosis,4,80.0
DyGraFS,exponential_firstorder_Kurtosis,1,20.0
Anova,exponential_firstorder_Kurtosis,1,20.0
Vanilla RF,exponential_firstorder_Maximum,5,100.0
Variance,exponential_firstorder_Maximum,5,100.0
L1 Logistic Regression,exponential_firstorder_Maximum,4,80.0
Mutual Information,exponential_firstorder_Maximum,2,40.0
Anova,exponential_firstorder_Maximum,1,20.0
Vanilla RF,exponential_firstorder_Mean,5,100.0
Variance,exponential_firstorder_Mean,5,100.0
L1 Logistic Regression,exponential_firstorder_Mean,4,80.0
Anova,exponential_firstorder_Mean,3,60.0
Mutual Information,exponential_firstorder_Mean,1,20.0
Vanilla RF,exponential_firstorder_MeanAbsoluteDeviation,5,100.0
Variance,exponential_firstorder_MeanAbsoluteDeviation,4,80.0
L1 Logistic Regression,exponential_firstorder_MeanAbsoluteDeviation,4,80.0
Anova,exponential_firstorder_MeanAbsoluteDeviation,3,60.0
Mutual Information,exponential_firstorder_MeanAbsoluteDeviation,2,40.0
RFE (SVM),exponential_firstorder_MeanAbsoluteDeviation,1,20.0
Vanilla RF,exponential_firstorder_Median,5,100.0
Variance,exponential_firstorder_Median,5,100.0
L1 Logistic Regression,exponential_firstorder_Median,4,80.0
Anova,exponential_firstorder_Median,3,60.0
Mutual Information,exponential_firstorder_Median,2,40.0
RFE (SVM),exponential_firstorder_Median,2,40.0
Vanilla RF,exponential_firstorder_Minimum,5,100.0
Variance,exponential_firstorder_Minimum,4,80.0
L1 Logistic Regression,exponential_firstorder_Minimum,4,80.0
RFE (SVM),exponential_firstorder_Minimum,3,60.0
Mutual Information,exponential_firstorder_Minimum,2,40.0
DyGraFS,exponential_firstorder_Minimum,1,20.0
Anova,exponential_firstorder_Minimum,1,20.0
Vanilla RF,exponential_firstorder_Range,5,100.0
Variance,exponential_firstorder_Range,5,100.0
L1 Logistic Regression,exponential_firstorder_Range,4,80.0
Anova,exponential_firstorder_Range,2,40.0
Mutual Information,exponential_firstorder_Range,2,40.0
Vanilla RF,exponential_firstorder_RobustMeanAbsoluteDeviation,5,100.0
Variance,exponential_firstorder_RobustMeanAbsoluteDeviation,4,80.0
Anova,exponential_firstorder_RobustMeanAbsoluteDeviation,4,80.0
L1 Logistic Regression,exponential_firstorder_RobustMeanAbsoluteDeviation,4,80.0
Mutual Information,exponential_firstorder_RobustMeanAbsoluteDeviation,2,40.0
Vanilla RF,exponential_firstorder_RootMeanSquared,5,100.0
Variance,exponential_firstorder_RootMeanSquared,5,100.0
L1 Logistic Regression,exponential_firstorder_RootMeanSquared,4,80.0
Anova,exponential_firstorder_RootMeanSquared,3,60.0
Mutual Information,exponential_firstorder_RootMeanSquared,2,40.0
Vanilla RF,exponential_firstorder_Skewness,5,100.0
Variance,exponential_firstorder_Skewness,5,100.0
L1 Logistic Regression,exponential_firstorder_Skewness,4,80.0
DyGraFS,exponential_firstorder_Skewness,3,60.0
Mutual Information,exponential_firstorder_Skewness,2,40.0
Anova,exponential_firstorder_Skewness,1,20.0
RFE (SVM),exponential_firstorder_Skewness,1,20.0
Vanilla RF,exponential_firstorder_TotalEnergy,5,100.0
Variance,exponential_firstorder_TotalEnergy,5,100.0
Mutual Information,exponential_firstorder_TotalEnergy,5,100.0
Anova,exponential_firstorder_TotalEnergy,4,80.0
L1 Logistic Regression,exponential_firstorder_TotalEnergy,3,60.0
Vanilla RF,exponential_firstorder_Uniformity,5,100.0
GFSIR,exponential_firstorder_Uniformity,2,40.0
Anova,exponential_firstorder_Uniformity,1,20.0
Mutual Information,exponential_firstorder_Uniformity,1,20.0
Vanilla RF,exponential_firstorder_Variance,5,100.0
L1 Logistic Regression,exponential_firstorder_Variance,4,80.0
Variance,exponential_firstorder_Variance,3,60.0
Anova,exponential_firstorder_Variance,2,40.0
Mutual Information,exponential_firstorder_Variance,2,40.0
RFE (SVM),exponential_firstorder_Variance,1,20.0
Vanilla RF,exponential_glcm_Autocorrelation,5,100.0
GFSIR,exponential_glcm_Autocorrelation,2,40.0
Anova,exponential_glcm_Autocorrelation,1,20.0
Vanilla RF,exponential_glcm_ClusterProminence,5,100.0
GFSIR,exponential_glcm_ClusterProminence,2,40.0
Anova,exponential_glcm_ClusterProminence,1,20.0
Vanilla RF,exponential_glcm_ClusterShade,5,100.0
GFSIR,exponential_glcm_ClusterShade,2,40.0
Anova,exponential_glcm_ClusterShade,1,20.0
Mutual Information,exponential_glcm_ClusterShade,1,20.0
Vanilla RF,exponential_glcm_ClusterTendency,5,100.0
Anova,exponential_glcm_ClusterTendency,1,20.0
GFSIR,exponential_glcm_ClusterTendency,1,20.0
Vanilla RF,exponential_glcm_Contrast,5,100.0
Anova,exponential_glcm_Contrast,1,20.0
GFSIR,exponential_glcm_Contrast,1,20.0
Vanilla RF,exponential_glcm_Correlation,5,100.0
Anova,exponential_glcm_Correlation,1,20.0
Mutual Information,exponential_glcm_Correlation,1,20.0
GFSIR,exponential_glcm_Correlation,1,20.0
Vanilla RF,exponential_glcm_DifferenceAverage,5,100.0
Anova,exponential_glcm_DifferenceAverage,1,20.0
Mutual Information,exponential_glcm_DifferenceAverage,1,20.0
GFSIR,exponential_glcm_DifferenceAverage,1,20.0
Vanilla RF,exponential_glcm_DifferenceEntropy,5,100.0
Anova,exponential_glcm_DifferenceEntropy,3,60.0
GFSIR,exponential_glcm_DifferenceEntropy,1,20.0
Vanilla RF,exponential_glcm_DifferenceVariance,5,100.0
Mutual Information,exponential_glcm_DifferenceVariance,2,40.0
Anova,exponential_glcm_DifferenceVariance,1,20.0
GFSIR,exponential_glcm_DifferenceVariance,1,20.0
Vanilla RF,exponential_glcm_Id,5,100.0
Anova,exponential_glcm_Id,1,20.0
Mutual Information,exponential_glcm_Id,1,20.0
GFSIR,exponential_glcm_Id,1,20.0
Vanilla RF,exponential_glcm_Idm,5,100.0
Anova,exponential_glcm_Idm,1,20.0
Mutual Information,exponential_glcm_Idm,1,20.0
GFSIR,exponential_glcm_Idm,1,20.0
Vanilla RF,exponential_glcm_Idmn,5,100.0
Anova,exponential_glcm_Idmn,1,20.0
GFSIR,exponential_glcm_Idmn,1,20.0
Vanilla RF,exponential_glcm_Idn,5,100.0
Anova,exponential_glcm_Idn,1,20.0
Mutual Information,exponential_glcm_Idn,1,20.0
GFSIR,exponential_glcm_Idn,1,20.0
Vanilla RF,exponential_glcm_Imc1,5,100.0
Anova,exponential_glcm_Imc1,1,20.0
Mutual Information,exponential_glcm_Imc1,1,20.0
GFSIR,exponential_glcm_Imc1,1,20.0
Vanilla RF,exponential_glcm_Imc2,5,100.0
Anova,exponential_glcm_Imc2,1,20.0
GFSIR,exponential_glcm_Imc2,1,20.0
Vanilla RF,exponential_glcm_InverseVariance,5,100.0
Anova,exponential_glcm_InverseVariance,1,20.0
GFSIR,exponential_glcm_InverseVariance,1,20.0
Vanilla RF,exponential_glcm_JointAverage,5,100.0
Anova,exponential_glcm_JointAverage,1,20.0
GFSIR,exponential_glcm_JointAverage,1,20.0
Vanilla RF,exponential_glcm_JointEnergy,5,100.0
Anova,exponential_glcm_JointEnergy,1,20.0
GFSIR,exponential_glcm_JointEnergy,1,20.0
Vanilla RF,exponential_glcm_JointEntropy,5,100.0
Anova,exponential_glcm_JointEntropy,3,60.0
Mutual Information,exponential_glcm_JointEntropy,1,20.0
GFSIR,exponential_glcm_JointEntropy,1,20.0
Vanilla RF,exponential_glcm_MCC,5,100.0
Anova,exponential_glcm_MCC,1,20.0
Mutual Information,exponential_glcm_MCC,1,20.0
GFSIR,exponential_glcm_MCC,1,20.0
Vanilla RF,exponential_glcm_MaximumProbability,5,100.0
Mutual Information,exponential_glcm_MaximumProbability,2,40.0
Anova,exponential_glcm_MaximumProbability,1,20.0
GFSIR,exponential_glcm_MaximumProbability,1,20.0
Vanilla RF,exponential_glcm_SumAverage,5,100.0
Anova,exponential_glcm_SumAverage,1,20.0
Mutual Information,exponential_glcm_SumAverage,1,20.0
GFSIR,exponential_glcm_SumAverage,1,20.0
Vanilla RF,exponential_glcm_SumEntropy,5,100.0
Anova,exponential_glcm_SumEntropy,3,60.0
GFSIR,exponential_glcm_SumEntropy,1,20.0
Vanilla RF,exponential_glcm_SumSquares,5,100.0
Anova,exponential_glcm_SumSquares,1,20.0
Mutual Information,exponential_glcm_SumSquares,1,20.0
Vanilla RF,exponential_gldm_DependenceEntropy,5,100.0
Variance,exponential_gldm_DependenceEntropy,5,100.0
Anova,exponential_gldm_DependenceEntropy,5,100.0
L1 Logistic Regression,exponential_gldm_DependenceEntropy,4,80.0
Mutual Information,exponential_gldm_DependenceEntropy,2,40.0
RFE (SVM),exponential_gldm_DependenceEntropy,1,20.0
Vanilla RF,exponential_gldm_DependenceNonUniformity,5,100.0
Variance,exponential_gldm_DependenceNonUniformity,5,100.0
Mutual Information,exponential_gldm_DependenceNonUniformity,5,100.0
L1 Logistic Regression,exponential_gldm_DependenceNonUniformity,4,80.0
Anova,exponential_gldm_DependenceNonUniformity,3,60.0
RFE (SVM),exponential_gldm_DependenceNonUniformity,1,20.0
Vanilla RF,exponential_gldm_DependenceNonUniformityNormalized,5,100.0
Variance,exponential_gldm_DependenceNonUniformityNormalized,5,100.0
Anova,exponential_gldm_DependenceNonUniformityNormalized,5,100.0
Mutual Information,exponential_gldm_DependenceNonUniformityNormalized,3,60.0
L1 Logistic Regression,exponential_gldm_DependenceNonUniformityNormalized,3,60.0
Vanilla RF,exponential_gldm_DependenceVariance,5,100.0
Variance,exponential_gldm_DependenceVariance,5,100.0
L1 Logistic Regression,exponential_gldm_DependenceVariance,4,80.0
Anova,exponential_gldm_DependenceVariance,3,60.0
Mutual Information,exponential_gldm_DependenceVariance,2,40.0
DyGraFS,exponential_gldm_DependenceVariance,1,20.0
RFE (SVM),exponential_gldm_DependenceVariance,1,20.0
Vanilla RF,exponential_gldm_GrayLevelNonUniformity,5,100.0
Variance,exponential_gldm_GrayLevelNonUniformity,5,100.0
Mutual Information,exponential_gldm_GrayLevelNonUniformity,5,100.0
Anova,exponential_gldm_GrayLevelNonUniformity,4,80.0
L1 Logistic Regression,exponential_gldm_GrayLevelNonUniformity,4,80.0
Vanilla RF,exponential_gldm_GrayLevelVariance,5,100.0
Anova,exponential_gldm_GrayLevelVariance,1,20.0
Vanilla RF,exponential_gldm_HighGrayLevelEmphasis,5,100.0
Anova,exponential_gldm_HighGrayLevelEmphasis,1,20.0
Vanilla RF,exponential_gldm_LargeDependenceEmphasis,5,100.0
Variance,exponential_gldm_LargeDependenceEmphasis,5,100.0
Anova,exponential_gldm_LargeDependenceEmphasis,5,100.0
Mutual Information,exponential_gldm_LargeDependenceEmphasis,5,100.0
L1 Logistic Regression,exponential_gldm_LargeDependenceEmphasis,4,80.0
Vanilla RF,exponential_gldm_LargeDependenceHighGrayLevelEmphasis,5,100.0
Variance,exponential_gldm_LargeDependenceHighGrayLevelEmphasis,5,100.0
Anova,exponential_gldm_LargeDependenceHighGrayLevelEmphasis,5,100.0
Mutual Information,exponential_gldm_LargeDependenceHighGrayLevelEmphasis,5,100.0
L1 Logistic Regression,exponential_gldm_LargeDependenceHighGrayLevelEmphasis,4,80.0
Vanilla RF,exponential_gldm_LargeDependenceLowGrayLevelEmphasis,5,100.0
Variance,exponential_gldm_LargeDependenceLowGrayLevelEmphasis,5,100.0
Anova,exponential_gldm_LargeDependenceLowGrayLevelEmphasis,5,100.0
Mutual Information,exponential_gldm_LargeDependenceLowGrayLevelEmphasis,5,100.0
L1 Logistic Regression,exponential_gldm_LargeDependenceLowGrayLevelEmphasis,4,80.0
Vanilla RF,exponential_gldm_LowGrayLevelEmphasis,5,100.0
Anova,exponential_gldm_LowGrayLevelEmphasis,1,20.0
Vanilla RF,exponential_gldm_SmallDependenceEmphasis,5,100.0
L1 Logistic Regression,exponential_gldm_SmallDependenceEmphasis,4,80.0
Anova,exponential_gldm_SmallDependenceEmphasis,3,60.0
Mutual Information,exponential_gldm_SmallDependenceEmphasis,2,40.0
Vanilla RF,exponential_gldm_SmallDependenceHighGrayLevelEmphasis,5,100.0
L1 Logistic Regression,exponential_gldm_SmallDependenceHighGrayLevelEmphasis,4,80.0
Anova,exponential_gldm_SmallDependenceHighGrayLevelEmphasis,3,60.0
Mutual Information,exponential_gldm_SmallDependenceHighGrayLevelEmphasis,2,40.0
Vanilla RF,exponential_gldm_SmallDependenceLowGrayLevelEmphasis,5,100.0
L1 Logistic Regression,exponential_gldm_SmallDependenceLowGrayLevelEmphasis,4,80.0
Anova,exponential_gldm_SmallDependenceLowGrayLevelEmphasis,3,60.0
Mutual Information,exponential_gldm_SmallDependenceLowGrayLevelEmphasis,2,40.0
Vanilla RF,exponential_glrlm_GrayLevelNonUniformity,5,100.0
Variance,exponential_glrlm_GrayLevelNonUniformity,5,100.0
Mutual Information,exponential_glrlm_GrayLevelNonUniformity,5,100.0
Anova,exponential_glrlm_GrayLevelNonUniformity,4,80.0
L1 Logistic Regression,exponential_glrlm_GrayLevelNonUniformity,4,80.0
Vanilla RF,exponential_glrlm_GrayLevelNonUniformityNormalized,5,100.0
Anova,exponential_glrlm_GrayLevelNonUniformityNormalized,1,20.0
Vanilla RF,exponential_glrlm_GrayLevelVariance,5,100.0
Anova,exponential_glrlm_GrayLevelVariance,1,20.0
Vanilla RF,exponential_glrlm_HighGrayLevelRunEmphasis,5,100.0
Anova,exponential_glrlm_HighGrayLevelRunEmphasis,1,20.0
Vanilla RF,exponential_glrlm_LongRunEmphasis,5,100.0
Variance,exponential_glrlm_LongRunEmphasis,5,100.0
Mutual Information,exponential_glrlm_LongRunEmphasis,5,100.0
Anova,exponential_glrlm_LongRunEmphasis,4,80.0
L1 Logistic Regression,exponential_glrlm_LongRunEmphasis,4,80.0
RFE (SVM),exponential_glrlm_LongRunEmphasis,1,20.0
Vanilla RF,exponential_glrlm_LongRunHighGrayLevelEmphasis,5,100.0
Variance,exponential_glrlm_LongRunHighGrayLevelEmphasis,5,100.0
Mutual Information,exponential_glrlm_LongRunHighGrayLevelEmphasis,5,100.0
Anova,exponential_glrlm_LongRunHighGrayLevelEmphasis,4,80.0
L1 Logistic Regression,exponential_glrlm_LongRunHighGrayLevelEmphasis,4,80.0
RFE (SVM),exponential_glrlm_LongRunHighGrayLevelEmphasis,1,20.0
Vanilla RF,exponential_glrlm_LongRunLowGrayLevelEmphasis,5,100.0
Variance,exponential_glrlm_LongRunLowGrayLevelEmphasis,5,100.0
Mutual Information,exponential_glrlm_LongRunLowGrayLevelEmphasis,5,100.0
Anova,exponential_glrlm_LongRunLowGrayLevelEmphasis,4,80.0
L1 Logistic Regression,exponential_glrlm_LongRunLowGrayLevelEmphasis,4,80.0
RFE (SVM),exponential_glrlm_LongRunLowGrayLevelEmphasis,1,20.0
Vanilla RF,exponential_glrlm_LowGrayLevelRunEmphasis,5,100.0
Anova,exponential_glrlm_LowGrayLevelRunEmphasis,1,20.0
Vanilla RF,exponential_glrlm_RunEntropy,5,100.0
Variance,exponential_glrlm_RunEntropy,5,100.0
Anova,exponential_glrlm_RunEntropy,5,100.0
Mutual Information,exponential_glrlm_RunEntropy,5,100.0
L1 Logistic Regression,exponential_glrlm_RunEntropy,4,80.0
RFE (SVM),exponential_glrlm_RunEntropy,2,40.0
DyGraFS,exponential_glrlm_RunEntropy,1,20.0
GFSIR,exponential_glrlm_RunEntropy,1,20.0
Vanilla RF,exponential_glrlm_RunLengthNonUniformity,5,100.0
Variance,exponential_glrlm_RunLengthNonUniformity,5,100.0
Mutual Information,exponential_glrlm_RunLengthNonUniformity,5,100.0
Anova,exponential_glrlm_RunLengthNonUniformity,4,80.0
L1 Logistic Regression,exponential_glrlm_RunLengthNonUniformity,4,80.0
Boruta,exponential_glrlm_RunLengthNonUniformity,4,80.0
DyGraFS,exponential_glrlm_RunLengthNonUniformity,1,20.0
RFE (SVM),exponential_glrlm_RunLengthNonUniformity,1,20.0
Vanilla RF,exponential_glrlm_RunLengthNonUniformityNormalized,5,100.0
Variance,exponential_glrlm_RunLengthNonUniformityNormalized,4,80.0
L1 Logistic Regression,exponential_glrlm_RunLengthNonUniformityNormalized,4,80.0
Anova,exponential_glrlm_RunLengthNonUniformityNormalized,3,60.0
Mutual Information,exponential_glrlm_RunLengthNonUniformityNormalized,2,40.0
Vanilla RF,exponential_glrlm_RunPercentage,5,100.0
Variance,exponential_glrlm_RunPercentage,4,80.0
Anova,exponential_glrlm_RunPercentage,4,80.0
L1 Logistic Regression,exponential_glrlm_RunPercentage,4,80.0
Mutual Information,exponential_glrlm_RunPercentage,3,60.0
Vanilla RF,exponential_glrlm_RunVariance,5,100.0
Variance,exponential_glrlm_RunVariance,5,100.0
Anova,exponential_glrlm_RunVariance,5,100.0
Mutual Information,exponential_glrlm_RunVariance,5,100.0
L1 Logistic Regression,exponential_glrlm_RunVariance,4,80.0
RFE (SVM),exponential_glrlm_RunVariance,3,60.0
Vanilla RF,exponential_glrlm_ShortRunEmphasis,5,100.0
Variance,exponential_glrlm_ShortRunEmphasis,4,80.0
L1 Logistic Regression,exponential_glrlm_ShortRunEmphasis,4,80.0
DyGraFS,exponential_glrlm_ShortRunEmphasis,2,40.0
Anova,exponential_glrlm_ShortRunEmphasis,1,20.0
RFE (SVM),exponential_glrlm_ShortRunEmphasis,1,20.0
Vanilla RF,exponential_glrlm_ShortRunHighGrayLevelEmphasis,5,100.0
Variance,exponential_glrlm_ShortRunHighGrayLevelEmphasis,4,80.0
L1 Logistic Regression,exponential_glrlm_ShortRunHighGrayLevelEmphasis,4,80.0
Anova,exponential_glrlm_ShortRunHighGrayLevelEmphasis,1,20.0
RFE (SVM),exponential_glrlm_ShortRunHighGrayLevelEmphasis,1,20.0
Vanilla RF,exponential_glrlm_ShortRunLowGrayLevelEmphasis,5,100.0
Variance,exponential_glrlm_ShortRunLowGrayLevelEmphasis,4,80.0
L1 Logistic Regression,exponential_glrlm_ShortRunLowGrayLevelEmphasis,4,80.0
Anova,exponential_glrlm_ShortRunLowGrayLevelEmphasis,1,20.0
RFE (SVM),exponential_glrlm_ShortRunLowGrayLevelEmphasis,1,20.0
Vanilla RF,exponential_glszm_GrayLevelNonUniformity,5,100.0
Variance,exponential_glszm_GrayLevelNonUniformity,5,100.0
L1 Logistic Regression,exponential_glszm_GrayLevelNonUniformity,4,80.0
DyGraFS,exponential_glszm_GrayLevelNonUniformity,1,20.0
Anova,exponential_glszm_GrayLevelNonUniformity,1,20.0
RFE (SVM),exponential_glszm_GrayLevelNonUniformity,1,20.0
Vanilla RF,exponential_glszm_GrayLevelNonUniformityNormalized,5,100.0
Anova,exponential_glszm_GrayLevelNonUniformityNormalized,1,20.0
Vanilla RF,exponential_glszm_GrayLevelVariance,5,100.0
Anova,exponential_glszm_GrayLevelVariance,1,20.0
Mutual Information,exponential_glszm_GrayLevelVariance,1,20.0
Vanilla RF,exponential_glszm_HighGrayLevelZoneEmphasis,5,100.0
Anova,exponential_glszm_HighGrayLevelZoneEmphasis,1,20.0
Mutual Information,exponential_glszm_HighGrayLevelZoneEmphasis,1,20.0
Vanilla RF,exponential_glszm_LargeAreaEmphasis,5,100.0
Variance,exponential_glszm_LargeAreaEmphasis,5,100.0
Mutual Information,exponential_glszm_LargeAreaEmphasis,5,100.0
L1 Logistic Regression,exponential_glszm_LargeAreaEmphasis,5,100.0
Anova,exponential_glszm_LargeAreaEmphasis,2,40.0
Vanilla RF,exponential_glszm_LargeAreaHighGrayLevelEmphasis,5,100.0
Variance,exponential_glszm_LargeAreaHighGrayLevelEmphasis,5,100.0
Mutual Information,exponential_glszm_LargeAreaHighGrayLevelEmphasis,5,100.0
L1 Logistic Regression,exponential_glszm_LargeAreaHighGrayLevelEmphasis,5,100.0
Anova,exponential_glszm_LargeAreaHighGrayLevelEmphasis,2,40.0
Vanilla RF,exponential_glszm_LargeAreaLowGrayLevelEmphasis,5,100.0
Variance,exponential_glszm_LargeAreaLowGrayLevelEmphasis,5,100.0
Mutual Information,exponential_glszm_LargeAreaLowGrayLevelEmphasis,5,100.0
L1 Logistic Regression,exponential_glszm_LargeAreaLowGrayLevelEmphasis,5,100.0
Anova,exponential_glszm_LargeAreaLowGrayLevelEmphasis,2,40.0
Vanilla RF,exponential_glszm_LowGrayLevelZoneEmphasis,5,100.0
Anova,exponential_glszm_LowGrayLevelZoneEmphasis,1,20.0
Vanilla RF,exponential_glszm_SizeZoneNonUniformity,5,100.0
Anova,exponential_glszm_SizeZoneNonUniformity,1,20.0
Vanilla RF,exponential_glszm_SizeZoneNonUniformityNormalized,5,100.0
Variance,exponential_glszm_SizeZoneNonUniformityNormalized,5,100.0
L1 Logistic Regression,exponential_glszm_SizeZoneNonUniformityNormalized,5,100.0
DyGraFS,exponential_glszm_SizeZoneNonUniformityNormalized,1,20.0
Anova,exponential_glszm_SizeZoneNonUniformityNormalized,1,20.0
RFE (SVM),exponential_glszm_SizeZoneNonUniformityNormalized,1,20.0
Vanilla RF,exponential_glszm_SmallAreaEmphasis,5,100.0
Mutual Information,exponential_glszm_SmallAreaEmphasis,5,100.0
Variance,exponential_glszm_SmallAreaEmphasis,4,80.0
L1 Logistic Regression,exponential_glszm_SmallAreaEmphasis,4,80.0
DyGraFS,exponential_glszm_SmallAreaEmphasis,3,60.0
Anova,exponential_glszm_SmallAreaEmphasis,1,20.0
Vanilla RF,exponential_glszm_SmallAreaHighGrayLevelEmphasis,5,100.0
Mutual Information,exponential_glszm_SmallAreaHighGrayLevelEmphasis,5,100.0
Variance,exponential_glszm_SmallAreaHighGrayLevelEmphasis,4,80.0
L1 Logistic Regression,exponential_glszm_SmallAreaHighGrayLevelEmphasis,4,80.0
Anova,exponential_glszm_SmallAreaHighGrayLevelEmphasis,1,20.0
Vanilla RF,exponential_glszm_SmallAreaLowGrayLevelEmphasis,5,100.0
Mutual Information,exponential_glszm_SmallAreaLowGrayLevelEmphasis,5,100.0
Variance,exponential_glszm_SmallAreaLowGrayLevelEmphasis,4,80.0
L1 Logistic Regression,exponential_glszm_SmallAreaLowGrayLevelEmphasis,4,80.0
Anova,exponential_glszm_SmallAreaLowGrayLevelEmphasis,1,20.0
Vanilla RF,exponential_glszm_ZoneEntropy,5,100.0
Variance,exponential_glszm_ZoneEntropy,5,100.0
L1 Logistic Regression,exponential_glszm_ZoneEntropy,4,80.0
DyGraFS,exponential_glszm_ZoneEntropy,2,40.0
Anova,exponential_glszm_ZoneEntropy,1,20.0
Vanilla RF,exponential_glszm_ZonePercentage,5,100.0
Mutual Information,exponential_glszm_ZonePercentage,5,100.0
L1 Logistic Regression,exponential_glszm_ZonePercentage,4,80.0
Anova,exponential_glszm_ZonePercentage,3,60.0
RFE (SVM),exponential_glszm_ZonePercentage,1,20.0
Vanilla RF,exponential_glszm_ZoneVariance,5,100.0
Variance,exponential_glszm_ZoneVariance,5,100.0
L1 Logistic Regression,exponential_glszm_ZoneVariance,5,100.0
DyGraFS,exponential_glszm_ZoneVariance,1,20.0
Anova,exponential_glszm_ZoneVariance,1,20.0
Mutual Information,exponential_glszm_ZoneVariance,1,20.0
RFE (SVM),exponential_glszm_ZoneVariance,1,20.0
Vanilla RF,exponential_ngtdm_Busyness,5,100.0
Anova,exponential_ngtdm_Busyness,1,20.0
Mutual Information,exponential_ngtdm_Busyness,1,20.0
Vanilla RF,exponential_ngtdm_Coarseness,5,100.0
Anova,exponential_ngtdm_Coarseness,1,20.0
Mutual Information,exponential_ngtdm_Coarseness,1,20.0
Vanilla RF,exponential_ngtdm_Complexity,5,100.0
Anova,exponential_ngtdm_Complexity,1,20.0
Vanilla RF,exponential_ngtdm_Contrast,5,100.0
Anova,exponential_ngtdm_Contrast,1,20.0
Vanilla RF,exponential_ngtdm_Strength,5,100.0
Anova,exponential_ngtdm_Strength,1,20.0
Vanilla RF,gradient_firstorder_10Percentile,5,100.0
Variance,gradient_firstorder_10Percentile,4,80.0
Anova,gradient_firstorder_10Percentile,4,80.0
L1 Logistic Regression,gradient_firstorder_10Percentile,4,80.0
Mutual Information,gradient_firstorder_10Percentile,2,40.0
DyGraFS,gradient_firstorder_10Percentile,1,20.0
Vanilla RF,gradient_firstorder_90Percentile,5,100.0
Variance,gradient_firstorder_90Percentile,5,100.0
Anova,gradient_firstorder_90Percentile,4,80.0
L1 Logistic Regression,gradient_firstorder_90Percentile,4,80.0
Mutual Information,gradient_firstorder_90Percentile,2,40.0
Boruta,gradient_firstorder_90Percentile,1,20.0
Vanilla RF,gradient_firstorder_Energy,5,100.0
Variance,gradient_firstorder_Energy,5,100.0
L1 Logistic Regression,gradient_firstorder_Energy,4,80.0
Anova,gradient_firstorder_Energy,3,60.0
Mutual Information,gradient_firstorder_Energy,3,60.0
DyGraFS,gradient_firstorder_Energy,2,40.0
RFE (SVM),gradient_firstorder_Energy,1,20.0
Vanilla RF,gradient_firstorder_Entropy,5,100.0
Anova,gradient_firstorder_Entropy,3,60.0
Mutual Information,gradient_firstorder_Entropy,1,20.0
Vanilla RF,gradient_firstorder_InterquartileRange,5,100.0
Variance,gradient_firstorder_InterquartileRange,5,100.0
Anova,gradient_firstorder_InterquartileRange,5,100.0
L1 Logistic Regression,gradient_firstorder_InterquartileRange,5,100.0
Mutual Information,gradient_firstorder_InterquartileRange,2,40.0
RFE (SVM),gradient_firstorder_InterquartileRange,2,40.0
Vanilla RF,gradient_firstorder_Kurtosis,5,100.0
Variance,gradient_firstorder_Kurtosis,5,100.0
Mutual Information,gradient_firstorder_Kurtosis,5,100.0
Boruta,gradient_firstorder_Kurtosis,5,100.0
L1 Logistic Regression,gradient_firstorder_Kurtosis,4,80.0
RFE (SVM),gradient_firstorder_Kurtosis,2,40.0
DyGraFS,gradient_firstorder_Kurtosis,1,20.0
Anova,gradient_firstorder_Kurtosis,1,20.0
Vanilla RF,gradient_firstorder_Maximum,5,100.0
Variance,gradient_firstorder_Maximum,5,100.0
L1 Logistic Regression,gradient_firstorder_Maximum,4,80.0
DyGraFS,gradient_firstorder_Maximum,3,60.0
Mutual Information,gradient_firstorder_Maximum,2,40.0
RFE (SVM),gradient_firstorder_Maximum,2,40.0
Anova,gradient_firstorder_Maximum,1,20.0
Vanilla RF,gradient_firstorder_Mean,5,100.0
Variance,gradient_firstorder_Mean,5,100.0
Anova,gradient_firstorder_Mean,5,100.0
Mutual Information,gradient_firstorder_Mean,5,100.0
L1 Logistic Regression,gradient_firstorder_Mean,5,100.0
Boruta,gradient_firstorder_Mean,4,80.0
DyGraFS,gradient_firstorder_Mean,1,20.0
Vanilla RF,gradient_firstorder_MeanAbsoluteDeviation,5,100.0
Variance,gradient_firstorder_MeanAbsoluteDeviation,4,80.0
L1 Logistic Regression,gradient_firstorder_MeanAbsoluteDeviation,4,80.0
Anova,gradient_firstorder_MeanAbsoluteDeviation,3,60.0
RFE (SVM),gradient_firstorder_MeanAbsoluteDeviation,3,60.0
Mutual Information,gradient_firstorder_MeanAbsoluteDeviation,2,40.0
DyGraFS,gradient_firstorder_MeanAbsoluteDeviation,1,20.0
Vanilla RF,gradient_firstorder_Median,5,100.0
Variance,gradient_firstorder_Median,5,100.0
Anova,gradient_firstorder_Median,5,100.0
Mutual Information,gradient_firstorder_Median,5,100.0
L1 Logistic Regression,gradient_firstorder_Median,5,100.0
Boruta,gradient_firstorder_Median,4,80.0
RFE (SVM),gradient_firstorder_Median,1,20.0
Vanilla RF,gradient_firstorder_Minimum,5,100.0
L1 Logistic Regression,gradient_firstorder_Minimum,4,80.0
Variance,gradient_firstorder_Minimum,3,60.0
Anova,gradient_firstorder_Minimum,3,60.0
Mutual Information,gradient_firstorder_Minimum,2,40.0
RFE (SVM),gradient_firstorder_Minimum,1,20.0
Vanilla RF,gradient_firstorder_Range,5,100.0
Variance,gradient_firstorder_Range,5,100.0
L1 Logistic Regression,gradient_firstorder_Range,4,80.0
RFE (SVM),gradient_firstorder_Range,2,40.0
Anova,gradient_firstorder_Range,1,20.0
Mutual Information,gradient_firstorder_Range,1,20.0
Vanilla RF,gradient_firstorder_RobustMeanAbsoluteDeviation,5,100.0
Variance,gradient_firstorder_RobustMeanAbsoluteDeviation,4,80.0
Anova,gradient_firstorder_RobustMeanAbsoluteDeviation,4,80.0
L1 Logistic Regression,gradient_firstorder_RobustMeanAbsoluteDeviation,4,80.0
DyGraFS,gradient_firstorder_RobustMeanAbsoluteDeviation,2,40.0
Mutual Information,gradient_firstorder_RobustMeanAbsoluteDeviation,2,40.0
RFE (SVM),gradient_firstorder_RobustMeanAbsoluteDeviation,1,20.0
Vanilla RF,gradient_firstorder_RootMeanSquared,5,100.0
Variance,gradient_firstorder_RootMeanSquared,5,100.0
Anova,gradient_firstorder_RootMeanSquared,5,100.0
L1 Logistic Regression,gradient_firstorder_RootMeanSquared,4,80.0
Mutual Information,gradient_firstorder_RootMeanSquared,3,60.0
Boruta,gradient_firstorder_RootMeanSquared,2,40.0
Vanilla RF,gradient_firstorder_Skewness,5,100.0
Variance,gradient_firstorder_Skewness,5,100.0
Mutual Information,gradient_firstorder_Skewness,5,100.0
Boruta,gradient_firstorder_Skewness,5,100.0
Anova,gradient_firstorder_Skewness,4,80.0
L1 Logistic Regression,gradient_firstorder_Skewness,4,80.0
DyGraFS,gradient_firstorder_Skewness,2,40.0
Vanilla RF,gradient_firstorder_TotalEnergy,5,100.0
Variance,gradient_firstorder_TotalEnergy,5,100.0
L1 Logistic Regression,gradient_firstorder_TotalEnergy,4,80.0
Anova,gradient_firstorder_TotalEnergy,3,60.0
Mutual Information,gradient_firstorder_TotalEnergy,3,60.0
RFE (SVM),gradient_firstorder_TotalEnergy,2,40.0
Vanilla RF,gradient_firstorder_Uniformity,5,100.0
Anova,gradient_firstorder_Uniformity,1,20.0
Vanilla RF,gradient_firstorder_Variance,5,100.0
Variance,gradient_firstorder_Variance,4,80.0
L1 Logistic Regression,gradient_firstorder_Variance,4,80.0
RFE (SVM),gradient_firstorder_Variance,4,80.0
Anova,gradient_firstorder_Variance,3,60.0
Mutual Information,gradient_firstorder_Variance,2,40.0
Vanilla RF,gradient_glcm_Autocorrelation,5,100.0
Anova,gradient_glcm_Autocorrelation,1,20.0
Vanilla RF,gradient_glcm_ClusterProminence,5,100.0
Mutual Information,gradient_glcm_ClusterProminence,2,40.0
Anova,gradient_glcm_ClusterProminence,1,20.0
Vanilla RF,gradient_glcm_ClusterShade,5,100.0
Anova,gradient_glcm_ClusterShade,1,20.0
Vanilla RF,gradient_glcm_ClusterTendency,5,100.0
Anova,gradient_glcm_ClusterTendency,1,20.0
Vanilla RF,gradient_glcm_Contrast,5,100.0
Anova,gradient_glcm_Contrast,1,20.0
Vanilla RF,gradient_glcm_Correlation,5,100.0
Anova,gradient_glcm_Correlation,1,20.0
Vanilla RF,gradient_glcm_DifferenceAverage,5,100.0
Anova,gradient_glcm_DifferenceAverage,1,20.0
Mutual Information,gradient_glcm_DifferenceAverage,1,20.0
Vanilla RF,gradient_glcm_DifferenceEntropy,5,100.0
Anova,gradient_glcm_DifferenceEntropy,3,60.0
Vanilla RF,gradient_glcm_DifferenceVariance,5,100.0
Anova,gradient_glcm_DifferenceVariance,1,20.0
Vanilla RF,gradient_glcm_Id,5,100.0
Anova,gradient_glcm_Id,1,20.0
Mutual Information,gradient_glcm_Id,1,20.0
Vanilla RF,gradient_glcm_Idm,5,100.0
Anova,gradient_glcm_Idm,1,20.0
Vanilla RF,gradient_glcm_Idmn,5,100.0
Anova,gradient_glcm_Idmn,1,20.0
Mutual Information,gradient_glcm_Idmn,1,20.0
Vanilla RF,gradient_glcm_Idn,5,100.0
Anova,gradient_glcm_Idn,1,20.0
Vanilla RF,gradient_glcm_Imc1,5,100.0
Anova,gradient_glcm_Imc1,1,20.0
Vanilla RF,gradient_glcm_Imc2,5,100.0
Anova,gradient_glcm_Imc2,1,20.0
Vanilla RF,gradient_glcm_InverseVariance,5,100.0
Anova,gradient_glcm_InverseVariance,1,20.0
Mutual Information,gradient_glcm_InverseVariance,1,20.0
Vanilla RF,gradient_glcm_JointAverage,5,100.0
Anova,gradient_glcm_JointAverage,1,20.0
Vanilla RF,gradient_glcm_JointEnergy,5,100.0
Anova,gradient_glcm_JointEnergy,1,20.0
Mutual Information,gradient_glcm_JointEnergy,1,20.0
Vanilla RF,gradient_glcm_JointEntropy,5,100.0
Anova,gradient_glcm_JointEntropy,3,60.0
Vanilla RF,gradient_glcm_MCC,5,100.0
Anova,gradient_glcm_MCC,1,20.0
Mutual Information,gradient_glcm_MCC,1,20.0
Vanilla RF,gradient_glcm_MaximumProbability,5,100.0
Anova,gradient_glcm_MaximumProbability,1,20.0
Mutual Information,gradient_glcm_MaximumProbability,1,20.0
Vanilla RF,gradient_glcm_SumAverage,5,100.0
Anova,gradient_glcm_SumAverage,1,20.0
Mutual Information,gradient_glcm_SumAverage,1,20.0
Vanilla RF,gradient_glcm_SumEntropy,5,100.0
Anova,gradient_glcm_SumEntropy,3,60.0
Mutual Information,gradient_glcm_SumEntropy,1,20.0
Vanilla RF,gradient_glcm_SumSquares,5,100.0
Anova,gradient_glcm_SumSquares,1,20.0
Mutual Information,gradient_glcm_SumSquares,1,20.0
Vanilla RF,gradient_gldm_DependenceEntropy,5,100.0
Variance,gradient_gldm_DependenceEntropy,5,100.0
Anova,gradient_gldm_DependenceEntropy,5,100.0
L1 Logistic Regression,gradient_gldm_DependenceEntropy,4,80.0
Mutual Information,gradient_gldm_DependenceEntropy,2,40.0
RFE (SVM),gradient_gldm_DependenceEntropy,1,20.0
Vanilla RF,gradient_gldm_DependenceNonUniformity,5,100.0
Variance,gradient_gldm_DependenceNonUniformity,5,100.0
Mutual Information,gradient_gldm_DependenceNonUniformity,5,100.0
L1 Logistic Regression,gradient_gldm_DependenceNonUniformity,4,80.0
Anova,gradient_gldm_DependenceNonUniformity,3,60.0
RFE (SVM),gradient_gldm_DependenceNonUniformity,1,20.0
Vanilla RF,gradient_gldm_DependenceNonUniformityNormalized,5,100.0
Variance,gradient_gldm_DependenceNonUniformityNormalized,5,100.0
Anova,gradient_gldm_DependenceNonUniformityNormalized,5,100.0
Mutual Information,gradient_gldm_DependenceNonUniformityNormalized,3,60.0
L1 Logistic Regression,gradient_gldm_DependenceNonUniformityNormalized,3,60.0
Vanilla RF,gradient_gldm_DependenceVariance,5,100.0
Variance,gradient_gldm_DependenceVariance,5,100.0
L1 Logistic Regression,gradient_gldm_DependenceVariance,4,80.0
Anova,gradient_gldm_DependenceVariance,3,60.0
Mutual Information,gradient_gldm_DependenceVariance,2,40.0
RFE (SVM),gradient_gldm_DependenceVariance,1,20.0
Vanilla RF,gradient_gldm_GrayLevelNonUniformity,5,100.0
Variance,gradient_gldm_GrayLevelNonUniformity,5,100.0
Mutual Information,gradient_gldm_GrayLevelNonUniformity,5,100.0
Anova,gradient_gldm_GrayLevelNonUniformity,4,80.0
L1 Logistic Regression,gradient_gldm_GrayLevelNonUniformity,4,80.0
Vanilla RF,gradient_gldm_GrayLevelVariance,5,100.0
Anova,gradient_gldm_GrayLevelVariance,1,20.0
Mutual Information,gradient_gldm_GrayLevelVariance,1,20.0
Vanilla RF,gradient_gldm_HighGrayLevelEmphasis,5,100.0
Anova,gradient_gldm_HighGrayLevelEmphasis,1,20.0
Mutual Information,gradient_gldm_HighGrayLevelEmphasis,1,20.0
Vanilla RF,gradient_gldm_LargeDependenceEmphasis,5,100.0
Variance,gradient_gldm_LargeDependenceEmphasis,5,100.0
Anova,gradient_gldm_LargeDependenceEmphasis,5,100.0
Mutual Information,gradient_gldm_LargeDependenceEmphasis,5,100.0
L1 Logistic Regression,gradient_gldm_LargeDependenceEmphasis,4,80.0
Vanilla RF,gradient_gldm_LargeDependenceHighGrayLevelEmphasis,5,100.0
Variance,gradient_gldm_LargeDependenceHighGrayLevelEmphasis,5,100.0
Anova,gradient_gldm_LargeDependenceHighGrayLevelEmphasis,5,100.0
Mutual Information,gradient_gldm_LargeDependenceHighGrayLevelEmphasis,5,100.0
L1 Logistic Regression,gradient_gldm_LargeDependenceHighGrayLevelEmphasis,4,80.0
Vanilla RF,gradient_gldm_LargeDependenceLowGrayLevelEmphasis,5,100.0
Variance,gradient_gldm_LargeDependenceLowGrayLevelEmphasis,5,100.0
Anova,gradient_gldm_LargeDependenceLowGrayLevelEmphasis,5,100.0
Mutual Information,gradient_gldm_LargeDependenceLowGrayLevelEmphasis,5,100.0
L1 Logistic Regression,gradient_gldm_LargeDependenceLowGrayLevelEmphasis,4,80.0
Vanilla RF,gradient_gldm_LowGrayLevelEmphasis,5,100.0
Anova,gradient_gldm_LowGrayLevelEmphasis,1,20.0
Mutual Information,gradient_gldm_LowGrayLevelEmphasis,1,20.0
Vanilla RF,gradient_gldm_SmallDependenceEmphasis,5,100.0
L1 Logistic Regression,gradient_gldm_SmallDependenceEmphasis,4,80.0
Anova,gradient_gldm_SmallDependenceEmphasis,3,60.0
Mutual Information,gradient_gldm_SmallDependenceEmphasis,2,40.0
Vanilla RF,gradient_gldm_SmallDependenceHighGrayLevelEmphasis,5,100.0
L1 Logistic Regression,gradient_gldm_SmallDependenceHighGrayLevelEmphasis,4,80.0
Anova,gradient_gldm_SmallDependenceHighGrayLevelEmphasis,3,60.0
Mutual Information,gradient_gldm_SmallDependenceHighGrayLevelEmphasis,2,40.0
Vanilla RF,gradient_gldm_SmallDependenceLowGrayLevelEmphasis,5,100.0
L1 Logistic Regression,gradient_gldm_SmallDependenceLowGrayLevelEmphasis,4,80.0
Anova,gradient_gldm_SmallDependenceLowGrayLevelEmphasis,3,60.0
Mutual Information,gradient_gldm_SmallDependenceLowGrayLevelEmphasis,2,40.0
Vanilla RF,gradient_glrlm_GrayLevelNonUniformity,5,100.0
Variance,gradient_glrlm_GrayLevelNonUniformity,5,100.0
Mutual Information,gradient_glrlm_GrayLevelNonUniformity,5,100.0
Anova,gradient_glrlm_GrayLevelNonUniformity,4,80.0
L1 Logistic Regression,gradient_glrlm_GrayLevelNonUniformity,4,80.0
Boruta,gradient_glrlm_GrayLevelNonUniformity,2,40.0
Vanilla RF,gradient_glrlm_GrayLevelNonUniformityNormalized,5,100.0
Anova,gradient_glrlm_GrayLevelNonUniformityNormalized,1,20.0
Mutual Information,gradient_glrlm_GrayLevelNonUniformityNormalized,1,20.0
Vanilla RF,gradient_glrlm_GrayLevelVariance,5,100.0
Anova,gradient_glrlm_GrayLevelVariance,1,20.0
Vanilla RF,gradient_glrlm_HighGrayLevelRunEmphasis,5,100.0
Anova,gradient_glrlm_HighGrayLevelRunEmphasis,1,20.0
Vanilla RF,gradient_glrlm_LongRunEmphasis,5,100.0
Variance,gradient_glrlm_LongRunEmphasis,5,100.0
Mutual Information,gradient_glrlm_LongRunEmphasis,5,100.0
Anova,gradient_glrlm_LongRunEmphasis,4,80.0
L1 Logistic Regression,gradient_glrlm_LongRunEmphasis,4,80.0
RFE (SVM),gradient_glrlm_LongRunEmphasis,1,20.0
Vanilla RF,gradient_glrlm_LongRunHighGrayLevelEmphasis,5,100.0
Variance,gradient_glrlm_LongRunHighGrayLevelEmphasis,5,100.0
Mutual Information,gradient_glrlm_LongRunHighGrayLevelEmphasis,5,100.0
Anova,gradient_glrlm_LongRunHighGrayLevelEmphasis,4,80.0
L1 Logistic Regression,gradient_glrlm_LongRunHighGrayLevelEmphasis,4,80.0
RFE (SVM),gradient_glrlm_LongRunHighGrayLevelEmphasis,1,20.0
Vanilla RF,gradient_glrlm_LongRunLowGrayLevelEmphasis,5,100.0
Variance,gradient_glrlm_LongRunLowGrayLevelEmphasis,5,100.0
Mutual Information,gradient_glrlm_LongRunLowGrayLevelEmphasis,5,100.0
Anova,gradient_glrlm_LongRunLowGrayLevelEmphasis,4,80.0
L1 Logistic Regression,gradient_glrlm_LongRunLowGrayLevelEmphasis,4,80.0
Vanilla RF,gradient_glrlm_LowGrayLevelRunEmphasis,5,100.0
Anova,gradient_glrlm_LowGrayLevelRunEmphasis,1,20.0
Mutual Information,gradient_glrlm_LowGrayLevelRunEmphasis,1,20.0
Vanilla RF,gradient_glrlm_RunEntropy,5,100.0
Variance,gradient_glrlm_RunEntropy,5,100.0
Anova,gradient_glrlm_RunEntropy,5,100.0
Mutual Information,gradient_glrlm_RunEntropy,5,100.0
L1 Logistic Regression,gradient_glrlm_RunEntropy,4,80.0
DyGraFS,gradient_glrlm_RunEntropy,1,20.0
RFE (SVM),gradient_glrlm_RunEntropy,1,20.0
Vanilla RF,gradient_glrlm_RunLengthNonUniformity,5,100.0
Variance,gradient_glrlm_RunLengthNonUniformity,5,100.0
Mutual Information,gradient_glrlm_RunLengthNonUniformity,5,100.0
Boruta,gradient_glrlm_RunLengthNonUniformity,5,100.0
Anova,gradient_glrlm_RunLengthNonUniformity,4,80.0
L1 Logistic Regression,gradient_glrlm_RunLengthNonUniformity,4,80.0
RFE (SVM),gradient_glrlm_RunLengthNonUniformity,1,20.0
Vanilla RF,gradient_glrlm_RunLengthNonUniformityNormalized,5,100.0
Variance,gradient_glrlm_RunLengthNonUniformityNormalized,4,80.0
L1 Logistic Regression,gradient_glrlm_RunLengthNonUniformityNormalized,4,80.0
Anova,gradient_glrlm_RunLengthNonUniformityNormalized,3,60.0
Mutual Information,gradient_glrlm_RunLengthNonUniformityNormalized,2,40.0
Vanilla RF,gradient_glrlm_RunPercentage,5,100.0
Variance,gradient_glrlm_RunPercentage,4,80.0
Anova,gradient_glrlm_RunPercentage,4,80.0
L1 Logistic Regression,gradient_glrlm_RunPercentage,4,80.0
Mutual Information,gradient_glrlm_RunPercentage,3,60.0
Vanilla RF,gradient_glrlm_RunVariance,5,100.0
Variance,gradient_glrlm_RunVariance,5,100.0
Anova,gradient_glrlm_RunVariance,5,100.0
Mutual Information,gradient_glrlm_RunVariance,5,100.0
L1 Logistic Regression,gradient_glrlm_RunVariance,4,80.0
RFE (SVM),gradient_glrlm_RunVariance,2,40.0
Vanilla RF,gradient_glrlm_ShortRunEmphasis,5,100.0
Variance,gradient_glrlm_ShortRunEmphasis,4,80.0
L1 Logistic Regression,gradient_glrlm_ShortRunEmphasis,4,80.0
Anova,gradient_glrlm_ShortRunEmphasis,1,20.0
RFE (SVM),gradient_glrlm_ShortRunEmphasis,1,20.0
Vanilla RF,gradient_glrlm_ShortRunHighGrayLevelEmphasis,5,100.0
Variance,gradient_glrlm_ShortRunHighGrayLevelEmphasis,4,80.0
L1 Logistic Regression,gradient_glrlm_ShortRunHighGrayLevelEmphasis,4,80.0
DyGraFS,gradient_glrlm_ShortRunHighGrayLevelEmphasis,2,40.0
Anova,gradient_glrlm_ShortRunHighGrayLevelEmphasis,1,20.0
RFE (SVM),gradient_glrlm_ShortRunHighGrayLevelEmphasis,1,20.0
Vanilla RF,gradient_glrlm_ShortRunLowGrayLevelEmphasis,5,100.0
Variance,gradient_glrlm_ShortRunLowGrayLevelEmphasis,4,80.0
L1 Logistic Regression,gradient_glrlm_ShortRunLowGrayLevelEmphasis,4,80.0
Anova,gradient_glrlm_ShortRunLowGrayLevelEmphasis,1,20.0
RFE (SVM),gradient_glrlm_ShortRunLowGrayLevelEmphasis,1,20.0
Vanilla RF,gradient_glszm_GrayLevelNonUniformity,5,100.0
Variance,gradient_glszm_GrayLevelNonUniformity,5,100.0
L1 Logistic Regression,gradient_glszm_GrayLevelNonUniformity,4,80.0
Anova,gradient_glszm_GrayLevelNonUniformity,1,20.0
Mutual Information,gradient_glszm_GrayLevelNonUniformity,1,20.0
RFE (SVM),gradient_glszm_GrayLevelNonUniformity,1,20.0
Vanilla RF,gradient_glszm_GrayLevelNonUniformityNormalized,5,100.0
Anova,gradient_glszm_GrayLevelNonUniformityNormalized,1,20.0
Vanilla RF,gradient_glszm_GrayLevelVariance,5,100.0
Anova,gradient_glszm_GrayLevelVariance,1,20.0
Mutual Information,gradient_glszm_GrayLevelVariance,1,20.0
Vanilla RF,gradient_glszm_HighGrayLevelZoneEmphasis,5,100.0
Anova,gradient_glszm_HighGrayLevelZoneEmphasis,1,20.0
Mutual Information,gradient_glszm_HighGrayLevelZoneEmphasis,1,20.0
Vanilla RF,gradient_glszm_LargeAreaEmphasis,5,100.0
Variance,gradient_glszm_LargeAreaEmphasis,5,100.0
Mutual Information,gradient_glszm_LargeAreaEmphasis,5,100.0
L1 Logistic Regression,gradient_glszm_LargeAreaEmphasis,5,100.0
Anova,gradient_glszm_LargeAreaEmphasis,2,40.0
Vanilla RF,gradient_glszm_LargeAreaHighGrayLevelEmphasis,5,100.0
Variance,gradient_glszm_LargeAreaHighGrayLevelEmphasis,5,100.0
Mutual Information,gradient_glszm_LargeAreaHighGrayLevelEmphasis,5,100.0
L1 Logistic Regression,gradient_glszm_LargeAreaHighGrayLevelEmphasis,5,100.0
Anova,gradient_glszm_LargeAreaHighGrayLevelEmphasis,2,40.0
RFE (SVM),gradient_glszm_LargeAreaHighGrayLevelEmphasis,1,20.0
Vanilla RF,gradient_glszm_LargeAreaLowGrayLevelEmphasis,5,100.0
Variance,gradient_glszm_LargeAreaLowGrayLevelEmphasis,5,100.0
Mutual Information,gradient_glszm_LargeAreaLowGrayLevelEmphasis,5,100.0
L1 Logistic Regression,gradient_glszm_LargeAreaLowGrayLevelEmphasis,5,100.0
Anova,gradient_glszm_LargeAreaLowGrayLevelEmphasis,2,40.0
Vanilla RF,gradient_glszm_LowGrayLevelZoneEmphasis,5,100.0
Mutual Information,gradient_glszm_LowGrayLevelZoneEmphasis,2,40.0
Anova,gradient_glszm_LowGrayLevelZoneEmphasis,1,20.0
Vanilla RF,gradient_glszm_SizeZoneNonUniformity,5,100.0
Anova,gradient_glszm_SizeZoneNonUniformity,1,20.0
Vanilla RF,gradient_glszm_SizeZoneNonUniformityNormalized,5,100.0
Variance,gradient_glszm_SizeZoneNonUniformityNormalized,5,100.0
L1 Logistic Regression,gradient_glszm_SizeZoneNonUniformityNormalized,5,100.0
RFE (SVM),gradient_glszm_SizeZoneNonUniformityNormalized,2,40.0
Anova,gradient_glszm_SizeZoneNonUniformityNormalized,1,20.0
Vanilla RF,gradient_glszm_SmallAreaEmphasis,5,100.0
Mutual Information,gradient_glszm_SmallAreaEmphasis,5,100.0
Variance,gradient_glszm_SmallAreaEmphasis,4,80.0
L1 Logistic Regression,gradient_glszm_SmallAreaEmphasis,4,80.0
Anova,gradient_glszm_SmallAreaEmphasis,1,20.0
Vanilla RF,gradient_glszm_SmallAreaHighGrayLevelEmphasis,5,100.0
Mutual Information,gradient_glszm_SmallAreaHighGrayLevelEmphasis,5,100.0
Variance,gradient_glszm_SmallAreaHighGrayLevelEmphasis,4,80.0
L1 Logistic Regression,gradient_glszm_SmallAreaHighGrayLevelEmphasis,4,80.0
Anova,gradient_glszm_SmallAreaHighGrayLevelEmphasis,1,20.0
Vanilla RF,gradient_glszm_SmallAreaLowGrayLevelEmphasis,5,100.0
Mutual Information,gradient_glszm_SmallAreaLowGrayLevelEmphasis,5,100.0
Variance,gradient_glszm_SmallAreaLowGrayLevelEmphasis,4,80.0
L1 Logistic Regression,gradient_glszm_SmallAreaLowGrayLevelEmphasis,4,80.0
DyGraFS,gradient_glszm_SmallAreaLowGrayLevelEmphasis,2,40.0
GFSIR,gradient_glszm_SmallAreaLowGrayLevelEmphasis,2,40.0
Anova,gradient_glszm_SmallAreaLowGrayLevelEmphasis,1,20.0
RFE (SVM),gradient_glszm_SmallAreaLowGrayLevelEmphasis,1,20.0
Vanilla RF,gradient_glszm_ZoneEntropy,5,100.0
Variance,gradient_glszm_ZoneEntropy,5,100.0
L1 Logistic Regression,gradient_glszm_ZoneEntropy,4,80.0
Anova,gradient_glszm_ZoneEntropy,1,20.0
Vanilla RF,gradient_glszm_ZonePercentage,5,100.0
Mutual Information,gradient_glszm_ZonePercentage,5,100.0
L1 Logistic Regression,gradient_glszm_ZonePercentage,4,80.0
Anova,gradient_glszm_ZonePercentage,3,60.0
RFE (SVM),gradient_glszm_ZonePercentage,1,20.0
Vanilla RF,gradient_glszm_ZoneVariance,5,100.0
Variance,gradient_glszm_ZoneVariance,5,100.0
L1 Logistic Regression,gradient_glszm_ZoneVariance,5,100.0
Anova,gradient_glszm_ZoneVariance,1,20.0
Mutual Information,gradient_glszm_ZoneVariance,1,20.0
RFE (SVM),gradient_glszm_ZoneVariance,1,20.0
Vanilla RF,gradient_ngtdm_Busyness,5,100.0
Anova,gradient_ngtdm_Busyness,1,20.0
Vanilla RF,gradient_ngtdm_Coarseness,5,100.0
Anova,gradient_ngtdm_Coarseness,1,20.0
Vanilla RF,gradient_ngtdm_Complexity,5,100.0
Anova,gradient_ngtdm_Complexity,1,20.0
Mutual Information,gradient_ngtdm_Complexity,1,20.0
Vanilla RF,gradient_ngtdm_Contrast,5,100.0
Anova,gradient_ngtdm_Contrast,1,20.0
Mutual Information,gradient_ngtdm_Contrast,1,20.0
Vanilla RF,gradient_ngtdm_Strength,5,100.0
Anova,gradient_ngtdm_Strength,1,20.0
Vanilla RF,lbp-2D_firstorder_10Percentile,5,100.0
Variance,lbp-2D_firstorder_10Percentile,5,100.0
L1 Logistic Regression,lbp-2D_firstorder_10Percentile,4,80.0
RFE (SVM),lbp-2D_firstorder_10Percentile,4,80.0
DyGraFS,lbp-2D_firstorder_10Percentile,3,60.0
Mutual Information,lbp-2D_firstorder_10Percentile,2,40.0
Anova,lbp-2D_firstorder_10Percentile,1,20.0
Vanilla RF,lbp-2D_firstorder_90Percentile,5,100.0
Variance,lbp-2D_firstorder_90Percentile,5,100.0
Anova,lbp-2D_firstorder_90Percentile,5,100.0
L1 Logistic Regression,lbp-2D_firstorder_90Percentile,4,80.0
Mutual Information,lbp-2D_firstorder_90Percentile,3,60.0
RFE (SVM),lbp-2D_firstorder_90Percentile,2,40.0
DyGraFS,lbp-2D_firstorder_90Percentile,1,20.0
Vanilla RF,lbp-2D_firstorder_Energy,5,100.0
Variance,lbp-2D_firstorder_Energy,5,100.0
Mutual Information,lbp-2D_firstorder_Energy,5,100.0
Anova,lbp-2D_firstorder_Energy,4,80.0
L1 Logistic Regression,lbp-2D_firstorder_Energy,4,80.0
RFE (SVM),lbp-2D_firstorder_Energy,1,20.0
Boruta,lbp-2D_firstorder_Energy,1,20.0
Vanilla RF,lbp-2D_firstorder_Entropy,5,100.0
Anova,lbp-2D_firstorder_Entropy,3,60.0
Mutual Information,lbp-2D_firstorder_Entropy,1,20.0
Vanilla RF,lbp-2D_firstorder_InterquartileRange,5,100.0
Variance,lbp-2D_firstorder_InterquartileRange,5,100.0
Anova,lbp-2D_firstorder_InterquartileRange,5,100.0
Mutual Information,lbp-2D_firstorder_InterquartileRange,4,80.0
L1 Logistic Regression,lbp-2D_firstorder_InterquartileRange,4,80.0
RFE (SVM),lbp-2D_firstorder_InterquartileRange,3,60.0
Vanilla RF,lbp-2D_firstorder_Kurtosis,5,100.0
Variance,lbp-2D_firstorder_Kurtosis,5,100.0
Anova,lbp-2D_firstorder_Kurtosis,5,100.0
Mutual Information,lbp-2D_firstorder_Kurtosis,3,60.0
L1 Logistic Regression,lbp-2D_firstorder_Kurtosis,3,60.0
DyGraFS,lbp-2D_firstorder_Kurtosis,2,40.0
Boruta,lbp-2D_firstorder_Kurtosis,2,40.0
Vanilla RF,lbp-2D_firstorder_Maximum,5,100.0
Anova,lbp-2D_firstorder_Maximum,1,20.0
Vanilla RF,lbp-2D_firstorder_Mean,5,100.0
Variance,lbp-2D_firstorder_Mean,5,100.0
Anova,lbp-2D_firstorder_Mean,5,100.0
Mutual Information,lbp-2D_firstorder_Mean,5,100.0
Boruta,lbp-2D_firstorder_Mean,5,100.0
L1 Logistic Regression,lbp-2D_firstorder_Mean,3,60.0
Vanilla RF,lbp-2D_firstorder_MeanAbsoluteDeviation,5,100.0
Variance,lbp-2D_firstorder_MeanAbsoluteDeviation,5,100.0
Anova,lbp-2D_firstorder_MeanAbsoluteDeviation,5,100.0
Mutual Information,lbp-2D_firstorder_MeanAbsoluteDeviation,5,100.0
L1 Logistic Regression,lbp-2D_firstorder_MeanAbsoluteDeviation,3,60.0
Boruta,lbp-2D_firstorder_MeanAbsoluteDeviation,2,40.0
Vanilla RF,lbp-2D_firstorder_Median,5,100.0
Variance,lbp-2D_firstorder_Median,5,100.0
L1 Logistic Regression,lbp-2D_firstorder_Median,4,80.0
Anova,lbp-2D_firstorder_Median,3,60.0
DyGraFS,lbp-2D_firstorder_Median,2,40.0
RFE (SVM),lbp-2D_firstorder_Median,2,40.0
Mutual Information,lbp-2D_firstorder_Median,1,20.0
Vanilla RF,lbp-2D_firstorder_Minimum,5,100.0
Anova,lbp-2D_firstorder_Minimum,1,20.0
Vanilla RF,lbp-2D_firstorder_Range,5,100.0
Anova,lbp-2D_firstorder_Range,1,20.0
Mutual Information,lbp-2D_firstorder_Range,1,20.0
Vanilla RF,lbp-2D_firstorder_RobustMeanAbsoluteDeviation,5,100.0
Variance,lbp-2D_firstorder_RobustMeanAbsoluteDeviation,5,100.0
Anova,lbp-2D_firstorder_RobustMeanAbsoluteDeviation,5,100.0
Mutual Information,lbp-2D_firstorder_RobustMeanAbsoluteDeviation,4,80.0
L1 Logistic Regression,lbp-2D_firstorder_RobustMeanAbsoluteDeviation,4,80.0
Boruta,lbp-2D_firstorder_RobustMeanAbsoluteDeviation,4,80.0
RFE (SVM),lbp-2D_firstorder_RobustMeanAbsoluteDeviation,1,20.0
Vanilla RF,lbp-2D_firstorder_RootMeanSquared,5,100.0
Variance,lbp-2D_firstorder_RootMeanSquared,5,100.0
Anova,lbp-2D_firstorder_RootMeanSquared,5,100.0
Mutual Information,lbp-2D_firstorder_RootMeanSquared,4,80.0
Boruta,lbp-2D_firstorder_RootMeanSquared,3,60.0
L1 Logistic Regression,lbp-2D_firstorder_RootMeanSquared,2,40.0
DyGraFS,lbp-2D_firstorder_RootMeanSquared,1,20.0
Vanilla RF,lbp-2D_firstorder_Skewness,5,100.0
Variance,lbp-2D_firstorder_Skewness,5,100.0
Anova,lbp-2D_firstorder_Skewness,5,100.0
Mutual Information,lbp-2D_firstorder_Skewness,5,100.0
L1 Logistic Regression,lbp-2D_firstorder_Skewness,4,80.0
Boruta,lbp-2D_firstorder_Skewness,3,60.0
Vanilla RF,lbp-2D_firstorder_TotalEnergy,5,100.0
Variance,lbp-2D_firstorder_TotalEnergy,5,100.0
Mutual Information,lbp-2D_firstorder_TotalEnergy,5,100.0
Anova,lbp-2D_firstorder_TotalEnergy,4,80.0
L1 Logistic Regression,lbp-2D_firstorder_TotalEnergy,4,80.0
RFE (SVM),lbp-2D_firstorder_TotalEnergy,1,20.0
Boruta,lbp-2D_firstorder_TotalEnergy,1,20.0
Vanilla RF,lbp-2D_firstorder_Uniformity,5,100.0
Anova,lbp-2D_firstorder_Uniformity,1,20.0
Mutual Information,lbp-2D_firstorder_Uniformity,1,20.0
Vanilla RF,lbp-2D_firstorder_Variance,5,100.0
Variance,lbp-2D_firstorder_Variance,5,100.0
Anova,lbp-2D_firstorder_Variance,5,100.0
Mutual Information,lbp-2D_firstorder_Variance,4,80.0
L1 Logistic Regression,lbp-2D_firstorder_Variance,4,80.0
Boruta,lbp-2D_firstorder_Variance,2,40.0
Vanilla RF,lbp-2D_glcm_Autocorrelation,5,100.0
Anova,lbp-2D_glcm_Autocorrelation,1,20.0
Mutual Information,lbp-2D_glcm_Autocorrelation,1,20.0
Vanilla RF,lbp-2D_glcm_ClusterProminence,5,100.0
Anova,lbp-2D_glcm_ClusterProminence,1,20.0
Mutual Information,lbp-2D_glcm_ClusterProminence,1,20.0
Vanilla RF,lbp-2D_glcm_ClusterShade,5,100.0
Anova,lbp-2D_glcm_ClusterShade,1,20.0
Mutual Information,lbp-2D_glcm_ClusterShade,1,20.0
Vanilla RF,lbp-2D_glcm_ClusterTendency,5,100.0
Anova,lbp-2D_glcm_ClusterTendency,1,20.0
Mutual Information,lbp-2D_glcm_ClusterTendency,1,20.0
Vanilla RF,lbp-2D_glcm_Contrast,5,100.0
Anova,lbp-2D_glcm_Contrast,1,20.0
Mutual Information,lbp-2D_glcm_Contrast,1,20.0
Vanilla RF,lbp-2D_glcm_Correlation,5,100.0
Anova,lbp-2D_glcm_Correlation,1,20.0
Vanilla RF,lbp-2D_glcm_DifferenceAverage,5,100.0
Anova,lbp-2D_glcm_DifferenceAverage,1,20.0
Mutual Information,lbp-2D_glcm_DifferenceAverage,1,20.0
Vanilla RF,lbp-2D_glcm_DifferenceEntropy,5,100.0
Anova,lbp-2D_glcm_DifferenceEntropy,3,60.0
Vanilla RF,lbp-2D_glcm_DifferenceVariance,5,100.0
Anova,lbp-2D_glcm_DifferenceVariance,1,20.0
Vanilla RF,lbp-2D_glcm_Id,5,100.0
Anova,lbp-2D_glcm_Id,1,20.0
Vanilla RF,lbp-2D_glcm_Idm,5,100.0
Anova,lbp-2D_glcm_Idm,1,20.0
Mutual Information,lbp-2D_glcm_Idm,1,20.0
Vanilla RF,lbp-2D_glcm_Idmn,5,100.0
Anova,lbp-2D_glcm_Idmn,1,20.0
Vanilla RF,lbp-2D_glcm_Idn,5,100.0
Anova,lbp-2D_glcm_Idn,1,20.0
Vanilla RF,lbp-2D_glcm_Imc1,5,100.0
Anova,lbp-2D_glcm_Imc1,1,20.0
Mutual Information,lbp-2D_glcm_Imc1,1,20.0
Vanilla RF,lbp-2D_glcm_Imc2,5,100.0
Anova,lbp-2D_glcm_Imc2,1,20.0
Mutual Information,lbp-2D_glcm_Imc2,1,20.0
Vanilla RF,lbp-2D_glcm_InverseVariance,5,100.0
Anova,lbp-2D_glcm_InverseVariance,1,20.0
Vanilla RF,lbp-2D_glcm_JointAverage,5,100.0
Anova,lbp-2D_glcm_JointAverage,1,20.0
Vanilla RF,lbp-2D_glcm_JointEnergy,5,100.0
Anova,lbp-2D_glcm_JointEnergy,1,20.0
Mutual Information,lbp-2D_glcm_JointEnergy,1,20.0
Vanilla RF,lbp-2D_glcm_JointEntropy,5,100.0
Anova,lbp-2D_glcm_JointEntropy,3,60.0
Mutual Information,lbp-2D_glcm_JointEntropy,1,20.0
Vanilla RF,lbp-2D_glcm_MCC,5,100.0
Anova,lbp-2D_glcm_MCC,1,20.0
Mutual Information,lbp-2D_glcm_MCC,1,20.0
Vanilla RF,lbp-2D_glcm_MaximumProbability,5,100.0
Anova,lbp-2D_glcm_MaximumProbability,1,20.0
Vanilla RF,lbp-2D_glcm_SumAverage,5,100.0
Anova,lbp-2D_glcm_SumAverage,1,20.0
Vanilla RF,lbp-2D_glcm_SumEntropy,5,100.0
Anova,lbp-2D_glcm_SumEntropy,3,60.0
Vanilla RF,lbp-2D_glcm_SumSquares,5,100.0
Anova,lbp-2D_glcm_SumSquares,1,20.0
Vanilla RF,lbp-2D_gldm_DependenceEntropy,5,100.0
Variance,lbp-2D_gldm_DependenceEntropy,5,100.0
Anova,lbp-2D_gldm_DependenceEntropy,5,100.0
L1 Logistic Regression,lbp-2D_gldm_DependenceEntropy,4,80.0
Mutual Information,lbp-2D_gldm_DependenceEntropy,2,40.0
RFE (SVM),lbp-2D_gldm_DependenceEntropy,1,20.0
Vanilla RF,lbp-2D_gldm_DependenceNonUniformity,5,100.0
Variance,lbp-2D_gldm_DependenceNonUniformity,5,100.0
Mutual Information,lbp-2D_gldm_DependenceNonUniformity,5,100.0
L1 Logistic Regression,lbp-2D_gldm_DependenceNonUniformity,4,80.0
Anova,lbp-2D_gldm_DependenceNonUniformity,3,60.0
RFE (SVM),lbp-2D_gldm_DependenceNonUniformity,1,20.0
Vanilla RF,lbp-2D_gldm_DependenceNonUniformityNormalized,5,100.0
Variance,lbp-2D_gldm_DependenceNonUniformityNormalized,5,100.0
Anova,lbp-2D_gldm_DependenceNonUniformityNormalized,5,100.0
Mutual Information,lbp-2D_gldm_DependenceNonUniformityNormalized,3,60.0
L1 Logistic Regression,lbp-2D_gldm_DependenceNonUniformityNormalized,3,60.0
Vanilla RF,lbp-2D_gldm_DependenceVariance,5,100.0
Variance,lbp-2D_gldm_DependenceVariance,5,100.0
L1 Logistic Regression,lbp-2D_gldm_DependenceVariance,4,80.0
Anova,lbp-2D_gldm_DependenceVariance,3,60.0
Mutual Information,lbp-2D_gldm_DependenceVariance,2,40.0
RFE (SVM),lbp-2D_gldm_DependenceVariance,1,20.0
Vanilla RF,lbp-2D_gldm_GrayLevelNonUniformity,5,100.0
Variance,lbp-2D_gldm_GrayLevelNonUniformity,5,100.0
Mutual Information,lbp-2D_gldm_GrayLevelNonUniformity,5,100.0
Anova,lbp-2D_gldm_GrayLevelNonUniformity,4,80.0
L1 Logistic Regression,lbp-2D_gldm_GrayLevelNonUniformity,4,80.0
Vanilla RF,lbp-2D_gldm_GrayLevelVariance,5,100.0
Anova,lbp-2D_gldm_GrayLevelVariance,1,20.0
Vanilla RF,lbp-2D_gldm_HighGrayLevelEmphasis,5,100.0
Anova,lbp-2D_gldm_HighGrayLevelEmphasis,1,20.0
Vanilla RF,lbp-2D_gldm_LargeDependenceEmphasis,5,100.0
Variance,lbp-2D_gldm_LargeDependenceEmphasis,5,100.0
Anova,lbp-2D_gldm_LargeDependenceEmphasis,5,100.0
Mutual Information,lbp-2D_gldm_LargeDependenceEmphasis,5,100.0
L1 Logistic Regression,lbp-2D_gldm_LargeDependenceEmphasis,4,80.0
Vanilla RF,lbp-2D_gldm_LargeDependenceHighGrayLevelEmphasis,5,100.0
Variance,lbp-2D_gldm_LargeDependenceHighGrayLevelEmphasis,5,100.0
Anova,lbp-2D_gldm_LargeDependenceHighGrayLevelEmphasis,5,100.0
Mutual Information,lbp-2D_gldm_LargeDependenceHighGrayLevelEmphasis,5,100.0
L1 Logistic Regression,lbp-2D_gldm_LargeDependenceHighGrayLevelEmphasis,4,80.0
Vanilla RF,lbp-2D_gldm_LargeDependenceLowGrayLevelEmphasis,5,100.0
Variance,lbp-2D_gldm_LargeDependenceLowGrayLevelEmphasis,5,100.0
Anova,lbp-2D_gldm_LargeDependenceLowGrayLevelEmphasis,5,100.0
Mutual Information,lbp-2D_gldm_LargeDependenceLowGrayLevelEmphasis,5,100.0
L1 Logistic Regression,lbp-2D_gldm_LargeDependenceLowGrayLevelEmphasis,4,80.0
Vanilla RF,lbp-2D_gldm_LowGrayLevelEmphasis,5,100.0
Anova,lbp-2D_gldm_LowGrayLevelEmphasis,1,20.0
Vanilla RF,lbp-2D_gldm_SmallDependenceEmphasis,5,100.0
L1 Logistic Regression,lbp-2D_gldm_SmallDependenceEmphasis,4,80.0
Anova,lbp-2D_gldm_SmallDependenceEmphasis,3,60.0
Mutual Information,lbp-2D_gldm_SmallDependenceEmphasis,2,40.0
Vanilla RF,lbp-2D_gldm_SmallDependenceHighGrayLevelEmphasis,5,100.0
L1 Logistic Regression,lbp-2D_gldm_SmallDependenceHighGrayLevelEmphasis,4,80.0
Anova,lbp-2D_gldm_SmallDependenceHighGrayLevelEmphasis,3,60.0
Mutual Information,lbp-2D_gldm_SmallDependenceHighGrayLevelEmphasis,2,40.0
Vanilla RF,lbp-2D_gldm_SmallDependenceLowGrayLevelEmphasis,5,100.0
L1 Logistic Regression,lbp-2D_gldm_SmallDependenceLowGrayLevelEmphasis,4,80.0
Anova,lbp-2D_gldm_SmallDependenceLowGrayLevelEmphasis,3,60.0
Mutual Information,lbp-2D_gldm_SmallDependenceLowGrayLevelEmphasis,2,40.0
Vanilla RF,lbp-2D_glrlm_GrayLevelNonUniformity,5,100.0
Variance,lbp-2D_glrlm_GrayLevelNonUniformity,5,100.0
Mutual Information,lbp-2D_glrlm_GrayLevelNonUniformity,5,100.0
Anova,lbp-2D_glrlm_GrayLevelNonUniformity,4,80.0
L1 Logistic Regression,lbp-2D_glrlm_GrayLevelNonUniformity,4,80.0
Vanilla RF,lbp-2D_glrlm_GrayLevelNonUniformityNormalized,5,100.0
Anova,lbp-2D_glrlm_GrayLevelNonUniformityNormalized,1,20.0
Mutual Information,lbp-2D_glrlm_GrayLevelNonUniformityNormalized,1,20.0
Vanilla RF,lbp-2D_glrlm_GrayLevelVariance,5,100.0
Anova,lbp-2D_glrlm_GrayLevelVariance,1,20.0
Mutual Information,lbp-2D_glrlm_GrayLevelVariance,1,20.0
Vanilla RF,lbp-2D_glrlm_HighGrayLevelRunEmphasis,5,100.0
Anova,lbp-2D_glrlm_HighGrayLevelRunEmphasis,1,20.0
Mutual Information,lbp-2D_glrlm_HighGrayLevelRunEmphasis,1,20.0
Vanilla RF,lbp-2D_glrlm_LongRunEmphasis,5,100.0
Variance,lbp-2D_glrlm_LongRunEmphasis,5,100.0
Mutual Information,lbp-2D_glrlm_LongRunEmphasis,5,100.0
Anova,lbp-2D_glrlm_LongRunEmphasis,4,80.0
L1 Logistic Regression,lbp-2D_glrlm_LongRunEmphasis,4,80.0
RFE (SVM),lbp-2D_glrlm_LongRunEmphasis,1,20.0
Vanilla RF,lbp-2D_glrlm_LongRunHighGrayLevelEmphasis,5,100.0
Variance,lbp-2D_glrlm_LongRunHighGrayLevelEmphasis,5,100.0
Mutual Information,lbp-2D_glrlm_LongRunHighGrayLevelEmphasis,5,100.0
Anova,lbp-2D_glrlm_LongRunHighGrayLevelEmphasis,4,80.0
L1 Logistic Regression,lbp-2D_glrlm_LongRunHighGrayLevelEmphasis,4,80.0
RFE (SVM),lbp-2D_glrlm_LongRunHighGrayLevelEmphasis,1,20.0
Vanilla RF,lbp-2D_glrlm_LongRunLowGrayLevelEmphasis,5,100.0
Variance,lbp-2D_glrlm_LongRunLowGrayLevelEmphasis,5,100.0
Mutual Information,lbp-2D_glrlm_LongRunLowGrayLevelEmphasis,5,100.0
Anova,lbp-2D_glrlm_LongRunLowGrayLevelEmphasis,4,80.0
L1 Logistic Regression,lbp-2D_glrlm_LongRunLowGrayLevelEmphasis,4,80.0
Vanilla RF,lbp-2D_glrlm_LowGrayLevelRunEmphasis,5,100.0
Anova,lbp-2D_glrlm_LowGrayLevelRunEmphasis,1,20.0
Mutual Information,lbp-2D_glrlm_LowGrayLevelRunEmphasis,1,20.0
Vanilla RF,lbp-2D_glrlm_RunEntropy,5,100.0
Variance,lbp-2D_glrlm_RunEntropy,5,100.0
Anova,lbp-2D_glrlm_RunEntropy,5,100.0
Mutual Information,lbp-2D_glrlm_RunEntropy,5,100.0
L1 Logistic Regression,lbp-2D_glrlm_RunEntropy,4,80.0
RFE (SVM),lbp-2D_glrlm_RunEntropy,1,20.0
Vanilla RF,lbp-2D_glrlm_RunLengthNonUniformity,5,100.0
Variance,lbp-2D_glrlm_RunLengthNonUniformity,5,100.0
Mutual Information,lbp-2D_glrlm_RunLengthNonUniformity,5,100.0
Anova,lbp-2D_glrlm_RunLengthNonUniformity,4,80.0
L1 Logistic Regression,lbp-2D_glrlm_RunLengthNonUniformity,4,80.0
Boruta,lbp-2D_glrlm_RunLengthNonUniformity,4,80.0
DyGraFS,lbp-2D_glrlm_RunLengthNonUniformity,1,20.0
RFE (SVM),lbp-2D_glrlm_RunLengthNonUniformity,1,20.0
Vanilla RF,lbp-2D_glrlm_RunLengthNonUniformityNormalized,5,100.0
Variance,lbp-2D_glrlm_RunLengthNonUniformityNormalized,4,80.0
L1 Logistic Regression,lbp-2D_glrlm_RunLengthNonUniformityNormalized,4,80.0
Anova,lbp-2D_glrlm_RunLengthNonUniformityNormalized,3,60.0
Mutual Information,lbp-2D_glrlm_RunLengthNonUniformityNormalized,2,40.0
Vanilla RF,lbp-2D_glrlm_RunPercentage,5,100.0
Variance,lbp-2D_glrlm_RunPercentage,4,80.0
Anova,lbp-2D_glrlm_RunPercentage,4,80.0
L1 Logistic Regression,lbp-2D_glrlm_RunPercentage,4,80.0
Mutual Information,lbp-2D_glrlm_RunPercentage,3,60.0
Vanilla RF,lbp-2D_glrlm_RunVariance,5,100.0
Variance,lbp-2D_glrlm_RunVariance,5,100.0
Anova,lbp-2D_glrlm_RunVariance,5,100.0
Mutual Information,lbp-2D_glrlm_RunVariance,5,100.0
L1 Logistic Regression,lbp-2D_glrlm_RunVariance,4,80.0
RFE (SVM),lbp-2D_glrlm_RunVariance,3,60.0
Vanilla RF,lbp-2D_glrlm_ShortRunEmphasis,5,100.0
Variance,lbp-2D_glrlm_ShortRunEmphasis,4,80.0
L1 Logistic Regression,lbp-2D_glrlm_ShortRunEmphasis,4,80.0
Anova,lbp-2D_glrlm_ShortRunEmphasis,1,20.0
RFE (SVM),lbp-2D_glrlm_ShortRunEmphasis,1,20.0
Vanilla RF,lbp-2D_glrlm_ShortRunHighGrayLevelEmphasis,5,100.0
Variance,lbp-2D_glrlm_ShortRunHighGrayLevelEmphasis,4,80.0
L1 Logistic Regression,lbp-2D_glrlm_ShortRunHighGrayLevelEmphasis,4,80.0
Anova,lbp-2D_glrlm_ShortRunHighGrayLevelEmphasis,1,20.0
RFE (SVM),lbp-2D_glrlm_ShortRunHighGrayLevelEmphasis,1,20.0
Vanilla RF,lbp-2D_glrlm_ShortRunLowGrayLevelEmphasis,5,100.0
Variance,lbp-2D_glrlm_ShortRunLowGrayLevelEmphasis,4,80.0
L1 Logistic Regression,lbp-2D_glrlm_ShortRunLowGrayLevelEmphasis,4,80.0
Anova,lbp-2D_glrlm_ShortRunLowGrayLevelEmphasis,1,20.0
RFE (SVM),lbp-2D_glrlm_ShortRunLowGrayLevelEmphasis,1,20.0
Vanilla RF,lbp-2D_glszm_GrayLevelNonUniformity,5,100.0
Variance,lbp-2D_glszm_GrayLevelNonUniformity,5,100.0
L1 Logistic Regression,lbp-2D_glszm_GrayLevelNonUniformity,4,80.0
Anova,lbp-2D_glszm_GrayLevelNonUniformity,1,20.0
RFE (SVM),lbp-2D_glszm_GrayLevelNonUniformity,1,20.0
Vanilla RF,lbp-2D_glszm_GrayLevelNonUniformityNormalized,5,100.0
Anova,lbp-2D_glszm_GrayLevelNonUniformityNormalized,1,20.0
Vanilla RF,lbp-2D_glszm_GrayLevelVariance,5,100.0
Anova,lbp-2D_glszm_GrayLevelVariance,1,20.0
Mutual Information,lbp-2D_glszm_GrayLevelVariance,1,20.0
Vanilla RF,lbp-2D_glszm_HighGrayLevelZoneEmphasis,5,100.0
Anova,lbp-2D_glszm_HighGrayLevelZoneEmphasis,1,20.0
Vanilla RF,lbp-2D_glszm_LargeAreaEmphasis,5,100.0
Variance,lbp-2D_glszm_LargeAreaEmphasis,5,100.0
Mutual Information,lbp-2D_glszm_LargeAreaEmphasis,5,100.0
L1 Logistic Regression,lbp-2D_glszm_LargeAreaEmphasis,5,100.0
Anova,lbp-2D_glszm_LargeAreaEmphasis,2,40.0
RFE (SVM),lbp-2D_glszm_LargeAreaEmphasis,1,20.0
Vanilla RF,lbp-2D_glszm_LargeAreaHighGrayLevelEmphasis,5,100.0
Variance,lbp-2D_glszm_LargeAreaHighGrayLevelEmphasis,5,100.0
Mutual Information,lbp-2D_glszm_LargeAreaHighGrayLevelEmphasis,5,100.0
L1 Logistic Regression,lbp-2D_glszm_LargeAreaHighGrayLevelEmphasis,5,100.0
Anova,lbp-2D_glszm_LargeAreaHighGrayLevelEmphasis,2,40.0
RFE (SVM),lbp-2D_glszm_LargeAreaHighGrayLevelEmphasis,1,20.0
Vanilla RF,lbp-2D_glszm_LargeAreaLowGrayLevelEmphasis,5,100.0
Variance,lbp-2D_glszm_LargeAreaLowGrayLevelEmphasis,5,100.0
Mutual Information,lbp-2D_glszm_LargeAreaLowGrayLevelEmphasis,5,100.0
L1 Logistic Regression,lbp-2D_glszm_LargeAreaLowGrayLevelEmphasis,5,100.0
Anova,lbp-2D_glszm_LargeAreaLowGrayLevelEmphasis,2,40.0
RFE (SVM),lbp-2D_glszm_LargeAreaLowGrayLevelEmphasis,1,20.0
Vanilla RF,lbp-2D_glszm_LowGrayLevelZoneEmphasis,5,100.0
Anova,lbp-2D_glszm_LowGrayLevelZoneEmphasis,1,20.0
Vanilla RF,lbp-2D_glszm_SizeZoneNonUniformity,5,100.0
Anova,lbp-2D_glszm_SizeZoneNonUniformity,1,20.0
Vanilla RF,lbp-2D_glszm_SizeZoneNonUniformityNormalized,5,100.0
Variance,lbp-2D_glszm_SizeZoneNonUniformityNormalized,5,100.0
L1 Logistic Regression,lbp-2D_glszm_SizeZoneNonUniformityNormalized,5,100.0
RFE (SVM),lbp-2D_glszm_SizeZoneNonUniformityNormalized,2,40.0
Anova,lbp-2D_glszm_SizeZoneNonUniformityNormalized,1,20.0
Mutual Information,lbp-2D_glszm_SizeZoneNonUniformityNormalized,1,20.0
Vanilla RF,lbp-2D_glszm_SmallAreaEmphasis,5,100.0
Mutual Information,lbp-2D_glszm_SmallAreaEmphasis,5,100.0
Variance,lbp-2D_glszm_SmallAreaEmphasis,4,80.0
L1 Logistic Regression,lbp-2D_glszm_SmallAreaEmphasis,4,80.0
Anova,lbp-2D_glszm_SmallAreaEmphasis,1,20.0
RFE (SVM),lbp-2D_glszm_SmallAreaEmphasis,1,20.0
Vanilla RF,lbp-2D_glszm_SmallAreaHighGrayLevelEmphasis,5,100.0
Mutual Information,lbp-2D_glszm_SmallAreaHighGrayLevelEmphasis,5,100.0
Variance,lbp-2D_glszm_SmallAreaHighGrayLevelEmphasis,4,80.0
L1 Logistic Regression,lbp-2D_glszm_SmallAreaHighGrayLevelEmphasis,4,80.0
Anova,lbp-2D_glszm_SmallAreaHighGrayLevelEmphasis,1,20.0
RFE (SVM),lbp-2D_glszm_SmallAreaHighGrayLevelEmphasis,1,20.0
Vanilla RF,lbp-2D_glszm_SmallAreaLowGrayLevelEmphasis,5,100.0
Mutual Information,lbp-2D_glszm_SmallAreaLowGrayLevelEmphasis,5,100.0
Variance,lbp-2D_glszm_SmallAreaLowGrayLevelEmphasis,4,80.0
L1 Logistic Regression,lbp-2D_glszm_SmallAreaLowGrayLevelEmphasis,4,80.0
Anova,lbp-2D_glszm_SmallAreaLowGrayLevelEmphasis,1,20.0
RFE (SVM),lbp-2D_glszm_SmallAreaLowGrayLevelEmphasis,1,20.0
Vanilla RF,lbp-2D_glszm_ZoneEntropy,5,100.0
Variance,lbp-2D_glszm_ZoneEntropy,5,100.0
L1 Logistic Regression,lbp-2D_glszm_ZoneEntropy,4,80.0
Mutual Information,lbp-2D_glszm_ZoneEntropy,2,40.0
Anova,lbp-2D_glszm_ZoneEntropy,1,20.0
Vanilla RF,lbp-2D_glszm_ZonePercentage,5,100.0
Mutual Information,lbp-2D_glszm_ZonePercentage,5,100.0
L1 Logistic Regression,lbp-2D_glszm_ZonePercentage,4,80.0
Anova,lbp-2D_glszm_ZonePercentage,3,60.0
RFE (SVM),lbp-2D_glszm_ZonePercentage,1,20.0
Vanilla RF,lbp-2D_glszm_ZoneVariance,5,100.0
Variance,lbp-2D_glszm_ZoneVariance,5,100.0
L1 Logistic Regression,lbp-2D_glszm_ZoneVariance,5,100.0
Anova,lbp-2D_glszm_ZoneVariance,1,20.0
Mutual Information,lbp-2D_glszm_ZoneVariance,1,20.0
RFE (SVM),lbp-2D_glszm_ZoneVariance,1,20.0
Vanilla RF,lbp-2D_ngtdm_Busyness,5,100.0
Anova,lbp-2D_ngtdm_Busyness,1,20.0
Mutual Information,lbp-2D_ngtdm_Busyness,1,20.0
Vanilla RF,lbp-2D_ngtdm_Coarseness,5,100.0
Mutual Information,lbp-2D_ngtdm_Coarseness,2,40.0
Anova,lbp-2D_ngtdm_Coarseness,1,20.0
Vanilla RF,lbp-2D_ngtdm_Complexity,5,100.0
Anova,lbp-2D_ngtdm_Complexity,1,20.0
Vanilla RF,lbp-2D_ngtdm_Contrast,5,100.0
Anova,lbp-2D_ngtdm_Contrast,1,20.0
Mutual Information,lbp-2D_ngtdm_Contrast,1,20.0
Vanilla RF,lbp-2D_ngtdm_Strength,5,100.0
Anova,lbp-2D_ngtdm_Strength,1,20.0
Vanilla RF,lbp-3D-k_firstorder_10Percentile,5,100.0
Anova,lbp-3D-k_firstorder_10Percentile,5,100.0
Mutual Information,lbp-3D-k_firstorder_10Percentile,5,100.0
Variance,lbp-3D-k_firstorder_10Percentile,4,80.0
L1 Logistic Regression,lbp-3D-k_firstorder_10Percentile,4,80.0
Boruta,lbp-3D-k_firstorder_10Percentile,4,80.0
RFE (SVM),lbp-3D-k_firstorder_10Percentile,2,40.0
Vanilla RF,lbp-3D-k_firstorder_90Percentile,5,100.0
Variance,lbp-3D-k_firstorder_90Percentile,5,100.0
L1 Logistic Regression,lbp-3D-k_firstorder_90Percentile,4,80.0
Mutual Information,lbp-3D-k_firstorder_90Percentile,2,40.0
RFE (SVM),lbp-3D-k_firstorder_90Percentile,2,40.0
DyGraFS,lbp-3D-k_firstorder_90Percentile,1,20.0
Anova,lbp-3D-k_firstorder_90Percentile,1,20.0
Vanilla RF,lbp-3D-k_firstorder_Energy,5,100.0
Variance,lbp-3D-k_firstorder_Energy,5,100.0
Mutual Information,lbp-3D-k_firstorder_Energy,5,100.0
Anova,lbp-3D-k_firstorder_Energy,4,80.0
L1 Logistic Regression,lbp-3D-k_firstorder_Energy,4,80.0
Vanilla RF,lbp-3D-k_firstorder_Entropy,5,100.0
Variance,lbp-3D-k_firstorder_Entropy,5,100.0
L1 Logistic Regression,lbp-3D-k_firstorder_Entropy,4,80.0
Anova,lbp-3D-k_firstorder_Entropy,2,40.0
Vanilla RF,lbp-3D-k_firstorder_InterquartileRange,5,100.0
Variance,lbp-3D-k_firstorder_InterquartileRange,5,100.0
L1 Logistic Regression,lbp-3D-k_firstorder_InterquartileRange,4,80.0
RFE (SVM),lbp-3D-k_firstorder_InterquartileRange,3,60.0
Anova,lbp-3D-k_firstorder_InterquartileRange,1,20.0
Mutual Information,lbp-3D-k_firstorder_InterquartileRange,1,20.0
Vanilla RF,lbp-3D-k_firstorder_Kurtosis,5,100.0
Variance,lbp-3D-k_firstorder_Kurtosis,5,100.0
DyGraFS,lbp-3D-k_firstorder_Kurtosis,4,80.0
L1 Logistic Regression,lbp-3D-k_firstorder_Kurtosis,4,80.0
RFE (SVM),lbp-3D-k_firstorder_Kurtosis,2,40.0
Anova,lbp-3D-k_firstorder_Kurtosis,1,20.0
Vanilla RF,lbp-3D-k_firstorder_Maximum,5,100.0
Variance,lbp-3D-k_firstorder_Maximum,5,100.0
L1 Logistic Regression,lbp-3D-k_firstorder_Maximum,5,100.0
DyGraFS,lbp-3D-k_firstorder_Maximum,4,80.0
Anova,lbp-3D-k_firstorder_Maximum,3,60.0
RFE (SVM),lbp-3D-k_firstorder_Maximum,3,60.0
Mutual Information,lbp-3D-k_firstorder_Maximum,2,40.0
Vanilla RF,lbp-3D-k_firstorder_Mean,5,100.0
Variance,lbp-3D-k_firstorder_Mean,5,100.0
L1 Logistic Regression,lbp-3D-k_firstorder_Mean,4,80.0
Anova,lbp-3D-k_firstorder_Mean,3,60.0
Mutual Information,lbp-3D-k_firstorder_Mean,2,40.0
RFE (SVM),lbp-3D-k_firstorder_Mean,1,20.0
Vanilla RF,lbp-3D-k_firstorder_MeanAbsoluteDeviation,5,100.0
Variance,lbp-3D-k_firstorder_MeanAbsoluteDeviation,4,80.0
L1 Logistic Regression,lbp-3D-k_firstorder_MeanAbsoluteDeviation,4,80.0
DyGraFS,lbp-3D-k_firstorder_MeanAbsoluteDeviation,1,20.0
Anova,lbp-3D-k_firstorder_MeanAbsoluteDeviation,1,20.0
Mutual Information,lbp-3D-k_firstorder_MeanAbsoluteDeviation,1,20.0
RFE (SVM),lbp-3D-k_firstorder_MeanAbsoluteDeviation,1,20.0
Vanilla RF,lbp-3D-k_firstorder_Median,5,100.0
Variance,lbp-3D-k_firstorder_Median,5,100.0
Anova,lbp-3D-k_firstorder_Median,5,100.0
L1 Logistic Regression,lbp-3D-k_firstorder_Median,4,80.0
Mutual Information,lbp-3D-k_firstorder_Median,3,60.0
Boruta,lbp-3D-k_firstorder_Median,1,20.0
Vanilla RF,lbp-3D-k_firstorder_Minimum,5,100.0
Variance,lbp-3D-k_firstorder_Minimum,4,80.0
Anova,lbp-3D-k_firstorder_Minimum,4,80.0
L1 Logistic Regression,lbp-3D-k_firstorder_Minimum,4,80.0
RFE (SVM),lbp-3D-k_firstorder_Minimum,3,60.0
DyGraFS,lbp-3D-k_firstorder_Minimum,2,40.0
Mutual Information,lbp-3D-k_firstorder_Minimum,1,20.0
Vanilla RF,lbp-3D-k_firstorder_Range,5,100.0
Variance,lbp-3D-k_firstorder_Range,5,100.0
L1 Logistic Regression,lbp-3D-k_firstorder_Range,5,100.0
RFE (SVM),lbp-3D-k_firstorder_Range,4,80.0
Anova,lbp-3D-k_firstorder_Range,3,60.0
Mutual Information,lbp-3D-k_firstorder_Range,2,40.0
Vanilla RF,lbp-3D-k_firstorder_RobustMeanAbsoluteDeviation,5,100.0
Variance,lbp-3D-k_firstorder_RobustMeanAbsoluteDeviation,4,80.0
L1 Logistic Regression,lbp-3D-k_firstorder_RobustMeanAbsoluteDeviation,4,80.0
RFE (SVM),lbp-3D-k_firstorder_RobustMeanAbsoluteDeviation,2,40.0
Anova,lbp-3D-k_firstorder_RobustMeanAbsoluteDeviation,1,20.0
Mutual Information,lbp-3D-k_firstorder_RobustMeanAbsoluteDeviation,1,20.0
Vanilla RF,lbp-3D-k_firstorder_RootMeanSquared,5,100.0
Variance,lbp-3D-k_firstorder_RootMeanSquared,4,80.0
Anova,lbp-3D-k_firstorder_RootMeanSquared,4,80.0
L1 Logistic Regression,lbp-3D-k_firstorder_RootMeanSquared,4,80.0
DyGraFS,lbp-3D-k_firstorder_RootMeanSquared,2,40.0
Mutual Information,lbp-3D-k_firstorder_RootMeanSquared,2,40.0
RFE (SVM),lbp-3D-k_firstorder_RootMeanSquared,1,20.0
Vanilla RF,lbp-3D-k_firstorder_Skewness,5,100.0
Variance,lbp-3D-k_firstorder_Skewness,5,100.0
L1 Logistic Regression,lbp-3D-k_firstorder_Skewness,4,80.0
RFE (SVM),lbp-3D-k_firstorder_Skewness,2,40.0
DyGraFS,lbp-3D-k_firstorder_Skewness,1,20.0
Anova,lbp-3D-k_firstorder_Skewness,1,20.0
GFSIR,lbp-3D-k_firstorder_Skewness,1,20.0
Vanilla RF,lbp-3D-k_firstorder_TotalEnergy,5,100.0
Variance,lbp-3D-k_firstorder_TotalEnergy,5,100.0
Mutual Information,lbp-3D-k_firstorder_TotalEnergy,5,100.0
Anova,lbp-3D-k_firstorder_TotalEnergy,4,80.0
L1 Logistic Regression,lbp-3D-k_firstorder_TotalEnergy,4,80.0
Vanilla RF,lbp-3D-k_firstorder_Uniformity,5,100.0
Variance,lbp-3D-k_firstorder_Uniformity,4,80.0
L1 Logistic Regression,lbp-3D-k_firstorder_Uniformity,4,80.0
DyGraFS,lbp-3D-k_firstorder_Uniformity,1,20.0
Anova,lbp-3D-k_firstorder_Uniformity,1,20.0
Vanilla RF,lbp-3D-k_firstorder_Variance,5,100.0
Variance,lbp-3D-k_firstorder_Variance,5,100.0
L1 Logistic Regression,lbp-3D-k_firstorder_Variance,4,80.0
Mutual Information,lbp-3D-k_firstorder_Variance,2,40.0
Anova,lbp-3D-k_firstorder_Variance,1,20.0
RFE (SVM),lbp-3D-k_firstorder_Variance,1,20.0
Vanilla RF,lbp-3D-k_glcm_Autocorrelation,5,100.0
Variance,lbp-3D-k_glcm_Autocorrelation,5,100.0
L1 Logistic Regression,lbp-3D-k_glcm_Autocorrelation,4,80.0
RFE (SVM),lbp-3D-k_glcm_Autocorrelation,2,40.0
DyGraFS,lbp-3D-k_glcm_Autocorrelation,1,20.0
Anova,lbp-3D-k_glcm_Autocorrelation,1,20.0
Vanilla RF,lbp-3D-k_glcm_ClusterProminence,5,100.0
Variance,lbp-3D-k_glcm_ClusterProminence,4,80.0
L1 Logistic Regression,lbp-3D-k_glcm_ClusterProminence,4,80.0
Mutual Information,lbp-3D-k_glcm_ClusterProminence,2,40.0
Anova,lbp-3D-k_glcm_ClusterProminence,1,20.0
RFE (SVM),lbp-3D-k_glcm_ClusterProminence,1,20.0
Vanilla RF,lbp-3D-k_glcm_ClusterShade,5,100.0
Variance,lbp-3D-k_glcm_ClusterShade,4,80.0
L1 Logistic Regression,lbp-3D-k_glcm_ClusterShade,4,80.0
Boruta,lbp-3D-k_glcm_ClusterShade,4,80.0
Mutual Information,lbp-3D-k_glcm_ClusterShade,2,40.0
RFE (SVM),lbp-3D-k_glcm_ClusterShade,2,40.0
DyGraFS,lbp-3D-k_glcm_ClusterShade,1,20.0
Anova,lbp-3D-k_glcm_ClusterShade,1,20.0
Vanilla RF,lbp-3D-k_glcm_ClusterTendency,5,100.0
Variance,lbp-3D-k_glcm_ClusterTendency,4,80.0
L1 Logistic Regression,lbp-3D-k_glcm_ClusterTendency,4,80.0
Mutual Information,lbp-3D-k_glcm_ClusterTendency,2,40.0
DyGraFS,lbp-3D-k_glcm_ClusterTendency,1,20.0
Anova,lbp-3D-k_glcm_ClusterTendency,1,20.0
Vanilla RF,lbp-3D-k_glcm_Contrast,5,100.0
Variance,lbp-3D-k_glcm_Contrast,4,80.0
L1 Logistic Regression,lbp-3D-k_glcm_Contrast,4,80.0
Anova,lbp-3D-k_glcm_Contrast,1,20.0
RFE (SVM),lbp-3D-k_glcm_Contrast,1,20.0
Vanilla RF,lbp-3D-k_glcm_Correlation,5,100.0
Boruta,lbp-3D-k_glcm_Correlation,5,100.0
Variance,lbp-3D-k_glcm_Correlation,4,80.0
L1 Logistic Regression,lbp-3D-k_glcm_Correlation,4,80.0
RFE (SVM),lbp-3D-k_glcm_Correlation,3,60.0
DyGraFS,lbp-3D-k_glcm_Correlation,2,40.0
Mutual Information,lbp-3D-k_glcm_Correlation,2,40.0
Anova,lbp-3D-k_glcm_Correlation,1,20.0
GFSIR,lbp-3D-k_glcm_Correlation,1,20.0
Vanilla RF,lbp-3D-k_glcm_DifferenceAverage,5,100.0
Variance,lbp-3D-k_glcm_DifferenceAverage,4,80.0
L1 Logistic Regression,lbp-3D-k_glcm_DifferenceAverage,4,80.0
Anova,lbp-3D-k_glcm_DifferenceAverage,1,20.0
RFE (SVM),lbp-3D-k_glcm_DifferenceAverage,1,20.0
Vanilla RF,lbp-3D-k_glcm_DifferenceEntropy,5,100.0
Variance,lbp-3D-k_glcm_DifferenceEntropy,5,100.0
L1 Logistic Regression,lbp-3D-k_glcm_DifferenceEntropy,3,60.0
Mutual Information,lbp-3D-k_glcm_DifferenceEntropy,2,40.0
Anova,lbp-3D-k_glcm_DifferenceEntropy,1,20.0
Vanilla RF,lbp-3D-k_glcm_DifferenceVariance,5,100.0
Variance,lbp-3D-k_glcm_DifferenceVariance,4,80.0
L1 Logistic Regression,lbp-3D-k_glcm_DifferenceVariance,4,80.0
DyGraFS,lbp-3D-k_glcm_DifferenceVariance,1,20.0
Anova,lbp-3D-k_glcm_DifferenceVariance,1,20.0
Mutual Information,lbp-3D-k_glcm_DifferenceVariance,1,20.0
Vanilla RF,lbp-3D-k_glcm_Id,5,100.0
Variance,lbp-3D-k_glcm_Id,4,80.0
L1 Logistic Regression,lbp-3D-k_glcm_Id,4,80.0
Anova,lbp-3D-k_glcm_Id,1,20.0
RFE (SVM),lbp-3D-k_glcm_Id,1,20.0
Vanilla RF,lbp-3D-k_glcm_Idm,5,100.0
Variance,lbp-3D-k_glcm_Idm,4,80.0
L1 Logistic Regression,lbp-3D-k_glcm_Idm,4,80.0
Anova,lbp-3D-k_glcm_Idm,1,20.0
RFE (SVM),lbp-3D-k_glcm_Idm,1,20.0
Vanilla RF,lbp-3D-k_glcm_Idmn,5,100.0
L1 Logistic Regression,lbp-3D-k_glcm_Idmn,4,80.0
Variance,lbp-3D-k_glcm_Idmn,3,60.0
Anova,lbp-3D-k_glcm_Idmn,1,20.0
RFE (SVM),lbp-3D-k_glcm_Idmn,1,20.0
Vanilla RF,lbp-3D-k_glcm_Idn,5,100.0
L1 Logistic Regression,lbp-3D-k_glcm_Idn,4,80.0
Variance,lbp-3D-k_glcm_Idn,3,60.0
Anova,lbp-3D-k_glcm_Idn,1,20.0
RFE (SVM),lbp-3D-k_glcm_Idn,1,20.0
Vanilla RF,lbp-3D-k_glcm_Imc1,5,100.0
Anova,lbp-3D-k_glcm_Imc1,5,100.0
L1 Logistic Regression,lbp-3D-k_glcm_Imc1,4,80.0
Variance,lbp-3D-k_glcm_Imc1,3,60.0
Mutual Information,lbp-3D-k_glcm_Imc1,2,40.0
RFE (SVM),lbp-3D-k_glcm_Imc1,2,40.0
Vanilla RF,lbp-3D-k_glcm_Imc2,5,100.0
L1 Logistic Regression,lbp-3D-k_glcm_Imc2,5,100.0
Variance,lbp-3D-k_glcm_Imc2,4,80.0
RFE (SVM),lbp-3D-k_glcm_Imc2,4,80.0
DyGraFS,lbp-3D-k_glcm_Imc2,3,60.0
Anova,lbp-3D-k_glcm_Imc2,2,40.0
Mutual Information,lbp-3D-k_glcm_Imc2,2,40.0
Boruta,lbp-3D-k_glcm_Imc2,2,40.0
Vanilla RF,lbp-3D-k_glcm_InverseVariance,5,100.0
Variance,lbp-3D-k_glcm_InverseVariance,4,80.0
L1 Logistic Regression,lbp-3D-k_glcm_InverseVariance,4,80.0
Anova,lbp-3D-k_glcm_InverseVariance,1,20.0
RFE (SVM),lbp-3D-k_glcm_InverseVariance,1,20.0
Vanilla RF,lbp-3D-k_glcm_JointAverage,5,100.0
Variance,lbp-3D-k_glcm_JointAverage,4,80.0
L1 Logistic Regression,lbp-3D-k_glcm_JointAverage,4,80.0
DyGraFS,lbp-3D-k_glcm_JointAverage,1,20.0
Anova,lbp-3D-k_glcm_JointAverage,1,20.0
Vanilla RF,lbp-3D-k_glcm_JointEnergy,5,100.0
Variance,lbp-3D-k_glcm_JointEnergy,5,100.0
L1 Logistic Regression,lbp-3D-k_glcm_JointEnergy,4,80.0
Anova,lbp-3D-k_glcm_JointEnergy,1,20.0
Vanilla RF,lbp-3D-k_glcm_JointEntropy,5,100.0
Variance,lbp-3D-k_glcm_JointEntropy,5,100.0
L1 Logistic Regression,lbp-3D-k_glcm_JointEntropy,4,80.0
Mutual Information,lbp-3D-k_glcm_JointEntropy,2,40.0
Anova,lbp-3D-k_glcm_JointEntropy,1,20.0
Vanilla RF,lbp-3D-k_glcm_MCC,5,100.0
L1 Logistic Regression,lbp-3D-k_glcm_MCC,5,100.0
Variance,lbp-3D-k_glcm_MCC,4,80.0
Anova,lbp-3D-k_glcm_MCC,3,60.0
Mutual Information,lbp-3D-k_glcm_MCC,2,40.0
RFE (SVM),lbp-3D-k_glcm_MCC,2,40.0
Boruta,lbp-3D-k_glcm_MCC,2,40.0
Vanilla RF,lbp-3D-k_glcm_MaximumProbability,5,100.0
Variance,lbp-3D-k_glcm_MaximumProbability,4,80.0
L1 Logistic Regression,lbp-3D-k_glcm_MaximumProbability,4,80.0
DyGraFS,lbp-3D-k_glcm_MaximumProbability,1,20.0
Anova,lbp-3D-k_glcm_MaximumProbability,1,20.0
GFSIR,lbp-3D-k_glcm_MaximumProbability,1,20.0
Vanilla RF,lbp-3D-k_glcm_SumAverage,5,100.0
Variance,lbp-3D-k_glcm_SumAverage,5,100.0
L1 Logistic Regression,lbp-3D-k_glcm_SumAverage,4,80.0
Anova,lbp-3D-k_glcm_SumAverage,1,20.0
Vanilla RF,lbp-3D-k_glcm_SumEntropy,5,100.0
Variance,lbp-3D-k_glcm_SumEntropy,5,100.0
L1 Logistic Regression,lbp-3D-k_glcm_SumEntropy,3,60.0
Mutual Information,lbp-3D-k_glcm_SumEntropy,2,40.0
Anova,lbp-3D-k_glcm_SumEntropy,1,20.0
Vanilla RF,lbp-3D-k_glcm_SumSquares,5,100.0
Variance,lbp-3D-k_glcm_SumSquares,4,80.0
L1 Logistic Regression,lbp-3D-k_glcm_SumSquares,4,80.0
Anova,lbp-3D-k_glcm_SumSquares,1,20.0
Vanilla RF,lbp-3D-k_gldm_DependenceEntropy,5,100.0
Variance,lbp-3D-k_gldm_DependenceEntropy,5,100.0
L1 Logistic Regression,lbp-3D-k_gldm_DependenceEntropy,4,80.0
DyGraFS,lbp-3D-k_gldm_DependenceEntropy,2,40.0
Anova,lbp-3D-k_gldm_DependenceEntropy,1,20.0
RFE (SVM),lbp-3D-k_gldm_DependenceEntropy,1,20.0
Vanilla RF,lbp-3D-k_gldm_DependenceNonUniformity,5,100.0
Variance,lbp-3D-k_gldm_DependenceNonUniformity,5,100.0
Mutual Information,lbp-3D-k_gldm_DependenceNonUniformity,5,100.0
L1 Logistic Regression,lbp-3D-k_gldm_DependenceNonUniformity,4,80.0
Anova,lbp-3D-k_gldm_DependenceNonUniformity,3,60.0
Boruta,lbp-3D-k_gldm_DependenceNonUniformity,1,20.0
Vanilla RF,lbp-3D-k_gldm_DependenceNonUniformityNormalized,5,100.0
L1 Logistic Regression,lbp-3D-k_gldm_DependenceNonUniformityNormalized,4,80.0
Mutual Information,lbp-3D-k_gldm_DependenceNonUniformityNormalized,2,40.0
RFE (SVM),lbp-3D-k_gldm_DependenceNonUniformityNormalized,2,40.0
Variance,lbp-3D-k_gldm_DependenceNonUniformityNormalized,1,20.0
Anova,lbp-3D-k_gldm_DependenceNonUniformityNormalized,1,20.0
Vanilla RF,lbp-3D-k_gldm_DependenceVariance,5,100.0
Variance,lbp-3D-k_gldm_DependenceVariance,5,100.0
Anova,lbp-3D-k_gldm_DependenceVariance,5,100.0
Mutual Information,lbp-3D-k_gldm_DependenceVariance,5,100.0
L1 Logistic Regression,lbp-3D-k_gldm_DependenceVariance,4,80.0
RFE (SVM),lbp-3D-k_gldm_DependenceVariance,4,80.0
DyGraFS,lbp-3D-k_gldm_DependenceVariance,2,40.0
Vanilla RF,lbp-3D-k_gldm_GrayLevelNonUniformity,5,100.0
Variance,lbp-3D-k_gldm_GrayLevelNonUniformity,5,100.0
Mutual Information,lbp-3D-k_gldm_GrayLevelNonUniformity,5,100.0
Anova,lbp-3D-k_gldm_GrayLevelNonUniformity,4,80.0
L1 Logistic Regression,lbp-3D-k_gldm_GrayLevelNonUniformity,4,80.0
Boruta,lbp-3D-k_gldm_GrayLevelNonUniformity,2,40.0
Vanilla RF,lbp-3D-k_gldm_GrayLevelVariance,5,100.0
Variance,lbp-3D-k_gldm_GrayLevelVariance,4,80.0
L1 Logistic Regression,lbp-3D-k_gldm_GrayLevelVariance,4,80.0
Anova,lbp-3D-k_gldm_GrayLevelVariance,1,20.0
Vanilla RF,lbp-3D-k_gldm_HighGrayLevelEmphasis,5,100.0
Variance,lbp-3D-k_gldm_HighGrayLevelEmphasis,5,100.0
L1 Logistic Regression,lbp-3D-k_gldm_HighGrayLevelEmphasis,4,80.0
RFE (SVM),lbp-3D-k_gldm_HighGrayLevelEmphasis,2,40.0
Anova,lbp-3D-k_gldm_HighGrayLevelEmphasis,1,20.0
Vanilla RF,lbp-3D-k_gldm_LargeDependenceEmphasis,5,100.0
Variance,lbp-3D-k_gldm_LargeDependenceEmphasis,5,100.0
L1 Logistic Regression,lbp-3D-k_gldm_LargeDependenceEmphasis,4,80.0
Anova,lbp-3D-k_gldm_LargeDependenceEmphasis,3,60.0
Mutual Information,lbp-3D-k_gldm_LargeDependenceEmphasis,2,40.0
Vanilla RF,lbp-3D-k_gldm_LargeDependenceHighGrayLevelEmphasis,5,100.0
Variance,lbp-3D-k_gldm_LargeDependenceHighGrayLevelEmphasis,5,100.0
Anova,lbp-3D-k_gldm_LargeDependenceHighGrayLevelEmphasis,4,80.0
L1 Logistic Regression,lbp-3D-k_gldm_LargeDependenceHighGrayLevelEmphasis,4,80.0
Mutual Information,lbp-3D-k_gldm_LargeDependenceHighGrayLevelEmphasis,2,40.0
RFE (SVM),lbp-3D-k_gldm_LargeDependenceHighGrayLevelEmphasis,1,20.0
Vanilla RF,lbp-3D-k_gldm_LargeDependenceLowGrayLevelEmphasis,5,100.0
Variance,lbp-3D-k_gldm_LargeDependenceLowGrayLevelEmphasis,5,100.0
L1 Logistic Regression,lbp-3D-k_gldm_LargeDependenceLowGrayLevelEmphasis,4,80.0
Anova,lbp-3D-k_gldm_LargeDependenceLowGrayLevelEmphasis,3,60.0
DyGraFS,lbp-3D-k_gldm_LargeDependenceLowGrayLevelEmphasis,2,40.0
Mutual Information,lbp-3D-k_gldm_LargeDependenceLowGrayLevelEmphasis,2,40.0
RFE (SVM),lbp-3D-k_gldm_LargeDependenceLowGrayLevelEmphasis,1,20.0
Vanilla RF,lbp-3D-k_gldm_LowGrayLevelEmphasis,5,100.0
Variance,lbp-3D-k_gldm_LowGrayLevelEmphasis,4,80.0
L1 Logistic Regression,lbp-3D-k_gldm_LowGrayLevelEmphasis,4,80.0
RFE (SVM),lbp-3D-k_gldm_LowGrayLevelEmphasis,2,40.0
Anova,lbp-3D-k_gldm_LowGrayLevelEmphasis,1,20.0
Vanilla RF,lbp-3D-k_gldm_SmallDependenceEmphasis,5,100.0
L1 Logistic Regression,lbp-3D-k_gldm_SmallDependenceEmphasis,4,80.0
RFE (SVM),lbp-3D-k_gldm_SmallDependenceEmphasis,2,40.0
Variance,lbp-3D-k_gldm_SmallDependenceEmphasis,1,20.0
Anova,lbp-3D-k_gldm_SmallDependenceEmphasis,1,20.0
Mutual Information,lbp-3D-k_gldm_SmallDependenceEmphasis,1,20.0
Vanilla RF,lbp-3D-k_gldm_SmallDependenceHighGrayLevelEmphasis,5,100.0
L1 Logistic Regression,lbp-3D-k_gldm_SmallDependenceHighGrayLevelEmphasis,4,80.0
Variance,lbp-3D-k_gldm_SmallDependenceHighGrayLevelEmphasis,3,60.0
RFE (SVM),lbp-3D-k_gldm_SmallDependenceHighGrayLevelEmphasis,3,60.0
Anova,lbp-3D-k_gldm_SmallDependenceHighGrayLevelEmphasis,1,20.0
Vanilla RF,lbp-3D-k_gldm_SmallDependenceLowGrayLevelEmphasis,5,100.0
L1 Logistic Regression,lbp-3D-k_gldm_SmallDependenceLowGrayLevelEmphasis,4,80.0
RFE (SVM),lbp-3D-k_gldm_SmallDependenceLowGrayLevelEmphasis,2,40.0
Anova,lbp-3D-k_gldm_SmallDependenceLowGrayLevelEmphasis,1,20.0
Mutual Information,lbp-3D-k_gldm_SmallDependenceLowGrayLevelEmphasis,1,20.0
Vanilla RF,lbp-3D-k_glrlm_GrayLevelNonUniformity,5,100.0
Variance,lbp-3D-k_glrlm_GrayLevelNonUniformity,5,100.0
Mutual Information,lbp-3D-k_glrlm_GrayLevelNonUniformity,5,100.0
Anova,lbp-3D-k_glrlm_GrayLevelNonUniformity,4,80.0
L1 Logistic Regression,lbp-3D-k_glrlm_GrayLevelNonUniformity,4,80.0
DyGraFS,lbp-3D-k_glrlm_GrayLevelNonUniformity,1,20.0
Vanilla RF,lbp-3D-k_glrlm_GrayLevelNonUniformityNormalized,5,100.0
Mutual Information,lbp-3D-k_glrlm_GrayLevelNonUniformityNormalized,5,100.0
Variance,lbp-3D-k_glrlm_GrayLevelNonUniformityNormalized,4,80.0
Anova,lbp-3D-k_glrlm_GrayLevelNonUniformityNormalized,4,80.0
L1 Logistic Regression,lbp-3D-k_glrlm_GrayLevelNonUniformityNormalized,3,60.0
DyGraFS,lbp-3D-k_glrlm_GrayLevelNonUniformityNormalized,1,20.0
Vanilla RF,lbp-3D-k_glrlm_GrayLevelVariance,5,100.0
Mutual Information,lbp-3D-k_glrlm_GrayLevelVariance,5,100.0
Variance,lbp-3D-k_glrlm_GrayLevelVariance,4,80.0
Anova,lbp-3D-k_glrlm_GrayLevelVariance,4,80.0
L1 Logistic Regression,lbp-3D-k_glrlm_GrayLevelVariance,3,60.0
Vanilla RF,lbp-3D-k_glrlm_HighGrayLevelRunEmphasis,5,100.0
Variance,lbp-3D-k_glrlm_HighGrayLevelRunEmphasis,5,100.0
Anova,lbp-3D-k_glrlm_HighGrayLevelRunEmphasis,5,100.0
Mutual Information,lbp-3D-k_glrlm_HighGrayLevelRunEmphasis,5,100.0
DyGraFS,lbp-3D-k_glrlm_HighGrayLevelRunEmphasis,3,60.0
L1 Logistic Regression,lbp-3D-k_glrlm_HighGrayLevelRunEmphasis,3,60.0
RFE (SVM),lbp-3D-k_glrlm_HighGrayLevelRunEmphasis,1,20.0
Vanilla RF,lbp-3D-k_glrlm_LongRunEmphasis,5,100.0
Variance,lbp-3D-k_glrlm_LongRunEmphasis,5,100.0
L1 Logistic Regression,lbp-3D-k_glrlm_LongRunEmphasis,4,80.0
Anova,lbp-3D-k_glrlm_LongRunEmphasis,2,40.0
DyGraFS,lbp-3D-k_glrlm_LongRunEmphasis,1,20.0
Mutual Information,lbp-3D-k_glrlm_LongRunEmphasis,1,20.0
Vanilla RF,lbp-3D-k_glrlm_LongRunHighGrayLevelEmphasis,5,100.0
Variance,lbp-3D-k_glrlm_LongRunHighGrayLevelEmphasis,5,100.0
L1 Logistic Regression,lbp-3D-k_glrlm_LongRunHighGrayLevelEmphasis,4,80.0
Anova,lbp-3D-k_glrlm_LongRunHighGrayLevelEmphasis,3,60.0
Mutual Information,lbp-3D-k_glrlm_LongRunHighGrayLevelEmphasis,2,40.0
RFE (SVM),lbp-3D-k_glrlm_LongRunHighGrayLevelEmphasis,1,20.0
Vanilla RF,lbp-3D-k_glrlm_LongRunLowGrayLevelEmphasis,5,100.0
Variance,lbp-3D-k_glrlm_LongRunLowGrayLevelEmphasis,5,100.0
L1 Logistic Regression,lbp-3D-k_glrlm_LongRunLowGrayLevelEmphasis,4,80.0
Anova,lbp-3D-k_glrlm_LongRunLowGrayLevelEmphasis,2,40.0
RFE (SVM),lbp-3D-k_glrlm_LongRunLowGrayLevelEmphasis,1,20.0
Vanilla RF,lbp-3D-k_glrlm_LowGrayLevelRunEmphasis,5,100.0
Anova,lbp-3D-k_glrlm_LowGrayLevelRunEmphasis,5,100.0
Mutual Information,lbp-3D-k_glrlm_LowGrayLevelRunEmphasis,5,100.0
Variance,lbp-3D-k_glrlm_LowGrayLevelRunEmphasis,4,80.0
L1 Logistic Regression,lbp-3D-k_glrlm_LowGrayLevelRunEmphasis,3,60.0
RFE (SVM),lbp-3D-k_glrlm_LowGrayLevelRunEmphasis,1,20.0
Vanilla RF,lbp-3D-k_glrlm_RunEntropy,5,100.0
Variance,lbp-3D-k_glrlm_RunEntropy,5,100.0
Anova,lbp-3D-k_glrlm_RunEntropy,4,80.0
L1 Logistic Regression,lbp-3D-k_glrlm_RunEntropy,4,80.0
Mutual Information,lbp-3D-k_glrlm_RunEntropy,2,40.0
Vanilla RF,lbp-3D-k_glrlm_RunLengthNonUniformity,5,100.0
Variance,lbp-3D-k_glrlm_RunLengthNonUniformity,5,100.0
Mutual Information,lbp-3D-k_glrlm_RunLengthNonUniformity,5,100.0
Anova,lbp-3D-k_glrlm_RunLengthNonUniformity,4,80.0
L1 Logistic Regression,lbp-3D-k_glrlm_RunLengthNonUniformity,3,60.0
Vanilla RF,lbp-3D-k_glrlm_RunLengthNonUniformityNormalized,5,100.0
Variance,lbp-3D-k_glrlm_RunLengthNonUniformityNormalized,4,80.0
L1 Logistic Regression,lbp-3D-k_glrlm_RunLengthNonUniformityNormalized,4,80.0
DyGraFS,lbp-3D-k_glrlm_RunLengthNonUniformityNormalized,3,60.0
Mutual Information,lbp-3D-k_glrlm_RunLengthNonUniformityNormalized,2,40.0
RFE (SVM),lbp-3D-k_glrlm_RunLengthNonUniformityNormalized,2,40.0
Anova,lbp-3D-k_glrlm_RunLengthNonUniformityNormalized,1,20.0
Vanilla RF,lbp-3D-k_glrlm_RunPercentage,5,100.0
Variance,lbp-3D-k_glrlm_RunPercentage,4,80.0
L1 Logistic Regression,lbp-3D-k_glrlm_RunPercentage,4,80.0
Anova,lbp-3D-k_glrlm_RunPercentage,3,60.0
Mutual Information,lbp-3D-k_glrlm_RunPercentage,2,40.0
DyGraFS,lbp-3D-k_glrlm_RunPercentage,1,20.0
Vanilla RF,lbp-3D-k_glrlm_RunVariance,5,100.0
Variance,lbp-3D-k_glrlm_RunVariance,5,100.0
Anova,lbp-3D-k_glrlm_RunVariance,3,60.0
Mutual Information,lbp-3D-k_glrlm_RunVariance,3,60.0
L1 Logistic Regression,lbp-3D-k_glrlm_RunVariance,2,40.0
RFE (SVM),lbp-3D-k_glrlm_RunVariance,1,20.0
Vanilla RF,lbp-3D-k_glrlm_ShortRunEmphasis,5,100.0
Variance,lbp-3D-k_glrlm_ShortRunEmphasis,4,80.0
L1 Logistic Regression,lbp-3D-k_glrlm_ShortRunEmphasis,4,80.0
DyGraFS,lbp-3D-k_glrlm_ShortRunEmphasis,2,40.0
RFE (SVM),lbp-3D-k_glrlm_ShortRunEmphasis,2,40.0
Anova,lbp-3D-k_glrlm_ShortRunEmphasis,1,20.0
Mutual Information,lbp-3D-k_glrlm_ShortRunEmphasis,1,20.0
Vanilla RF,lbp-3D-k_glrlm_ShortRunHighGrayLevelEmphasis,5,100.0
Variance,lbp-3D-k_glrlm_ShortRunHighGrayLevelEmphasis,5,100.0
Anova,lbp-3D-k_glrlm_ShortRunHighGrayLevelEmphasis,5,100.0
L1 Logistic Regression,lbp-3D-k_glrlm_ShortRunHighGrayLevelEmphasis,4,80.0
Mutual Information,lbp-3D-k_glrlm_ShortRunHighGrayLevelEmphasis,2,40.0
DyGraFS,lbp-3D-k_glrlm_ShortRunHighGrayLevelEmphasis,1,20.0
RFE (SVM),lbp-3D-k_glrlm_ShortRunHighGrayLevelEmphasis,1,20.0
Vanilla RF,lbp-3D-k_glrlm_ShortRunLowGrayLevelEmphasis,5,100.0
Variance,lbp-3D-k_glrlm_ShortRunLowGrayLevelEmphasis,4,80.0
L1 Logistic Regression,lbp-3D-k_glrlm_ShortRunLowGrayLevelEmphasis,4,80.0
Anova,lbp-3D-k_glrlm_ShortRunLowGrayLevelEmphasis,3,60.0
Mutual Information,lbp-3D-k_glrlm_ShortRunLowGrayLevelEmphasis,2,40.0
DyGraFS,lbp-3D-k_glrlm_ShortRunLowGrayLevelEmphasis,1,20.0
Vanilla RF,lbp-3D-k_glszm_GrayLevelNonUniformity,5,100.0
Variance,lbp-3D-k_glszm_GrayLevelNonUniformity,5,100.0
Mutual Information,lbp-3D-k_glszm_GrayLevelNonUniformity,5,100.0
L1 Logistic Regression,lbp-3D-k_glszm_GrayLevelNonUniformity,4,80.0
Boruta,lbp-3D-k_glszm_GrayLevelNonUniformity,4,80.0
Anova,lbp-3D-k_glszm_GrayLevelNonUniformity,3,60.0
DyGraFS,lbp-3D-k_glszm_GrayLevelNonUniformity,1,20.0
RFE (SVM),lbp-3D-k_glszm_GrayLevelNonUniformity,1,20.0
Vanilla RF,lbp-3D-k_glszm_GrayLevelNonUniformityNormalized,5,100.0
Variance,lbp-3D-k_glszm_GrayLevelNonUniformityNormalized,5,100.0
Anova,lbp-3D-k_glszm_GrayLevelNonUniformityNormalized,5,100.0
L1 Logistic Regression,lbp-3D-k_glszm_GrayLevelNonUniformityNormalized,5,100.0
Mutual Information,lbp-3D-k_glszm_GrayLevelNonUniformityNormalized,4,80.0
RFE (SVM),lbp-3D-k_glszm_GrayLevelNonUniformityNormalized,4,80.0
DyGraFS,lbp-3D-k_glszm_GrayLevelNonUniformityNormalized,1,20.0
Vanilla RF,lbp-3D-k_glszm_GrayLevelVariance,5,100.0
Anova,lbp-3D-k_glszm_GrayLevelVariance,5,100.0
Mutual Information,lbp-3D-k_glszm_GrayLevelVariance,5,100.0
L1 Logistic Regression,lbp-3D-k_glszm_GrayLevelVariance,5,100.0
Variance,lbp-3D-k_glszm_GrayLevelVariance,4,80.0
RFE (SVM),lbp-3D-k_glszm_GrayLevelVariance,3,60.0
DyGraFS,lbp-3D-k_glszm_GrayLevelVariance,2,40.0
Vanilla RF,lbp-3D-k_glszm_HighGrayLevelZoneEmphasis,5,100.0
Variance,lbp-3D-k_glszm_HighGrayLevelZoneEmphasis,5,100.0
Anova,lbp-3D-k_glszm_HighGrayLevelZoneEmphasis,5,100.0
Mutual Information,lbp-3D-k_glszm_HighGrayLevelZoneEmphasis,5,100.0
L1 Logistic Regression,lbp-3D-k_glszm_HighGrayLevelZoneEmphasis,4,80.0
DyGraFS,lbp-3D-k_glszm_HighGrayLevelZoneEmphasis,2,40.0
RFE (SVM),lbp-3D-k_glszm_HighGrayLevelZoneEmphasis,2,40.0
Vanilla RF,lbp-3D-k_glszm_LargeAreaEmphasis,5,100.0
Variance,lbp-3D-k_glszm_LargeAreaEmphasis,5,100.0
L1 Logistic Regression,lbp-3D-k_glszm_LargeAreaEmphasis,4,80.0
Anova,lbp-3D-k_glszm_LargeAreaEmphasis,3,60.0
Mutual Information,lbp-3D-k_glszm_LargeAreaEmphasis,3,60.0
RFE (SVM),lbp-3D-k_glszm_LargeAreaEmphasis,1,20.0
Vanilla RF,lbp-3D-k_glszm_LargeAreaHighGrayLevelEmphasis,5,100.0
Variance,lbp-3D-k_glszm_LargeAreaHighGrayLevelEmphasis,5,100.0
Mutual Information,lbp-3D-k_glszm_LargeAreaHighGrayLevelEmphasis,5,100.0
L1 Logistic Regression,lbp-3D-k_glszm_LargeAreaHighGrayLevelEmphasis,4,80.0
Anova,lbp-3D-k_glszm_LargeAreaHighGrayLevelEmphasis,3,60.0
RFE (SVM),lbp-3D-k_glszm_LargeAreaHighGrayLevelEmphasis,1,20.0
Vanilla RF,lbp-3D-k_glszm_LargeAreaLowGrayLevelEmphasis,5,100.0
Variance,lbp-3D-k_glszm_LargeAreaLowGrayLevelEmphasis,5,100.0
L1 Logistic Regression,lbp-3D-k_glszm_LargeAreaLowGrayLevelEmphasis,4,80.0
Anova,lbp-3D-k_glszm_LargeAreaLowGrayLevelEmphasis,3,60.0
Mutual Information,lbp-3D-k_glszm_LargeAreaLowGrayLevelEmphasis,3,60.0
Vanilla RF,lbp-3D-k_glszm_LowGrayLevelZoneEmphasis,5,100.0
Anova,lbp-3D-k_glszm_LowGrayLevelZoneEmphasis,5,100.0
Variance,lbp-3D-k_glszm_LowGrayLevelZoneEmphasis,4,80.0
Mutual Information,lbp-3D-k_glszm_LowGrayLevelZoneEmphasis,4,80.0
L1 Logistic Regression,lbp-3D-k_glszm_LowGrayLevelZoneEmphasis,4,80.0
RFE (SVM),lbp-3D-k_glszm_LowGrayLevelZoneEmphasis,2,40.0
Vanilla RF,lbp-3D-k_glszm_SizeZoneNonUniformity,5,100.0
Variance,lbp-3D-k_glszm_SizeZoneNonUniformity,5,100.0
Mutual Information,lbp-3D-k_glszm_SizeZoneNonUniformity,5,100.0
Boruta,lbp-3D-k_glszm_SizeZoneNonUniformity,5,100.0
L1 Logistic Regression,lbp-3D-k_glszm_SizeZoneNonUniformity,4,80.0
Anova,lbp-3D-k_glszm_SizeZoneNonUniformity,3,60.0
RFE (SVM),lbp-3D-k_glszm_SizeZoneNonUniformity,2,40.0
Vanilla RF,lbp-3D-k_glszm_SizeZoneNonUniformityNormalized,5,100.0
Variance,lbp-3D-k_glszm_SizeZoneNonUniformityNormalized,4,80.0
L1 Logistic Regression,lbp-3D-k_glszm_SizeZoneNonUniformityNormalized,4,80.0
DyGraFS,lbp-3D-k_glszm_SizeZoneNonUniformityNormalized,3,60.0
RFE (SVM),lbp-3D-k_glszm_SizeZoneNonUniformityNormalized,3,60.0
Mutual Information,lbp-3D-k_glszm_SizeZoneNonUniformityNormalized,2,40.0
Anova,lbp-3D-k_glszm_SizeZoneNonUniformityNormalized,1,20.0
GFSIR,lbp-3D-k_glszm_SizeZoneNonUniformityNormalized,1,20.0
Vanilla RF,lbp-3D-k_glszm_SmallAreaEmphasis,5,100.0
Variance,lbp-3D-k_glszm_SmallAreaEmphasis,5,100.0
Anova,lbp-3D-k_glszm_SmallAreaEmphasis,4,80.0
L1 Logistic Regression,lbp-3D-k_glszm_SmallAreaEmphasis,4,80.0
DyGraFS,lbp-3D-k_glszm_SmallAreaEmphasis,3,60.0
Mutual Information,lbp-3D-k_glszm_SmallAreaEmphasis,2,40.0
RFE (SVM),lbp-3D-k_glszm_SmallAreaEmphasis,1,20.0
Vanilla RF,lbp-3D-k_glszm_SmallAreaHighGrayLevelEmphasis,5,100.0
Variance,lbp-3D-k_glszm_SmallAreaHighGrayLevelEmphasis,5,100.0
Anova,lbp-3D-k_glszm_SmallAreaHighGrayLevelEmphasis,4,80.0
L1 Logistic Regression,lbp-3D-k_glszm_SmallAreaHighGrayLevelEmphasis,4,80.0
Mutual Information,lbp-3D-k_glszm_SmallAreaHighGrayLevelEmphasis,2,40.0
RFE (SVM),lbp-3D-k_glszm_SmallAreaHighGrayLevelEmphasis,1,20.0
Vanilla RF,lbp-3D-k_glszm_SmallAreaLowGrayLevelEmphasis,5,100.0
L1 Logistic Regression,lbp-3D-k_glszm_SmallAreaLowGrayLevelEmphasis,5,100.0
Variance,lbp-3D-k_glszm_SmallAreaLowGrayLevelEmphasis,4,80.0
Anova,lbp-3D-k_glszm_SmallAreaLowGrayLevelEmphasis,4,80.0
RFE (SVM),lbp-3D-k_glszm_SmallAreaLowGrayLevelEmphasis,3,60.0
Mutual Information,lbp-3D-k_glszm_SmallAreaLowGrayLevelEmphasis,2,40.0
DyGraFS,lbp-3D-k_glszm_SmallAreaLowGrayLevelEmphasis,1,20.0
Vanilla RF,lbp-3D-k_glszm_ZoneEntropy,5,100.0
Variance,lbp-3D-k_glszm_ZoneEntropy,5,100.0
L1 Logistic Regression,lbp-3D-k_glszm_ZoneEntropy,5,100.0
RFE (SVM),lbp-3D-k_glszm_ZoneEntropy,3,60.0
DyGraFS,lbp-3D-k_glszm_ZoneEntropy,2,40.0
Mutual Information,lbp-3D-k_glszm_ZoneEntropy,2,40.0
Anova,lbp-3D-k_glszm_ZoneEntropy,1,20.0
Vanilla RF,lbp-3D-k_glszm_ZonePercentage,5,100.0
L1 Logistic Regression,lbp-3D-k_glszm_ZonePercentage,5,100.0
Mutual Information,lbp-3D-k_glszm_ZonePercentage,2,40.0
RFE (SVM),lbp-3D-k_glszm_ZonePercentage,2,40.0
Variance,lbp-3D-k_glszm_ZonePercentage,1,20.0
Anova,lbp-3D-k_glszm_ZonePercentage,1,20.0
Vanilla RF,lbp-3D-k_glszm_ZoneVariance,5,100.0
Variance,lbp-3D-k_glszm_ZoneVariance,5,100.0
Mutual Information,lbp-3D-k_glszm_ZoneVariance,4,80.0
L1 Logistic Regression,lbp-3D-k_glszm_ZoneVariance,4,80.0
Anova,lbp-3D-k_glszm_ZoneVariance,3,60.0
Vanilla RF,lbp-3D-k_ngtdm_Busyness,5,100.0
Variance,lbp-3D-k_ngtdm_Busyness,5,100.0
Mutual Information,lbp-3D-k_ngtdm_Busyness,5,100.0
Anova,lbp-3D-k_ngtdm_Busyness,4,80.0
L1 Logistic Regression,lbp-3D-k_ngtdm_Busyness,4,80.0
RFE (SVM),lbp-3D-k_ngtdm_Busyness,3,60.0
Vanilla RF,lbp-3D-k_ngtdm_Coarseness,5,100.0
Mutual Information,lbp-3D-k_ngtdm_Coarseness,5,100.0
L1 Logistic Regression,lbp-3D-k_ngtdm_Coarseness,4,80.0
Variance,lbp-3D-k_ngtdm_Coarseness,3,60.0
Anova,lbp-3D-k_ngtdm_Coarseness,1,20.0
Vanilla RF,lbp-3D-k_ngtdm_Complexity,5,100.0
Variance,lbp-3D-k_ngtdm_Complexity,4,80.0
L1 Logistic Regression,lbp-3D-k_ngtdm_Complexity,4,80.0
Mutual Information,lbp-3D-k_ngtdm_Complexity,2,40.0
Anova,lbp-3D-k_ngtdm_Complexity,1,20.0
Vanilla RF,lbp-3D-k_ngtdm_Contrast,5,100.0
L1 Logistic Regression,lbp-3D-k_ngtdm_Contrast,4,80.0
Variance,lbp-3D-k_ngtdm_Contrast,3,60.0
RFE (SVM),lbp-3D-k_ngtdm_Contrast,3,60.0
Anova,lbp-3D-k_ngtdm_Contrast,1,20.0
Vanilla RF,lbp-3D-k_ngtdm_Strength,5,100.0
Mutual Information,lbp-3D-k_ngtdm_Strength,5,100.0
L1 Logistic Regression,lbp-3D-k_ngtdm_Strength,4,80.0
DyGraFS,lbp-3D-k_ngtdm_Strength,3,60.0
Variance,lbp-3D-k_ngtdm_Strength,3,60.0
Anova,lbp-3D-k_ngtdm_Strength,1,20.0
Vanilla RF,lbp-3D-m1_firstorder_10Percentile,5,100.0
Variance,lbp-3D-m1_firstorder_10Percentile,5,100.0
L1 Logistic Regression,lbp-3D-m1_firstorder_10Percentile,4,80.0
Anova,lbp-3D-m1_firstorder_10Percentile,3,60.0
RFE (SVM),lbp-3D-m1_firstorder_10Percentile,3,60.0
Mutual Information,lbp-3D-m1_firstorder_10Percentile,2,40.0
DyGraFS,lbp-3D-m1_firstorder_10Percentile,1,20.0
Vanilla RF,lbp-3D-m1_firstorder_90Percentile,5,100.0
Variance,lbp-3D-m1_firstorder_90Percentile,5,100.0
Anova,lbp-3D-m1_firstorder_90Percentile,5,100.0
Mutual Information,lbp-3D-m1_firstorder_90Percentile,5,100.0
L1 Logistic Regression,lbp-3D-m1_firstorder_90Percentile,4,80.0
RFE (SVM),lbp-3D-m1_firstorder_90Percentile,1,20.0
Vanilla RF,lbp-3D-m1_firstorder_Energy,5,100.0
Variance,lbp-3D-m1_firstorder_Energy,5,100.0
Mutual Information,lbp-3D-m1_firstorder_Energy,5,100.0
Anova,lbp-3D-m1_firstorder_Energy,4,80.0
L1 Logistic Regression,lbp-3D-m1_firstorder_Energy,4,80.0
Boruta,lbp-3D-m1_firstorder_Energy,1,20.0
Vanilla RF,lbp-3D-m1_firstorder_Entropy,5,100.0
Anova,lbp-3D-m1_firstorder_Entropy,3,60.0
Mutual Information,lbp-3D-m1_firstorder_Entropy,1,20.0
Vanilla RF,lbp-3D-m1_firstorder_InterquartileRange,5,100.0
Variance,lbp-3D-m1_firstorder_InterquartileRange,5,100.0
Anova,lbp-3D-m1_firstorder_InterquartileRange,5,100.0
Mutual Information,lbp-3D-m1_firstorder_InterquartileRange,4,80.0
L1 Logistic Regression,lbp-3D-m1_firstorder_InterquartileRange,4,80.0
RFE (SVM),lbp-3D-m1_firstorder_InterquartileRange,2,40.0
Vanilla RF,lbp-3D-m1_firstorder_Kurtosis,5,100.0
Variance,lbp-3D-m1_firstorder_Kurtosis,5,100.0
Anova,lbp-3D-m1_firstorder_Kurtosis,5,100.0
Mutual Information,lbp-3D-m1_firstorder_Kurtosis,4,80.0
L1 Logistic Regression,lbp-3D-m1_firstorder_Kurtosis,3,60.0
Boruta,lbp-3D-m1_firstorder_Kurtosis,1,20.0
Vanilla RF,lbp-3D-m1_firstorder_Maximum,5,100.0
Variance,lbp-3D-m1_firstorder_Maximum,5,100.0
DyGraFS,lbp-3D-m1_firstorder_Maximum,4,80.0
L1 Logistic Regression,lbp-3D-m1_firstorder_Maximum,4,80.0
Mutual Information,lbp-3D-m1_firstorder_Maximum,2,40.0
Anova,lbp-3D-m1_firstorder_Maximum,1,20.0
Vanilla RF,lbp-3D-m1_firstorder_Mean,5,100.0
Variance,lbp-3D-m1_firstorder_Mean,5,100.0
Anova,lbp-3D-m1_firstorder_Mean,5,100.0
Mutual Information,lbp-3D-m1_firstorder_Mean,5,100.0
Boruta,lbp-3D-m1_firstorder_Mean,5,100.0
L1 Logistic Regression,lbp-3D-m1_firstorder_Mean,4,80.0
RFE (SVM),lbp-3D-m1_firstorder_Mean,1,20.0
Vanilla RF,lbp-3D-m1_firstorder_MeanAbsoluteDeviation,5,100.0
Variance,lbp-3D-m1_firstorder_MeanAbsoluteDeviation,5,100.0
Anova,lbp-3D-m1_firstorder_MeanAbsoluteDeviation,5,100.0
Mutual Information,lbp-3D-m1_firstorder_MeanAbsoluteDeviation,5,100.0
Boruta,lbp-3D-m1_firstorder_MeanAbsoluteDeviation,4,80.0
L1 Logistic Regression,lbp-3D-m1_firstorder_MeanAbsoluteDeviation,2,40.0
Vanilla RF,lbp-3D-m1_firstorder_Median,5,100.0
Variance,lbp-3D-m1_firstorder_Median,5,100.0
Anova,lbp-3D-m1_firstorder_Median,5,100.0
Mutual Information,lbp-3D-m1_firstorder_Median,4,80.0
L1 Logistic Regression,lbp-3D-m1_firstorder_Median,4,80.0
RFE (SVM),lbp-3D-m1_firstorder_Median,3,60.0
Boruta,lbp-3D-m1_firstorder_Median,1,20.0
Vanilla RF,lbp-3D-m1_firstorder_Minimum,5,100.0
DyGraFS,lbp-3D-m1_firstorder_Minimum,5,100.0
Variance,lbp-3D-m1_firstorder_Minimum,4,80.0
L1 Logistic Regression,lbp-3D-m1_firstorder_Minimum,4,80.0
Anova,lbp-3D-m1_firstorder_Minimum,1,20.0
Vanilla RF,lbp-3D-m1_firstorder_Range,5,100.0
Variance,lbp-3D-m1_firstorder_Range,5,100.0
L1 Logistic Regression,lbp-3D-m1_firstorder_Range,4,80.0
DyGraFS,lbp-3D-m1_firstorder_Range,1,20.0
Anova,lbp-3D-m1_firstorder_Range,1,20.0
Mutual Information,lbp-3D-m1_firstorder_Range,1,20.0
Vanilla RF,lbp-3D-m1_firstorder_RobustMeanAbsoluteDeviation,5,100.0
Variance,lbp-3D-m1_firstorder_RobustMeanAbsoluteDeviation,5,100.0
Anova,lbp-3D-m1_firstorder_RobustMeanAbsoluteDeviation,5,100.0
Mutual Information,lbp-3D-m1_firstorder_RobustMeanAbsoluteDeviation,5,100.0
L1 Logistic Regression,lbp-3D-m1_firstorder_RobustMeanAbsoluteDeviation,4,80.0
Boruta,lbp-3D-m1_firstorder_RobustMeanAbsoluteDeviation,4,80.0
RFE (SVM),lbp-3D-m1_firstorder_RobustMeanAbsoluteDeviation,1,20.0
Vanilla RF,lbp-3D-m1_firstorder_RootMeanSquared,5,100.0
Variance,lbp-3D-m1_firstorder_RootMeanSquared,5,100.0
Anova,lbp-3D-m1_firstorder_RootMeanSquared,5,100.0
Mutual Information,lbp-3D-m1_firstorder_RootMeanSquared,5,100.0
Boruta,lbp-3D-m1_firstorder_RootMeanSquared,5,100.0
L1 Logistic Regression,lbp-3D-m1_firstorder_RootMeanSquared,4,80.0
Vanilla RF,lbp-3D-m1_firstorder_Skewness,5,100.0
Variance,lbp-3D-m1_firstorder_Skewness,5,100.0
L1 Logistic Regression,lbp-3D-m1_firstorder_Skewness,4,80.0
DyGraFS,lbp-3D-m1_firstorder_Skewness,3,60.0
Mutual Information,lbp-3D-m1_firstorder_Skewness,3,60.0
RFE (SVM),lbp-3D-m1_firstorder_Skewness,2,40.0
Anova,lbp-3D-m1_firstorder_Skewness,1,20.0
Vanilla RF,lbp-3D-m1_firstorder_TotalEnergy,5,100.0
Variance,lbp-3D-m1_firstorder_TotalEnergy,5,100.0
Mutual Information,lbp-3D-m1_firstorder_TotalEnergy,5,100.0
Anova,lbp-3D-m1_firstorder_TotalEnergy,4,80.0
L1 Logistic Regression,lbp-3D-m1_firstorder_TotalEnergy,4,80.0
Boruta,lbp-3D-m1_firstorder_TotalEnergy,2,40.0
Vanilla RF,lbp-3D-m1_firstorder_Uniformity,5,100.0
Anova,lbp-3D-m1_firstorder_Uniformity,1,20.0
Mutual Information,lbp-3D-m1_firstorder_Uniformity,1,20.0
Vanilla RF,lbp-3D-m1_firstorder_Variance,5,100.0
Variance,lbp-3D-m1_firstorder_Variance,5,100.0
Anova,lbp-3D-m1_firstorder_Variance,5,100.0
Mutual Information,lbp-3D-m1_firstorder_Variance,5,100.0
L1 Logistic Regression,lbp-3D-m1_firstorder_Variance,4,80.0
Boruta,lbp-3D-m1_firstorder_Variance,3,60.0
DyGraFS,lbp-3D-m1_firstorder_Variance,2,40.0
Vanilla RF,lbp-3D-m1_glcm_Autocorrelation,5,100.0
Mutual Information,lbp-3D-m1_glcm_Autocorrelation,2,40.0
Anova,lbp-3D-m1_glcm_Autocorrelation,1,20.0
Vanilla RF,lbp-3D-m1_glcm_ClusterProminence,5,100.0
Anova,lbp-3D-m1_glcm_ClusterProminence,1,20.0
Vanilla RF,lbp-3D-m1_glcm_ClusterShade,5,100.0
Anova,lbp-3D-m1_glcm_ClusterShade,1,20.0
Vanilla RF,lbp-3D-m1_glcm_ClusterTendency,5,100.0
Anova,lbp-3D-m1_glcm_ClusterTendency,1,20.0
Mutual Information,lbp-3D-m1_glcm_ClusterTendency,1,20.0
Vanilla RF,lbp-3D-m1_glcm_Contrast,5,100.0
Anova,lbp-3D-m1_glcm_Contrast,1,20.0
Mutual Information,lbp-3D-m1_glcm_Contrast,1,20.0
Vanilla RF,lbp-3D-m1_glcm_Correlation,5,100.0
Anova,lbp-3D-m1_glcm_Correlation,1,20.0
Vanilla RF,lbp-3D-m1_glcm_DifferenceAverage,5,100.0
Anova,lbp-3D-m1_glcm_DifferenceAverage,1,20.0
Vanilla RF,lbp-3D-m1_glcm_DifferenceEntropy,5,100.0
Anova,lbp-3D-m1_glcm_DifferenceEntropy,3,60.0
Vanilla RF,lbp-3D-m1_glcm_DifferenceVariance,5,100.0
Anova,lbp-3D-m1_glcm_DifferenceVariance,1,20.0
Mutual Information,lbp-3D-m1_glcm_DifferenceVariance,1,20.0
Vanilla RF,lbp-3D-m1_glcm_Id,5,100.0
Anova,lbp-3D-m1_glcm_Id,1,20.0
Mutual Information,lbp-3D-m1_glcm_Id,1,20.0
Vanilla RF,lbp-3D-m1_glcm_Idm,5,100.0
Anova,lbp-3D-m1_glcm_Idm,1,20.0
Vanilla RF,lbp-3D-m1_glcm_Idmn,5,100.0
Anova,lbp-3D-m1_glcm_Idmn,1,20.0
Vanilla RF,lbp-3D-m1_glcm_Idn,5,100.0
Anova,lbp-3D-m1_glcm_Idn,1,20.0
Mutual Information,lbp-3D-m1_glcm_Idn,1,20.0
Vanilla RF,lbp-3D-m1_glcm_Imc1,5,100.0
Anova,lbp-3D-m1_glcm_Imc1,1,20.0
Mutual Information,lbp-3D-m1_glcm_Imc1,1,20.0
Vanilla RF,lbp-3D-m1_glcm_Imc2,5,100.0
Anova,lbp-3D-m1_glcm_Imc2,1,20.0
Mutual Information,lbp-3D-m1_glcm_Imc2,1,20.0
Vanilla RF,lbp-3D-m1_glcm_InverseVariance,5,100.0
Anova,lbp-3D-m1_glcm_InverseVariance,1,20.0
Vanilla RF,lbp-3D-m1_glcm_JointAverage,5,100.0
Mutual Information,lbp-3D-m1_glcm_JointAverage,2,40.0
Anova,lbp-3D-m1_glcm_JointAverage,1,20.0
Vanilla RF,lbp-3D-m1_glcm_JointEnergy,5,100.0
Mutual Information,lbp-3D-m1_glcm_JointEnergy,2,40.0
Anova,lbp-3D-m1_glcm_JointEnergy,1,20.0
Vanilla RF,lbp-3D-m1_glcm_JointEntropy,5,100.0
Anova,lbp-3D-m1_glcm_JointEntropy,3,60.0
Vanilla RF,lbp-3D-m1_glcm_MCC,5,100.0
Anova,lbp-3D-m1_glcm_MCC,1,20.0
Mutual Information,lbp-3D-m1_glcm_MCC,1,20.0
Vanilla RF,lbp-3D-m1_glcm_MaximumProbability,5,100.0
Anova,lbp-3D-m1_glcm_MaximumProbability,1,20.0
Vanilla RF,lbp-3D-m1_glcm_SumAverage,5,100.0
Anova,lbp-3D-m1_glcm_SumAverage,1,20.0
Vanilla RF,lbp-3D-m1_glcm_SumEntropy,5,100.0
Anova,lbp-3D-m1_glcm_SumEntropy,3,60.0
Mutual Information,lbp-3D-m1_glcm_SumEntropy,1,20.0
Vanilla RF,lbp-3D-m1_glcm_SumSquares,5,100.0
Anova,lbp-3D-m1_glcm_SumSquares,1,20.0
Vanilla RF,lbp-3D-m1_gldm_DependenceEntropy,5,100.0
Variance,lbp-3D-m1_gldm_DependenceEntropy,5,100.0
Anova,lbp-3D-m1_gldm_DependenceEntropy,5,100.0
L1 Logistic Regression,lbp-3D-m1_gldm_DependenceEntropy,4,80.0
Mutual Information,lbp-3D-m1_gldm_DependenceEntropy,2,40.0
RFE (SVM),lbp-3D-m1_gldm_DependenceEntropy,1,20.0
Vanilla RF,lbp-3D-m1_gldm_DependenceNonUniformity,5,100.0
Variance,lbp-3D-m1_gldm_DependenceNonUniformity,5,100.0
Mutual Information,lbp-3D-m1_gldm_DependenceNonUniformity,5,100.0
L1 Logistic Regression,lbp-3D-m1_gldm_DependenceNonUniformity,4,80.0
Anova,lbp-3D-m1_gldm_DependenceNonUniformity,3,60.0
RFE (SVM),lbp-3D-m1_gldm_DependenceNonUniformity,1,20.0
Vanilla RF,lbp-3D-m1_gldm_DependenceNonUniformityNormalized,5,100.0
Variance,lbp-3D-m1_gldm_DependenceNonUniformityNormalized,5,100.0
Anova,lbp-3D-m1_gldm_DependenceNonUniformityNormalized,5,100.0
Mutual Information,lbp-3D-m1_gldm_DependenceNonUniformityNormalized,3,60.0
L1 Logistic Regression,lbp-3D-m1_gldm_DependenceNonUniformityNormalized,3,60.0
Vanilla RF,lbp-3D-m1_gldm_DependenceVariance,5,100.0
Variance,lbp-3D-m1_gldm_DependenceVariance,5,100.0
L1 Logistic Regression,lbp-3D-m1_gldm_DependenceVariance,4,80.0
Anova,lbp-3D-m1_gldm_DependenceVariance,3,60.0
Mutual Information,lbp-3D-m1_gldm_DependenceVariance,2,40.0
RFE (SVM),lbp-3D-m1_gldm_DependenceVariance,1,20.0
Vanilla RF,lbp-3D-m1_gldm_GrayLevelNonUniformity,5,100.0
Variance,lbp-3D-m1_gldm_GrayLevelNonUniformity,5,100.0
Mutual Information,lbp-3D-m1_gldm_GrayLevelNonUniformity,5,100.0
Anova,lbp-3D-m1_gldm_GrayLevelNonUniformity,4,80.0
L1 Logistic Regression,lbp-3D-m1_gldm_GrayLevelNonUniformity,4,80.0
Vanilla RF,lbp-3D-m1_gldm_GrayLevelVariance,5,100.0
Anova,lbp-3D-m1_gldm_GrayLevelVariance,1,20.0
Vanilla RF,lbp-3D-m1_gldm_HighGrayLevelEmphasis,5,100.0
Anova,lbp-3D-m1_gldm_HighGrayLevelEmphasis,1,20.0
Mutual Information,lbp-3D-m1_gldm_HighGrayLevelEmphasis,1,20.0
Vanilla RF,lbp-3D-m1_gldm_LargeDependenceEmphasis,5,100.0
Variance,lbp-3D-m1_gldm_LargeDependenceEmphasis,5,100.0
Anova,lbp-3D-m1_gldm_LargeDependenceEmphasis,5,100.0
Mutual Information,lbp-3D-m1_gldm_LargeDependenceEmphasis,5,100.0
L1 Logistic Regression,lbp-3D-m1_gldm_LargeDependenceEmphasis,4,80.0
Vanilla RF,lbp-3D-m1_gldm_LargeDependenceHighGrayLevelEmphasis,5,100.0
Variance,lbp-3D-m1_gldm_LargeDependenceHighGrayLevelEmphasis,5,100.0
Anova,lbp-3D-m1_gldm_LargeDependenceHighGrayLevelEmphasis,5,100.0
Mutual Information,lbp-3D-m1_gldm_LargeDependenceHighGrayLevelEmphasis,5,100.0
L1 Logistic Regression,lbp-3D-m1_gldm_LargeDependenceHighGrayLevelEmphasis,4,80.0
Vanilla RF,lbp-3D-m1_gldm_LargeDependenceLowGrayLevelEmphasis,5,100.0
Variance,lbp-3D-m1_gldm_LargeDependenceLowGrayLevelEmphasis,5,100.0
Anova,lbp-3D-m1_gldm_LargeDependenceLowGrayLevelEmphasis,5,100.0
Mutual Information,lbp-3D-m1_gldm_LargeDependenceLowGrayLevelEmphasis,5,100.0
L1 Logistic Regression,lbp-3D-m1_gldm_LargeDependenceLowGrayLevelEmphasis,4,80.0
Vanilla RF,lbp-3D-m1_gldm_LowGrayLevelEmphasis,5,100.0
Anova,lbp-3D-m1_gldm_LowGrayLevelEmphasis,1,20.0
Vanilla RF,lbp-3D-m1_gldm_SmallDependenceEmphasis,5,100.0
L1 Logistic Regression,lbp-3D-m1_gldm_SmallDependenceEmphasis,4,80.0
Anova,lbp-3D-m1_gldm_SmallDependenceEmphasis,3,60.0
Mutual Information,lbp-3D-m1_gldm_SmallDependenceEmphasis,2,40.0
Vanilla RF,lbp-3D-m1_gldm_SmallDependenceHighGrayLevelEmphasis,5,100.0
L1 Logistic Regression,lbp-3D-m1_gldm_SmallDependenceHighGrayLevelEmphasis,4,80.0
Anova,lbp-3D-m1_gldm_SmallDependenceHighGrayLevelEmphasis,3,60.0
Mutual Information,lbp-3D-m1_gldm_SmallDependenceHighGrayLevelEmphasis,2,40.0
Vanilla RF,lbp-3D-m1_gldm_SmallDependenceLowGrayLevelEmphasis,5,100.0
L1 Logistic Regression,lbp-3D-m1_gldm_SmallDependenceLowGrayLevelEmphasis,4,80.0
Anova,lbp-3D-m1_gldm_SmallDependenceLowGrayLevelEmphasis,3,60.0
Mutual Information,lbp-3D-m1_gldm_SmallDependenceLowGrayLevelEmphasis,2,40.0
Vanilla RF,lbp-3D-m1_glrlm_GrayLevelNonUniformity,5,100.0
Variance,lbp-3D-m1_glrlm_GrayLevelNonUniformity,5,100.0
Mutual Information,lbp-3D-m1_glrlm_GrayLevelNonUniformity,5,100.0
Anova,lbp-3D-m1_glrlm_GrayLevelNonUniformity,4,80.0
L1 Logistic Regression,lbp-3D-m1_glrlm_GrayLevelNonUniformity,4,80.0
Boruta,lbp-3D-m1_glrlm_GrayLevelNonUniformity,2,40.0
Vanilla RF,lbp-3D-m1_glrlm_GrayLevelNonUniformityNormalized,5,100.0
Anova,lbp-3D-m1_glrlm_GrayLevelNonUniformityNormalized,1,20.0
Vanilla RF,lbp-3D-m1_glrlm_GrayLevelVariance,5,100.0
Anova,lbp-3D-m1_glrlm_GrayLevelVariance,1,20.0
Vanilla RF,lbp-3D-m1_glrlm_HighGrayLevelRunEmphasis,5,100.0
Anova,lbp-3D-m1_glrlm_HighGrayLevelRunEmphasis,1,20.0
Mutual Information,lbp-3D-m1_glrlm_HighGrayLevelRunEmphasis,1,20.0
Vanilla RF,lbp-3D-m1_glrlm_LongRunEmphasis,5,100.0
Variance,lbp-3D-m1_glrlm_LongRunEmphasis,5,100.0
Mutual Information,lbp-3D-m1_glrlm_LongRunEmphasis,5,100.0
Anova,lbp-3D-m1_glrlm_LongRunEmphasis,4,80.0
L1 Logistic Regression,lbp-3D-m1_glrlm_LongRunEmphasis,4,80.0
RFE (SVM),lbp-3D-m1_glrlm_LongRunEmphasis,2,40.0
Vanilla RF,lbp-3D-m1_glrlm_LongRunHighGrayLevelEmphasis,5,100.0
Variance,lbp-3D-m1_glrlm_LongRunHighGrayLevelEmphasis,5,100.0
Mutual Information,lbp-3D-m1_glrlm_LongRunHighGrayLevelEmphasis,5,100.0
Anova,lbp-3D-m1_glrlm_LongRunHighGrayLevelEmphasis,4,80.0
L1 Logistic Regression,lbp-3D-m1_glrlm_LongRunHighGrayLevelEmphasis,4,80.0
RFE (SVM),lbp-3D-m1_glrlm_LongRunHighGrayLevelEmphasis,1,20.0
Vanilla RF,lbp-3D-m1_glrlm_LongRunLowGrayLevelEmphasis,5,100.0
Variance,lbp-3D-m1_glrlm_LongRunLowGrayLevelEmphasis,5,100.0
Mutual Information,lbp-3D-m1_glrlm_LongRunLowGrayLevelEmphasis,5,100.0
Anova,lbp-3D-m1_glrlm_LongRunLowGrayLevelEmphasis,4,80.0
L1 Logistic Regression,lbp-3D-m1_glrlm_LongRunLowGrayLevelEmphasis,4,80.0
RFE (SVM),lbp-3D-m1_glrlm_LongRunLowGrayLevelEmphasis,1,20.0
Vanilla RF,lbp-3D-m1_glrlm_LowGrayLevelRunEmphasis,5,100.0
Anova,lbp-3D-m1_glrlm_LowGrayLevelRunEmphasis,1,20.0
Mutual Information,lbp-3D-m1_glrlm_LowGrayLevelRunEmphasis,1,20.0
Vanilla RF,lbp-3D-m1_glrlm_RunEntropy,5,100.0
Variance,lbp-3D-m1_glrlm_RunEntropy,5,100.0
Anova,lbp-3D-m1_glrlm_RunEntropy,5,100.0
Mutual Information,lbp-3D-m1_glrlm_RunEntropy,5,100.0
L1 Logistic Regression,lbp-3D-m1_glrlm_RunEntropy,4,80.0
RFE (SVM),lbp-3D-m1_glrlm_RunEntropy,1,20.0
Vanilla RF,lbp-3D-m1_glrlm_RunLengthNonUniformity,5,100.0
Variance,lbp-3D-m1_glrlm_RunLengthNonUniformity,5,100.0
Mutual Information,lbp-3D-m1_glrlm_RunLengthNonUniformity,5,100.0
Anova,lbp-3D-m1_glrlm_RunLengthNonUniformity,4,80.0
L1 Logistic Regression,lbp-3D-m1_glrlm_RunLengthNonUniformity,4,80.0
Boruta,lbp-3D-m1_glrlm_RunLengthNonUniformity,3,60.0
RFE (SVM),lbp-3D-m1_glrlm_RunLengthNonUniformity,2,40.0
Vanilla RF,lbp-3D-m1_glrlm_RunLengthNonUniformityNormalized,5,100.0
Variance,lbp-3D-m1_glrlm_RunLengthNonUniformityNormalized,4,80.0
L1 Logistic Regression,lbp-3D-m1_glrlm_RunLengthNonUniformityNormalized,4,80.0
Anova,lbp-3D-m1_glrlm_RunLengthNonUniformityNormalized,3,60.0
Mutual Information,lbp-3D-m1_glrlm_RunLengthNonUniformityNormalized,2,40.0
Vanilla RF,lbp-3D-m1_glrlm_RunPercentage,5,100.0
Variance,lbp-3D-m1_glrlm_RunPercentage,4,80.0
Anova,lbp-3D-m1_glrlm_RunPercentage,4,80.0
L1 Logistic Regression,lbp-3D-m1_glrlm_RunPercentage,4,80.0
Mutual Information,lbp-3D-m1_glrlm_RunPercentage,3,60.0
Vanilla RF,lbp-3D-m1_glrlm_RunVariance,5,100.0
Variance,lbp-3D-m1_glrlm_RunVariance,5,100.0
Anova,lbp-3D-m1_glrlm_RunVariance,5,100.0
Mutual Information,lbp-3D-m1_glrlm_RunVariance,5,100.0
L1 Logistic Regression,lbp-3D-m1_glrlm_RunVariance,4,80.0
RFE (SVM),lbp-3D-m1_glrlm_RunVariance,4,80.0
Vanilla RF,lbp-3D-m1_glrlm_ShortRunEmphasis,5,100.0
Variance,lbp-3D-m1_glrlm_ShortRunEmphasis,4,80.0
L1 Logistic Regression,lbp-3D-m1_glrlm_ShortRunEmphasis,4,80.0
Anova,lbp-3D-m1_glrlm_ShortRunEmphasis,1,20.0
RFE (SVM),lbp-3D-m1_glrlm_ShortRunEmphasis,1,20.0
Vanilla RF,lbp-3D-m1_glrlm_ShortRunHighGrayLevelEmphasis,5,100.0
Variance,lbp-3D-m1_glrlm_ShortRunHighGrayLevelEmphasis,4,80.0
L1 Logistic Regression,lbp-3D-m1_glrlm_ShortRunHighGrayLevelEmphasis,4,80.0
Anova,lbp-3D-m1_glrlm_ShortRunHighGrayLevelEmphasis,1,20.0
RFE (SVM),lbp-3D-m1_glrlm_ShortRunHighGrayLevelEmphasis,1,20.0
Vanilla RF,lbp-3D-m1_glrlm_ShortRunLowGrayLevelEmphasis,5,100.0
Variance,lbp-3D-m1_glrlm_ShortRunLowGrayLevelEmphasis,4,80.0
L1 Logistic Regression,lbp-3D-m1_glrlm_ShortRunLowGrayLevelEmphasis,4,80.0
RFE (SVM),lbp-3D-m1_glrlm_ShortRunLowGrayLevelEmphasis,2,40.0
Anova,lbp-3D-m1_glrlm_ShortRunLowGrayLevelEmphasis,1,20.0
Vanilla RF,lbp-3D-m1_glszm_GrayLevelNonUniformity,5,100.0
Variance,lbp-3D-m1_glszm_GrayLevelNonUniformity,5,100.0
L1 Logistic Regression,lbp-3D-m1_glszm_GrayLevelNonUniformity,4,80.0
Anova,lbp-3D-m1_glszm_GrayLevelNonUniformity,1,20.0
Mutual Information,lbp-3D-m1_glszm_GrayLevelNonUniformity,1,20.0
RFE (SVM),lbp-3D-m1_glszm_GrayLevelNonUniformity,1,20.0
Vanilla RF,lbp-3D-m1_glszm_GrayLevelNonUniformityNormalized,5,100.0
Anova,lbp-3D-m1_glszm_GrayLevelNonUniformityNormalized,1,20.0
Mutual Information,lbp-3D-m1_glszm_GrayLevelNonUniformityNormalized,1,20.0
Vanilla RF,lbp-3D-m1_glszm_GrayLevelVariance,5,100.0
Anova,lbp-3D-m1_glszm_GrayLevelVariance,1,20.0
Vanilla RF,lbp-3D-m1_glszm_HighGrayLevelZoneEmphasis,5,100.0
Anova,lbp-3D-m1_glszm_HighGrayLevelZoneEmphasis,1,20.0
Vanilla RF,lbp-3D-m1_glszm_LargeAreaEmphasis,5,100.0
Variance,lbp-3D-m1_glszm_LargeAreaEmphasis,5,100.0
Mutual Information,lbp-3D-m1_glszm_LargeAreaEmphasis,5,100.0
L1 Logistic Regression,lbp-3D-m1_glszm_LargeAreaEmphasis,5,100.0
Anova,lbp-3D-m1_glszm_LargeAreaEmphasis,2,40.0
RFE (SVM),lbp-3D-m1_glszm_LargeAreaEmphasis,1,20.0
Vanilla RF,lbp-3D-m1_glszm_LargeAreaHighGrayLevelEmphasis,5,100.0
Variance,lbp-3D-m1_glszm_LargeAreaHighGrayLevelEmphasis,5,100.0
Mutual Information,lbp-3D-m1_glszm_LargeAreaHighGrayLevelEmphasis,5,100.0
L1 Logistic Regression,lbp-3D-m1_glszm_LargeAreaHighGrayLevelEmphasis,5,100.0
Anova,lbp-3D-m1_glszm_LargeAreaHighGrayLevelEmphasis,2,40.0
RFE (SVM),lbp-3D-m1_glszm_LargeAreaHighGrayLevelEmphasis,1,20.0
Vanilla RF,lbp-3D-m1_glszm_LargeAreaLowGrayLevelEmphasis,5,100.0
Variance,lbp-3D-m1_glszm_LargeAreaLowGrayLevelEmphasis,5,100.0
Mutual Information,lbp-3D-m1_glszm_LargeAreaLowGrayLevelEmphasis,5,100.0
L1 Logistic Regression,lbp-3D-m1_glszm_LargeAreaLowGrayLevelEmphasis,5,100.0
Anova,lbp-3D-m1_glszm_LargeAreaLowGrayLevelEmphasis,2,40.0
RFE (SVM),lbp-3D-m1_glszm_LargeAreaLowGrayLevelEmphasis,1,20.0
Vanilla RF,lbp-3D-m1_glszm_LowGrayLevelZoneEmphasis,5,100.0
Anova,lbp-3D-m1_glszm_LowGrayLevelZoneEmphasis,1,20.0
Vanilla RF,lbp-3D-m1_glszm_SizeZoneNonUniformity,5,100.0
Anova,lbp-3D-m1_glszm_SizeZoneNonUniformity,1,20.0
Mutual Information,lbp-3D-m1_glszm_SizeZoneNonUniformity,1,20.0
Vanilla RF,lbp-3D-m1_glszm_SizeZoneNonUniformityNormalized,5,100.0
Variance,lbp-3D-m1_glszm_SizeZoneNonUniformityNormalized,5,100.0
L1 Logistic Regression,lbp-3D-m1_glszm_SizeZoneNonUniformityNormalized,5,100.0
RFE (SVM),lbp-3D-m1_glszm_SizeZoneNonUniformityNormalized,4,80.0
Anova,lbp-3D-m1_glszm_SizeZoneNonUniformityNormalized,1,20.0
Vanilla RF,lbp-3D-m1_glszm_SmallAreaEmphasis,5,100.0
Mutual Information,lbp-3D-m1_glszm_SmallAreaEmphasis,5,100.0
Variance,lbp-3D-m1_glszm_SmallAreaEmphasis,4,80.0
L1 Logistic Regression,lbp-3D-m1_glszm_SmallAreaEmphasis,4,80.0
Anova,lbp-3D-m1_glszm_SmallAreaEmphasis,1,20.0
Vanilla RF,lbp-3D-m1_glszm_SmallAreaHighGrayLevelEmphasis,5,100.0
Mutual Information,lbp-3D-m1_glszm_SmallAreaHighGrayLevelEmphasis,5,100.0
Variance,lbp-3D-m1_glszm_SmallAreaHighGrayLevelEmphasis,4,80.0
L1 Logistic Regression,lbp-3D-m1_glszm_SmallAreaHighGrayLevelEmphasis,4,80.0
Anova,lbp-3D-m1_glszm_SmallAreaHighGrayLevelEmphasis,1,20.0
Vanilla RF,lbp-3D-m1_glszm_SmallAreaLowGrayLevelEmphasis,5,100.0
Mutual Information,lbp-3D-m1_glszm_SmallAreaLowGrayLevelEmphasis,5,100.0
Variance,lbp-3D-m1_glszm_SmallAreaLowGrayLevelEmphasis,4,80.0
L1 Logistic Regression,lbp-3D-m1_glszm_SmallAreaLowGrayLevelEmphasis,4,80.0
Anova,lbp-3D-m1_glszm_SmallAreaLowGrayLevelEmphasis,1,20.0
Vanilla RF,lbp-3D-m1_glszm_ZoneEntropy,5,100.0
Variance,lbp-3D-m1_glszm_ZoneEntropy,5,100.0
L1 Logistic Regression,lbp-3D-m1_glszm_ZoneEntropy,4,80.0
Mutual Information,lbp-3D-m1_glszm_ZoneEntropy,2,40.0
Anova,lbp-3D-m1_glszm_ZoneEntropy,1,20.0
Vanilla RF,lbp-3D-m1_glszm_ZonePercentage,5,100.0
Mutual Information,lbp-3D-m1_glszm_ZonePercentage,5,100.0
L1 Logistic Regression,lbp-3D-m1_glszm_ZonePercentage,4,80.0
Anova,lbp-3D-m1_glszm_ZonePercentage,3,60.0
RFE (SVM),lbp-3D-m1_glszm_ZonePercentage,2,40.0
Vanilla RF,lbp-3D-m1_glszm_ZoneVariance,5,100.0
Variance,lbp-3D-m1_glszm_ZoneVariance,5,100.0
L1 Logistic Regression,lbp-3D-m1_glszm_ZoneVariance,5,100.0
RFE (SVM),lbp-3D-m1_glszm_ZoneVariance,2,40.0
Anova,lbp-3D-m1_glszm_ZoneVariance,1,20.0
Vanilla RF,lbp-3D-m1_ngtdm_Busyness,5,100.0
Anova,lbp-3D-m1_ngtdm_Busyness,1,20.0
Mutual Information,lbp-3D-m1_ngtdm_Busyness,1,20.0
Vanilla RF,lbp-3D-m1_ngtdm_Coarseness,5,100.0
Anova,lbp-3D-m1_ngtdm_Coarseness,1,20.0
Vanilla RF,lbp-3D-m1_ngtdm_Complexity,5,100.0
Anova,lbp-3D-m1_ngtdm_Complexity,1,20.0
Vanilla RF,lbp-3D-m1_ngtdm_Contrast,5,100.0
Anova,lbp-3D-m1_ngtdm_Contrast,1,20.0
Vanilla RF,lbp-3D-m1_ngtdm_Strength,5,100.0
Anova,lbp-3D-m1_ngtdm_Strength,1,20.0
Mutual Information,lbp-3D-m1_ngtdm_Strength,1,20.0
Vanilla RF,lbp-3D-m2_firstorder_10Percentile,5,100.0
Variance,lbp-3D-m2_firstorder_10Percentile,5,100.0
L1 Logistic Regression,lbp-3D-m2_firstorder_10Percentile,4,80.0
Anova,lbp-3D-m2_firstorder_10Percentile,3,60.0
Mutual Information,lbp-3D-m2_firstorder_10Percentile,3,60.0
RFE (SVM),lbp-3D-m2_firstorder_10Percentile,1,20.0
Vanilla RF,lbp-3D-m2_firstorder_90Percentile,5,100.0
Variance,lbp-3D-m2_firstorder_90Percentile,5,100.0
Anova,lbp-3D-m2_firstorder_90Percentile,5,100.0
Mutual Information,lbp-3D-m2_firstorder_90Percentile,5,100.0
L1 Logistic Regression,lbp-3D-m2_firstorder_90Percentile,4,80.0
Vanilla RF,lbp-3D-m2_firstorder_Energy,5,100.0
Variance,lbp-3D-m2_firstorder_Energy,5,100.0
Mutual Information,lbp-3D-m2_firstorder_Energy,5,100.0
Anova,lbp-3D-m2_firstorder_Energy,4,80.0
L1 Logistic Regression,lbp-3D-m2_firstorder_Energy,4,80.0
Boruta,lbp-3D-m2_firstorder_Energy,2,40.0
Vanilla RF,lbp-3D-m2_firstorder_Entropy,5,100.0
Anova,lbp-3D-m2_firstorder_Entropy,3,60.0
Mutual Information,lbp-3D-m2_firstorder_Entropy,1,20.0
Vanilla RF,lbp-3D-m2_firstorder_InterquartileRange,5,100.0
Variance,lbp-3D-m2_firstorder_InterquartileRange,5,100.0
Anova,lbp-3D-m2_firstorder_InterquartileRange,5,100.0
Mutual Information,lbp-3D-m2_firstorder_InterquartileRange,4,80.0
L1 Logistic Regression,lbp-3D-m2_firstorder_InterquartileRange,4,80.0
Boruta,lbp-3D-m2_firstorder_InterquartileRange,1,20.0
Vanilla RF,lbp-3D-m2_firstorder_Kurtosis,5,100.0
Variance,lbp-3D-m2_firstorder_Kurtosis,5,100.0
Anova,lbp-3D-m2_firstorder_Kurtosis,5,100.0
L1 Logistic Regression,lbp-3D-m2_firstorder_Kurtosis,4,80.0
Mutual Information,lbp-3D-m2_firstorder_Kurtosis,3,60.0
DyGraFS,lbp-3D-m2_firstorder_Kurtosis,1,20.0
Vanilla RF,lbp-3D-m2_firstorder_Maximum,5,100.0
Variance,lbp-3D-m2_firstorder_Maximum,5,100.0
Anova,lbp-3D-m2_firstorder_Maximum,5,100.0
DyGraFS,lbp-3D-m2_firstorder_Maximum,4,80.0
Mutual Information,lbp-3D-m2_firstorder_Maximum,4,80.0
L1 Logistic Regression,lbp-3D-m2_firstorder_Maximum,4,80.0
RFE (SVM),lbp-3D-m2_firstorder_Maximum,4,80.0
Vanilla RF,lbp-3D-m2_firstorder_Mean,5,100.0
Variance,lbp-3D-m2_firstorder_Mean,5,100.0
Anova,lbp-3D-m2_firstorder_Mean,5,100.0
Mutual Information,lbp-3D-m2_firstorder_Mean,5,100.0
L1 Logistic Regression,lbp-3D-m2_firstorder_Mean,4,80.0
RFE (SVM),lbp-3D-m2_firstorder_Mean,2,40.0
DyGraFS,lbp-3D-m2_firstorder_Mean,1,20.0
Boruta,lbp-3D-m2_firstorder_Mean,1,20.0
Vanilla RF,lbp-3D-m2_firstorder_MeanAbsoluteDeviation,5,100.0
Variance,lbp-3D-m2_firstorder_MeanAbsoluteDeviation,5,100.0
Anova,lbp-3D-m2_firstorder_MeanAbsoluteDeviation,5,100.0
Mutual Information,lbp-3D-m2_firstorder_MeanAbsoluteDeviation,4,80.0
L1 Logistic Regression,lbp-3D-m2_firstorder_MeanAbsoluteDeviation,4,80.0
Vanilla RF,lbp-3D-m2_firstorder_Median,5,100.0
Variance,lbp-3D-m2_firstorder_Median,5,100.0
Anova,lbp-3D-m2_firstorder_Median,5,100.0
L1 Logistic Regression,lbp-3D-m2_firstorder_Median,5,100.0
RFE (SVM),lbp-3D-m2_firstorder_Median,5,100.0
Mutual Information,lbp-3D-m2_firstorder_Median,4,80.0
Boruta,lbp-3D-m2_firstorder_Median,2,40.0
DyGraFS,lbp-3D-m2_firstorder_Median,1,20.0
Vanilla RF,lbp-3D-m2_firstorder_Minimum,5,100.0
Variance,lbp-3D-m2_firstorder_Minimum,5,100.0
L1 Logistic Regression,lbp-3D-m2_firstorder_Minimum,4,80.0
RFE (SVM),lbp-3D-m2_firstorder_Minimum,2,40.0
Anova,lbp-3D-m2_firstorder_Minimum,1,20.0
Mutual Information,lbp-3D-m2_firstorder_Minimum,1,20.0
Vanilla RF,lbp-3D-m2_firstorder_Range,5,100.0
Variance,lbp-3D-m2_firstorder_Range,5,100.0
Anova,lbp-3D-m2_firstorder_Range,4,80.0
L1 Logistic Regression,lbp-3D-m2_firstorder_Range,4,80.0
Mutual Information,lbp-3D-m2_firstorder_Range,3,60.0
RFE (SVM),lbp-3D-m2_firstorder_Range,3,60.0
Vanilla RF,lbp-3D-m2_firstorder_RobustMeanAbsoluteDeviation,5,100.0
Variance,lbp-3D-m2_firstorder_RobustMeanAbsoluteDeviation,5,100.0
Anova,lbp-3D-m2_firstorder_RobustMeanAbsoluteDeviation,5,100.0
Mutual Information,lbp-3D-m2_firstorder_RobustMeanAbsoluteDeviation,4,80.0
L1 Logistic Regression,lbp-3D-m2_firstorder_RobustMeanAbsoluteDeviation,4,80.0
Boruta,lbp-3D-m2_firstorder_RobustMeanAbsoluteDeviation,1,20.0
Vanilla RF,lbp-3D-m2_firstorder_RootMeanSquared,5,100.0
Variance,lbp-3D-m2_firstorder_RootMeanSquared,5,100.0
Anova,lbp-3D-m2_firstorder_RootMeanSquared,5,100.0
Mutual Information,lbp-3D-m2_firstorder_RootMeanSquared,5,100.0
Boruta,lbp-3D-m2_firstorder_RootMeanSquared,5,100.0
L1 Logistic Regression,lbp-3D-m2_firstorder_RootMeanSquared,4,80.0
DyGraFS,lbp-3D-m2_firstorder_RootMeanSquared,1,20.0
RFE (SVM),lbp-3D-m2_firstorder_RootMeanSquared,1,20.0
Vanilla RF,lbp-3D-m2_firstorder_Skewness,5,100.0
L1 Logistic Regression,lbp-3D-m2_firstorder_Skewness,5,100.0
Variance,lbp-3D-m2_firstorder_Skewness,4,80.0
DyGraFS,lbp-3D-m2_firstorder_Skewness,2,40.0
RFE (SVM),lbp-3D-m2_firstorder_Skewness,2,40.0
Anova,lbp-3D-m2_firstorder_Skewness,1,20.0
Mutual Information,lbp-3D-m2_firstorder_Skewness,1,20.0
GFSIR,lbp-3D-m2_firstorder_Skewness,1,20.0
Vanilla RF,lbp-3D-m2_firstorder_TotalEnergy,5,100.0
Variance,lbp-3D-m2_firstorder_TotalEnergy,5,100.0
Mutual Information,lbp-3D-m2_firstorder_TotalEnergy,5,100.0
Anova,lbp-3D-m2_firstorder_TotalEnergy,4,80.0
L1 Logistic Regression,lbp-3D-m2_firstorder_TotalEnergy,4,80.0
Vanilla RF,lbp-3D-m2_firstorder_Uniformity,5,100.0
Anova,lbp-3D-m2_firstorder_Uniformity,1,20.0
Vanilla RF,lbp-3D-m2_firstorder_Variance,5,100.0
Variance,lbp-3D-m2_firstorder_Variance,5,100.0
Anova,lbp-3D-m2_firstorder_Variance,5,100.0
Mutual Information,lbp-3D-m2_firstorder_Variance,4,80.0
L1 Logistic Regression,lbp-3D-m2_firstorder_Variance,4,80.0
DyGraFS,lbp-3D-m2_firstorder_Variance,1,20.0
Vanilla RF,lbp-3D-m2_glcm_Autocorrelation,5,100.0
Anova,lbp-3D-m2_glcm_Autocorrelation,1,20.0
Mutual Information,lbp-3D-m2_glcm_Autocorrelation,1,20.0
Vanilla RF,lbp-3D-m2_glcm_ClusterProminence,5,100.0
Anova,lbp-3D-m2_glcm_ClusterProminence,1,20.0
Vanilla RF,lbp-3D-m2_glcm_ClusterShade,5,100.0
Anova,lbp-3D-m2_glcm_ClusterShade,1,20.0
Mutual Information,lbp-3D-m2_glcm_ClusterShade,1,20.0
Vanilla RF,lbp-3D-m2_glcm_ClusterTendency,5,100.0
Mutual Information,lbp-3D-m2_glcm_ClusterTendency,2,40.0
Anova,lbp-3D-m2_glcm_ClusterTendency,1,20.0
Vanilla RF,lbp-3D-m2_glcm_Contrast,5,100.0
Anova,lbp-3D-m2_glcm_Contrast,1,20.0
Vanilla RF,lbp-3D-m2_glcm_Correlation,5,100.0
Anova,lbp-3D-m2_glcm_Correlation,1,20.0
Mutual Information,lbp-3D-m2_glcm_Correlation,1,20.0
Vanilla RF,lbp-3D-m2_glcm_DifferenceAverage,5,100.0
Anova,lbp-3D-m2_glcm_DifferenceAverage,1,20.0
Vanilla RF,lbp-3D-m2_glcm_DifferenceEntropy,5,100.0
Anova,lbp-3D-m2_glcm_DifferenceEntropy,3,60.0
Mutual Information,lbp-3D-m2_glcm_DifferenceEntropy,1,20.0
Vanilla RF,lbp-3D-m2_glcm_DifferenceVariance,5,100.0
Anova,lbp-3D-m2_glcm_DifferenceVariance,1,20.0
Mutual Information,lbp-3D-m2_glcm_DifferenceVariance,1,20.0
Vanilla RF,lbp-3D-m2_glcm_Id,5,100.0
Anova,lbp-3D-m2_glcm_Id,1,20.0
Mutual Information,lbp-3D-m2_glcm_Id,1,20.0
Vanilla RF,lbp-3D-m2_glcm_Idm,5,100.0
Anova,lbp-3D-m2_glcm_Idm,1,20.0
Vanilla RF,lbp-3D-m2_glcm_Idmn,5,100.0
Anova,lbp-3D-m2_glcm_Idmn,1,20.0
Vanilla RF,lbp-3D-m2_glcm_Idn,5,100.0
Anova,lbp-3D-m2_glcm_Idn,1,20.0
Mutual Information,lbp-3D-m2_glcm_Idn,1,20.0
Vanilla RF,lbp-3D-m2_glcm_Imc1,5,100.0
Anova,lbp-3D-m2_glcm_Imc1,1,20.0
Mutual Information,lbp-3D-m2_glcm_Imc1,1,20.0
Vanilla RF,lbp-3D-m2_glcm_Imc2,5,100.0
Anova,lbp-3D-m2_glcm_Imc2,1,20.0
Vanilla RF,lbp-3D-m2_glcm_InverseVariance,5,100.0
Mutual Information,lbp-3D-m2_glcm_InverseVariance,2,40.0
Anova,lbp-3D-m2_glcm_InverseVariance,1,20.0
Vanilla RF,lbp-3D-m2_glcm_JointAverage,5,100.0
Anova,lbp-3D-m2_glcm_JointAverage,1,20.0
Vanilla RF,lbp-3D-m2_glcm_JointEnergy,5,100.0
Anova,lbp-3D-m2_glcm_JointEnergy,1,20.0
Vanilla RF,lbp-3D-m2_glcm_JointEntropy,5,100.0
Anova,lbp-3D-m2_glcm_JointEntropy,3,60.0
Vanilla RF,lbp-3D-m2_glcm_MCC,5,100.0
Anova,lbp-3D-m2_glcm_MCC,1,20.0
Mutual Information,lbp-3D-m2_glcm_MCC,1,20.0
Vanilla RF,lbp-3D-m2_glcm_MaximumProbability,5,100.0
Anova,lbp-3D-m2_glcm_MaximumProbability,1,20.0
Vanilla RF,lbp-3D-m2_glcm_SumAverage,5,100.0
Anova,lbp-3D-m2_glcm_SumAverage,1,20.0
Vanilla RF,lbp-3D-m2_glcm_SumEntropy,5,100.0
Anova,lbp-3D-m2_glcm_SumEntropy,3,60.0
Mutual Information,lbp-3D-m2_glcm_SumEntropy,1,20.0
Vanilla RF,lbp-3D-m2_glcm_SumSquares,5,100.0
Anova,lbp-3D-m2_glcm_SumSquares,1,20.0
Mutual Information,lbp-3D-m2_glcm_SumSquares,1,20.0
Vanilla RF,lbp-3D-m2_gldm_DependenceEntropy,5,100.0
Variance,lbp-3D-m2_gldm_DependenceEntropy,5,100.0
Anova,lbp-3D-m2_gldm_DependenceEntropy,5,100.0
L1 Logistic Regression,lbp-3D-m2_gldm_DependenceEntropy,4,80.0
Mutual Information,lbp-3D-m2_gldm_DependenceEntropy,2,40.0
RFE (SVM),lbp-3D-m2_gldm_DependenceEntropy,1,20.0
Vanilla RF,lbp-3D-m2_gldm_DependenceNonUniformity,5,100.0
Variance,lbp-3D-m2_gldm_DependenceNonUniformity,5,100.0
Mutual Information,lbp-3D-m2_gldm_DependenceNonUniformity,5,100.0
L1 Logistic Regression,lbp-3D-m2_gldm_DependenceNonUniformity,4,80.0
Anova,lbp-3D-m2_gldm_DependenceNonUniformity,3,60.0
RFE (SVM),lbp-3D-m2_gldm_DependenceNonUniformity,1,20.0
Vanilla RF,lbp-3D-m2_gldm_DependenceNonUniformityNormalized,5,100.0
Variance,lbp-3D-m2_gldm_DependenceNonUniformityNormalized,5,100.0
Anova,lbp-3D-m2_gldm_DependenceNonUniformityNormalized,5,100.0
Mutual Information,lbp-3D-m2_gldm_DependenceNonUniformityNormalized,3,60.0
L1 Logistic Regression,lbp-3D-m2_gldm_DependenceNonUniformityNormalized,3,60.0
Vanilla RF,lbp-3D-m2_gldm_DependenceVariance,5,100.0
Variance,lbp-3D-m2_gldm_DependenceVariance,5,100.0
L1 Logistic Regression,lbp-3D-m2_gldm_DependenceVariance,4,80.0
Anova,lbp-3D-m2_gldm_DependenceVariance,3,60.0
Mutual Information,lbp-3D-m2_gldm_DependenceVariance,2,40.0
RFE (SVM),lbp-3D-m2_gldm_DependenceVariance,1,20.0
Vanilla RF,lbp-3D-m2_gldm_GrayLevelNonUniformity,5,100.0
Variance,lbp-3D-m2_gldm_GrayLevelNonUniformity,5,100.0
Mutual Information,lbp-3D-m2_gldm_GrayLevelNonUniformity,5,100.0
Anova,lbp-3D-m2_gldm_GrayLevelNonUniformity,4,80.0
L1 Logistic Regression,lbp-3D-m2_gldm_GrayLevelNonUniformity,4,80.0
Vanilla RF,lbp-3D-m2_gldm_GrayLevelVariance,5,100.0
Anova,lbp-3D-m2_gldm_GrayLevelVariance,1,20.0
Mutual Information,lbp-3D-m2_gldm_GrayLevelVariance,1,20.0
Vanilla RF,lbp-3D-m2_gldm_HighGrayLevelEmphasis,5,100.0
Anova,lbp-3D-m2_gldm_HighGrayLevelEmphasis,1,20.0
Vanilla RF,lbp-3D-m2_gldm_LargeDependenceEmphasis,5,100.0
Variance,lbp-3D-m2_gldm_LargeDependenceEmphasis,5,100.0
Anova,lbp-3D-m2_gldm_LargeDependenceEmphasis,5,100.0
Mutual Information,lbp-3D-m2_gldm_LargeDependenceEmphasis,5,100.0
L1 Logistic Regression,lbp-3D-m2_gldm_LargeDependenceEmphasis,4,80.0
Vanilla RF,lbp-3D-m2_gldm_LargeDependenceHighGrayLevelEmphasis,5,100.0
Variance,lbp-3D-m2_gldm_LargeDependenceHighGrayLevelEmphasis,5,100.0
Anova,lbp-3D-m2_gldm_LargeDependenceHighGrayLevelEmphasis,5,100.0
Mutual Information,lbp-3D-m2_gldm_LargeDependenceHighGrayLevelEmphasis,5,100.0
L1 Logistic Regression,lbp-3D-m2_gldm_LargeDependenceHighGrayLevelEmphasis,4,80.0
Vanilla RF,lbp-3D-m2_gldm_LargeDependenceLowGrayLevelEmphasis,5,100.0
Variance,lbp-3D-m2_gldm_LargeDependenceLowGrayLevelEmphasis,5,100.0
Anova,lbp-3D-m2_gldm_LargeDependenceLowGrayLevelEmphasis,5,100.0
Mutual Information,lbp-3D-m2_gldm_LargeDependenceLowGrayLevelEmphasis,5,100.0
L1 Logistic Regression,lbp-3D-m2_gldm_LargeDependenceLowGrayLevelEmphasis,4,80.0
DyGraFS,lbp-3D-m2_gldm_LargeDependenceLowGrayLevelEmphasis,1,20.0
Vanilla RF,lbp-3D-m2_gldm_LowGrayLevelEmphasis,5,100.0
Anova,lbp-3D-m2_gldm_LowGrayLevelEmphasis,1,20.0
Mutual Information,lbp-3D-m2_gldm_LowGrayLevelEmphasis,1,20.0
Vanilla RF,lbp-3D-m2_gldm_SmallDependenceEmphasis,5,100.0
L1 Logistic Regression,lbp-3D-m2_gldm_SmallDependenceEmphasis,4,80.0
Anova,lbp-3D-m2_gldm_SmallDependenceEmphasis,3,60.0
Mutual Information,lbp-3D-m2_gldm_SmallDependenceEmphasis,2,40.0
Vanilla RF,lbp-3D-m2_gldm_SmallDependenceHighGrayLevelEmphasis,5,100.0
L1 Logistic Regression,lbp-3D-m2_gldm_SmallDependenceHighGrayLevelEmphasis,4,80.0
Anova,lbp-3D-m2_gldm_SmallDependenceHighGrayLevelEmphasis,3,60.0
Mutual Information,lbp-3D-m2_gldm_SmallDependenceHighGrayLevelEmphasis,2,40.0
Vanilla RF,lbp-3D-m2_gldm_SmallDependenceLowGrayLevelEmphasis,5,100.0
L1 Logistic Regression,lbp-3D-m2_gldm_SmallDependenceLowGrayLevelEmphasis,4,80.0
Anova,lbp-3D-m2_gldm_SmallDependenceLowGrayLevelEmphasis,3,60.0
Mutual Information,lbp-3D-m2_gldm_SmallDependenceLowGrayLevelEmphasis,2,40.0
Vanilla RF,lbp-3D-m2_glrlm_GrayLevelNonUniformity,5,100.0
Variance,lbp-3D-m2_glrlm_GrayLevelNonUniformity,5,100.0
Mutual Information,lbp-3D-m2_glrlm_GrayLevelNonUniformity,5,100.0
Anova,lbp-3D-m2_glrlm_GrayLevelNonUniformity,4,80.0
L1 Logistic Regression,lbp-3D-m2_glrlm_GrayLevelNonUniformity,4,80.0
Boruta,lbp-3D-m2_glrlm_GrayLevelNonUniformity,1,20.0
Vanilla RF,lbp-3D-m2_glrlm_GrayLevelNonUniformityNormalized,5,100.0
Mutual Information,lbp-3D-m2_glrlm_GrayLevelNonUniformityNormalized,2,40.0
Anova,lbp-3D-m2_glrlm_GrayLevelNonUniformityNormalized,1,20.0
Vanilla RF,lbp-3D-m2_glrlm_GrayLevelVariance,5,100.0
Anova,lbp-3D-m2_glrlm_GrayLevelVariance,1,20.0
Mutual Information,lbp-3D-m2_glrlm_GrayLevelVariance,1,20.0
Vanilla RF,lbp-3D-m2_glrlm_HighGrayLevelRunEmphasis,5,100.0
Anova,lbp-3D-m2_glrlm_HighGrayLevelRunEmphasis,1,20.0
Vanilla RF,lbp-3D-m2_glrlm_LongRunEmphasis,5,100.0
Variance,lbp-3D-m2_glrlm_LongRunEmphasis,5,100.0
Mutual Information,lbp-3D-m2_glrlm_LongRunEmphasis,5,100.0
Anova,lbp-3D-m2_glrlm_LongRunEmphasis,4,80.0
L1 Logistic Regression,lbp-3D-m2_glrlm_LongRunEmphasis,4,80.0
RFE (SVM),lbp-3D-m2_glrlm_LongRunEmphasis,1,20.0
Vanilla RF,lbp-3D-m2_glrlm_LongRunHighGrayLevelEmphasis,5,100.0
Variance,lbp-3D-m2_glrlm_LongRunHighGrayLevelEmphasis,5,100.0
Mutual Information,lbp-3D-m2_glrlm_LongRunHighGrayLevelEmphasis,5,100.0
Anova,lbp-3D-m2_glrlm_LongRunHighGrayLevelEmphasis,4,80.0
L1 Logistic Regression,lbp-3D-m2_glrlm_LongRunHighGrayLevelEmphasis,4,80.0
RFE (SVM),lbp-3D-m2_glrlm_LongRunHighGrayLevelEmphasis,3,60.0
Vanilla RF,lbp-3D-m2_glrlm_LongRunLowGrayLevelEmphasis,5,100.0
Variance,lbp-3D-m2_glrlm_LongRunLowGrayLevelEmphasis,5,100.0
Mutual Information,lbp-3D-m2_glrlm_LongRunLowGrayLevelEmphasis,5,100.0
Anova,lbp-3D-m2_glrlm_LongRunLowGrayLevelEmphasis,4,80.0
L1 Logistic Regression,lbp-3D-m2_glrlm_LongRunLowGrayLevelEmphasis,4,80.0
RFE (SVM),lbp-3D-m2_glrlm_LongRunLowGrayLevelEmphasis,1,20.0
Vanilla RF,lbp-3D-m2_glrlm_LowGrayLevelRunEmphasis,5,100.0
Anova,lbp-3D-m2_glrlm_LowGrayLevelRunEmphasis,1,20.0
Mutual Information,lbp-3D-m2_glrlm_LowGrayLevelRunEmphasis,1,20.0
Vanilla RF,lbp-3D-m2_glrlm_RunEntropy,5,100.0
Variance,lbp-3D-m2_glrlm_RunEntropy,5,100.0
Anova,lbp-3D-m2_glrlm_RunEntropy,5,100.0
Mutual Information,lbp-3D-m2_glrlm_RunEntropy,5,100.0
L1 Logistic Regression,lbp-3D-m2_glrlm_RunEntropy,4,80.0
RFE (SVM),lbp-3D-m2_glrlm_RunEntropy,2,40.0
Vanilla RF,lbp-3D-m2_glrlm_RunLengthNonUniformity,5,100.0
Variance,lbp-3D-m2_glrlm_RunLengthNonUniformity,5,100.0
Mutual Information,lbp-3D-m2_glrlm_RunLengthNonUniformity,5,100.0
Anova,lbp-3D-m2_glrlm_RunLengthNonUniformity,4,80.0
L1 Logistic Regression,lbp-3D-m2_glrlm_RunLengthNonUniformity,4,80.0
Boruta,lbp-3D-m2_glrlm_RunLengthNonUniformity,4,80.0
RFE (SVM),lbp-3D-m2_glrlm_RunLengthNonUniformity,2,40.0
Vanilla RF,lbp-3D-m2_glrlm_RunLengthNonUniformityNormalized,5,100.0
Variance,lbp-3D-m2_glrlm_RunLengthNonUniformityNormalized,4,80.0
L1 Logistic Regression,lbp-3D-m2_glrlm_RunLengthNonUniformityNormalized,4,80.0
Anova,lbp-3D-m2_glrlm_RunLengthNonUniformityNormalized,3,60.0
Mutual Information,lbp-3D-m2_glrlm_RunLengthNonUniformityNormalized,2,40.0
Vanilla RF,lbp-3D-m2_glrlm_RunPercentage,5,100.0
Variance,lbp-3D-m2_glrlm_RunPercentage,4,80.0
Anova,lbp-3D-m2_glrlm_RunPercentage,4,80.0
L1 Logistic Regression,lbp-3D-m2_glrlm_RunPercentage,4,80.0
Mutual Information,lbp-3D-m2_glrlm_RunPercentage,3,60.0
Vanilla RF,lbp-3D-m2_glrlm_RunVariance,5,100.0
Variance,lbp-3D-m2_glrlm_RunVariance,5,100.0
Anova,lbp-3D-m2_glrlm_RunVariance,5,100.0
Mutual Information,lbp-3D-m2_glrlm_RunVariance,5,100.0
RFE (SVM),lbp-3D-m2_glrlm_RunVariance,5,100.0
L1 Logistic Regression,lbp-3D-m2_glrlm_RunVariance,4,80.0
Vanilla RF,lbp-3D-m2_glrlm_ShortRunEmphasis,5,100.0
Variance,lbp-3D-m2_glrlm_ShortRunEmphasis,4,80.0
L1 Logistic Regression,lbp-3D-m2_glrlm_ShortRunEmphasis,4,80.0
RFE (SVM),lbp-3D-m2_glrlm_ShortRunEmphasis,2,40.0
Anova,lbp-3D-m2_glrlm_ShortRunEmphasis,1,20.0
Vanilla RF,lbp-3D-m2_glrlm_ShortRunHighGrayLevelEmphasis,5,100.0
Variance,lbp-3D-m2_glrlm_ShortRunHighGrayLevelEmphasis,4,80.0
L1 Logistic Regression,lbp-3D-m2_glrlm_ShortRunHighGrayLevelEmphasis,4,80.0
Anova,lbp-3D-m2_glrlm_ShortRunHighGrayLevelEmphasis,1,20.0
RFE (SVM),lbp-3D-m2_glrlm_ShortRunHighGrayLevelEmphasis,1,20.0
Vanilla RF,lbp-3D-m2_glrlm_ShortRunLowGrayLevelEmphasis,5,100.0
Variance,lbp-3D-m2_glrlm_ShortRunLowGrayLevelEmphasis,4,80.0
L1 Logistic Regression,lbp-3D-m2_glrlm_ShortRunLowGrayLevelEmphasis,4,80.0
RFE (SVM),lbp-3D-m2_glrlm_ShortRunLowGrayLevelEmphasis,2,40.0
Anova,lbp-3D-m2_glrlm_ShortRunLowGrayLevelEmphasis,1,20.0
Vanilla RF,lbp-3D-m2_glszm_GrayLevelNonUniformity,5,100.0
Variance,lbp-3D-m2_glszm_GrayLevelNonUniformity,5,100.0
L1 Logistic Regression,lbp-3D-m2_glszm_GrayLevelNonUniformity,4,80.0
Mutual Information,lbp-3D-m2_glszm_GrayLevelNonUniformity,2,40.0
RFE (SVM),lbp-3D-m2_glszm_GrayLevelNonUniformity,2,40.0
Anova,lbp-3D-m2_glszm_GrayLevelNonUniformity,1,20.0
Vanilla RF,lbp-3D-m2_glszm_GrayLevelNonUniformityNormalized,5,100.0
Anova,lbp-3D-m2_glszm_GrayLevelNonUniformityNormalized,1,20.0
Mutual Information,lbp-3D-m2_glszm_GrayLevelNonUniformityNormalized,1,20.0
Vanilla RF,lbp-3D-m2_glszm_GrayLevelVariance,5,100.0
Anova,lbp-3D-m2_glszm_GrayLevelVariance,1,20.0
Mutual Information,lbp-3D-m2_glszm_GrayLevelVariance,1,20.0
Vanilla RF,lbp-3D-m2_glszm_HighGrayLevelZoneEmphasis,5,100.0
Mutual Information,lbp-3D-m2_glszm_HighGrayLevelZoneEmphasis,2,40.0
Anova,lbp-3D-m2_glszm_HighGrayLevelZoneEmphasis,1,20.0
Vanilla RF,lbp-3D-m2_glszm_LargeAreaEmphasis,5,100.0
Variance,lbp-3D-m2_glszm_LargeAreaEmphasis,5,100.0
Mutual Information,lbp-3D-m2_glszm_LargeAreaEmphasis,5,100.0
L1 Logistic Regression,lbp-3D-m2_glszm_LargeAreaEmphasis,5,100.0
Anova,lbp-3D-m2_glszm_LargeAreaEmphasis,2,40.0
RFE (SVM),lbp-3D-m2_glszm_LargeAreaEmphasis,1,20.0
Vanilla RF,lbp-3D-m2_glszm_LargeAreaHighGrayLevelEmphasis,5,100.0
Variance,lbp-3D-m2_glszm_LargeAreaHighGrayLevelEmphasis,5,100.0
Mutual Information,lbp-3D-m2_glszm_LargeAreaHighGrayLevelEmphasis,5,100.0
L1 Logistic Regression,lbp-3D-m2_glszm_LargeAreaHighGrayLevelEmphasis,5,100.0
Anova,lbp-3D-m2_glszm_LargeAreaHighGrayLevelEmphasis,2,40.0
RFE (SVM),lbp-3D-m2_glszm_LargeAreaHighGrayLevelEmphasis,1,20.0
Vanilla RF,lbp-3D-m2_glszm_LargeAreaLowGrayLevelEmphasis,5,100.0
Variance,lbp-3D-m2_glszm_LargeAreaLowGrayLevelEmphasis,5,100.0
Mutual Information,lbp-3D-m2_glszm_LargeAreaLowGrayLevelEmphasis,5,100.0
L1 Logistic Regression,lbp-3D-m2_glszm_LargeAreaLowGrayLevelEmphasis,5,100.0
Anova,lbp-3D-m2_glszm_LargeAreaLowGrayLevelEmphasis,2,40.0
RFE (SVM),lbp-3D-m2_glszm_LargeAreaLowGrayLevelEmphasis,1,20.0
Vanilla RF,lbp-3D-m2_glszm_LowGrayLevelZoneEmphasis,5,100.0
Anova,lbp-3D-m2_glszm_LowGrayLevelZoneEmphasis,1,20.0
Vanilla RF,lbp-3D-m2_glszm_SizeZoneNonUniformity,5,100.0
Anova,lbp-3D-m2_glszm_SizeZoneNonUniformity,1,20.0
Vanilla RF,lbp-3D-m2_glszm_SizeZoneNonUniformityNormalized,5,100.0
Variance,lbp-3D-m2_glszm_SizeZoneNonUniformityNormalized,5,100.0
L1 Logistic Regression,lbp-3D-m2_glszm_SizeZoneNonUniformityNormalized,5,100.0
RFE (SVM),lbp-3D-m2_glszm_SizeZoneNonUniformityNormalized,3,60.0
Anova,lbp-3D-m2_glszm_SizeZoneNonUniformityNormalized,1,20.0
Vanilla RF,lbp-3D-m2_glszm_SmallAreaEmphasis,5,100.0
Mutual Information,lbp-3D-m2_glszm_SmallAreaEmphasis,5,100.0
Variance,lbp-3D-m2_glszm_SmallAreaEmphasis,4,80.0
L1 Logistic Regression,lbp-3D-m2_glszm_SmallAreaEmphasis,4,80.0
Anova,lbp-3D-m2_glszm_SmallAreaEmphasis,1,20.0
RFE (SVM),lbp-3D-m2_glszm_SmallAreaEmphasis,1,20.0
Vanilla RF,lbp-3D-m2_glszm_SmallAreaHighGrayLevelEmphasis,5,100.0
Mutual Information,lbp-3D-m2_glszm_SmallAreaHighGrayLevelEmphasis,5,100.0
Variance,lbp-3D-m2_glszm_SmallAreaHighGrayLevelEmphasis,4,80.0
L1 Logistic Regression,lbp-3D-m2_glszm_SmallAreaHighGrayLevelEmphasis,4,80.0
Anova,lbp-3D-m2_glszm_SmallAreaHighGrayLevelEmphasis,1,20.0
RFE (SVM),lbp-3D-m2_glszm_SmallAreaHighGrayLevelEmphasis,1,20.0
Vanilla RF,lbp-3D-m2_glszm_SmallAreaLowGrayLevelEmphasis,5,100.0
Mutual Information,lbp-3D-m2_glszm_SmallAreaLowGrayLevelEmphasis,5,100.0
Variance,lbp-3D-m2_glszm_SmallAreaLowGrayLevelEmphasis,4,80.0
L1 Logistic Regression,lbp-3D-m2_glszm_SmallAreaLowGrayLevelEmphasis,4,80.0
Anova,lbp-3D-m2_glszm_SmallAreaLowGrayLevelEmphasis,1,20.0
RFE (SVM),lbp-3D-m2_glszm_SmallAreaLowGrayLevelEmphasis,1,20.0
Vanilla RF,lbp-3D-m2_glszm_ZoneEntropy,5,100.0
Variance,lbp-3D-m2_glszm_ZoneEntropy,5,100.0
L1 Logistic Regression,lbp-3D-m2_glszm_ZoneEntropy,4,80.0
DyGraFS,lbp-3D-m2_glszm_ZoneEntropy,1,20.0
Anova,lbp-3D-m2_glszm_ZoneEntropy,1,20.0
Vanilla RF,lbp-3D-m2_glszm_ZonePercentage,5,100.0
Mutual Information,lbp-3D-m2_glszm_ZonePercentage,5,100.0
L1 Logistic Regression,lbp-3D-m2_glszm_ZonePercentage,4,80.0
Anova,lbp-3D-m2_glszm_ZonePercentage,3,60.0
RFE (SVM),lbp-3D-m2_glszm_ZonePercentage,1,20.0
Vanilla RF,lbp-3D-m2_glszm_ZoneVariance,5,100.0
Variance,lbp-3D-m2_glszm_ZoneVariance,5,100.0
L1 Logistic Regression,lbp-3D-m2_glszm_ZoneVariance,5,100.0
DyGraFS,lbp-3D-m2_glszm_ZoneVariance,1,20.0
Anova,lbp-3D-m2_glszm_ZoneVariance,1,20.0
RFE (SVM),lbp-3D-m2_glszm_ZoneVariance,1,20.0
GFSIR,lbp-3D-m2_glszm_ZoneVariance,1,20.0
Vanilla RF,lbp-3D-m2_ngtdm_Busyness,5,100.0
Anova,lbp-3D-m2_ngtdm_Busyness,1,20.0
Vanilla RF,lbp-3D-m2_ngtdm_Coarseness,5,100.0
Anova,lbp-3D-m2_ngtdm_Coarseness,1,20.0
Mutual Information,lbp-3D-m2_ngtdm_Coarseness,1,20.0
Vanilla RF,lbp-3D-m2_ngtdm_Complexity,5,100.0
Anova,lbp-3D-m2_ngtdm_Complexity,1,20.0
Vanilla RF,lbp-3D-m2_ngtdm_Contrast,5,100.0
Anova,lbp-3D-m2_ngtdm_Contrast,1,20.0
Vanilla RF,lbp-3D-m2_ngtdm_Strength,5,100.0
Anova,lbp-3D-m2_ngtdm_Strength,1,20.0
Vanilla RF,logarithm_firstorder_10Percentile,5,100.0
Variance,logarithm_firstorder_10Percentile,5,100.0
L1 Logistic Regression,logarithm_firstorder_10Percentile,4,80.0
Anova,logarithm_firstorder_10Percentile,3,60.0
Mutual Information,logarithm_firstorder_10Percentile,2,40.0
RFE (SVM),logarithm_firstorder_10Percentile,1,20.0
Vanilla RF,logarithm_firstorder_90Percentile,5,100.0
Variance,logarithm_firstorder_90Percentile,5,100.0
L1 Logistic Regression,logarithm_firstorder_90Percentile,4,80.0
RFE (SVM),logarithm_firstorder_90Percentile,2,40.0
Anova,logarithm_firstorder_90Percentile,1,20.0
Vanilla RF,logarithm_firstorder_Energy,5,100.0
Variance,logarithm_firstorder_Energy,5,100.0
Mutual Information,logarithm_firstorder_Energy,5,100.0
Anova,logarithm_firstorder_Energy,4,80.0
L1 Logistic Regression,logarithm_firstorder_Energy,4,80.0
RFE (SVM),logarithm_firstorder_Energy,1,20.0
Vanilla RF,logarithm_firstorder_Entropy,5,100.0
Variance,logarithm_firstorder_Entropy,5,100.0
L1 Logistic Regression,logarithm_firstorder_Entropy,3,60.0
DyGraFS,logarithm_firstorder_Entropy,2,40.0
Mutual Information,logarithm_firstorder_Entropy,2,40.0
Anova,logarithm_firstorder_Entropy,1,20.0
Vanilla RF,logarithm_firstorder_InterquartileRange,5,100.0
Variance,logarithm_firstorder_InterquartileRange,5,100.0
Anova,logarithm_firstorder_InterquartileRange,4,80.0
L1 Logistic Regression,logarithm_firstorder_InterquartileRange,4,80.0
Mutual Information,logarithm_firstorder_InterquartileRange,3,60.0
RFE (SVM),logarithm_firstorder_InterquartileRange,2,40.0
Vanilla RF,logarithm_firstorder_Kurtosis,5,100.0
Variance,logarithm_firstorder_Kurtosis,5,100.0
L1 Logistic Regression,logarithm_firstorder_Kurtosis,4,80.0
Mutual Information,logarithm_firstorder_Kurtosis,2,40.0
DyGraFS,logarithm_firstorder_Kurtosis,1,20.0
Anova,logarithm_firstorder_Kurtosis,1,20.0
RFE (SVM),logarithm_firstorder_Kurtosis,1,20.0
Vanilla RF,logarithm_firstorder_Maximum,5,100.0
Variance,logarithm_firstorder_Maximum,5,100.0
L1 Logistic Regression,logarithm_firstorder_Maximum,4,80.0
RFE (SVM),logarithm_firstorder_Maximum,2,40.0
Anova,logarithm_firstorder_Maximum,1,20.0
Vanilla RF,logarithm_firstorder_Mean,5,100.0
Variance,logarithm_firstorder_Mean,5,100.0
L1 Logistic Regression,logarithm_firstorder_Mean,4,80.0
Mutual Information,logarithm_firstorder_Mean,2,40.0
Anova,logarithm_firstorder_Mean,1,20.0
RFE (SVM),logarithm_firstorder_Mean,1,20.0
Vanilla RF,logarithm_firstorder_MeanAbsoluteDeviation,5,100.0
Variance,logarithm_firstorder_MeanAbsoluteDeviation,5,100.0
L1 Logistic Regression,logarithm_firstorder_MeanAbsoluteDeviation,4,80.0
Anova,logarithm_firstorder_MeanAbsoluteDeviation,3,60.0
Mutual Information,logarithm_firstorder_MeanAbsoluteDeviation,2,40.0
DyGraFS,logarithm_firstorder_MeanAbsoluteDeviation,1,20.0
RFE (SVM),logarithm_firstorder_MeanAbsoluteDeviation,1,20.0
Vanilla RF,logarithm_firstorder_Median,5,100.0
Variance,logarithm_firstorder_Median,5,100.0
L1 Logistic Regression,logarithm_firstorder_Median,4,80.0
RFE (SVM),logarithm_firstorder_Median,2,40.0
Anova,logarithm_firstorder_Median,1,20.0
Vanilla RF,logarithm_firstorder_Minimum,5,100.0
Variance,logarithm_firstorder_Minimum,5,100.0
L1 Logistic Regression,logarithm_firstorder_Minimum,4,80.0
DyGraFS,logarithm_firstorder_Minimum,2,40.0
Mutual Information,logarithm_firstorder_Minimum,2,40.0
RFE (SVM),logarithm_firstorder_Minimum,2,40.0
Anova,logarithm_firstorder_Minimum,1,20.0
Vanilla RF,logarithm_firstorder_Range,5,100.0
Variance,logarithm_firstorder_Range,5,100.0
L1 Logistic Regression,logarithm_firstorder_Range,4,80.0
Anova,logarithm_firstorder_Range,3,60.0
DyGraFS,logarithm_firstorder_Range,2,40.0
Mutual Information,logarithm_firstorder_Range,2,40.0
RFE (SVM),logarithm_firstorder_Range,1,20.0
Vanilla RF,logarithm_firstorder_RobustMeanAbsoluteDeviation,5,100.0
Variance,logarithm_firstorder_RobustMeanAbsoluteDeviation,5,100.0
Anova,logarithm_firstorder_RobustMeanAbsoluteDeviation,4,80.0
Mutual Information,logarithm_firstorder_RobustMeanAbsoluteDeviation,4,80.0
L1 Logistic Regression,logarithm_firstorder_RobustMeanAbsoluteDeviation,4,80.0
RFE (SVM),logarithm_firstorder_RobustMeanAbsoluteDeviation,1,20.0
Vanilla RF,logarithm_firstorder_RootMeanSquared,5,100.0
Variance,logarithm_firstorder_RootMeanSquared,5,100.0
L1 Logistic Regression,logarithm_firstorder_RootMeanSquared,4,80.0
Anova,logarithm_firstorder_RootMeanSquared,1,20.0
Mutual Information,logarithm_firstorder_RootMeanSquared,1,20.0
RFE (SVM),logarithm_firstorder_RootMeanSquared,1,20.0
Vanilla RF,logarithm_firstorder_Skewness,5,100.0
Variance,logarithm_firstorder_Skewness,5,100.0
L1 Logistic Regression,logarithm_firstorder_Skewness,4,80.0
Anova,logarithm_firstorder_Skewness,3,60.0
DyGraFS,logarithm_firstorder_Skewness,2,40.0
Mutual Information,logarithm_firstorder_Skewness,2,40.0
RFE (SVM),logarithm_firstorder_Skewness,1,20.0
GFSIR,logarithm_firstorder_Skewness,1,20.0
Vanilla RF,logarithm_firstorder_TotalEnergy,5,100.0
Variance,logarithm_firstorder_TotalEnergy,5,100.0
Mutual Information,logarithm_firstorder_TotalEnergy,5,100.0
Anova,logarithm_firstorder_TotalEnergy,4,80.0
L1 Logistic Regression,logarithm_firstorder_TotalEnergy,4,80.0
RFE (SVM),logarithm_firstorder_TotalEnergy,1,20.0
Vanilla RF,logarithm_firstorder_Uniformity,5,100.0
Variance,logarithm_firstorder_Uniformity,4,80.0
L1 Logistic Regression,logarithm_firstorder_Uniformity,4,80.0
Mutual Information,logarithm_firstorder_Uniformity,2,40.0
Anova,logarithm_firstorder_Uniformity,1,20.0
RFE (SVM),logarithm_firstorder_Uniformity,1,20.0
Vanilla RF,logarithm_firstorder_Variance,5,100.0
Variance,logarithm_firstorder_Variance,5,100.0
L1 Logistic Regression,logarithm_firstorder_Variance,4,80.0
Anova,logarithm_firstorder_Variance,2,40.0
Mutual Information,logarithm_firstorder_Variance,2,40.0
RFE (SVM),logarithm_firstorder_Variance,1,20.0
Boruta,logarithm_firstorder_Variance,1,20.0
Vanilla RF,logarithm_glcm_Autocorrelation,5,100.0
Variance,logarithm_glcm_Autocorrelation,5,100.0
L1 Logistic Regression,logarithm_glcm_Autocorrelation,4,80.0
Mutual Information,logarithm_glcm_Autocorrelation,2,40.0
Anova,logarithm_glcm_Autocorrelation,1,20.0
Vanilla RF,logarithm_glcm_ClusterProminence,5,100.0
Variance,logarithm_glcm_ClusterProminence,5,100.0
L1 Logistic Regression,logarithm_glcm_ClusterProminence,4,80.0
Mutual Information,logarithm_glcm_ClusterProminence,2,40.0
Anova,logarithm_glcm_ClusterProminence,1,20.0
RFE (SVM),logarithm_glcm_ClusterProminence,1,20.0
Vanilla RF,logarithm_glcm_ClusterShade,5,100.0
L1 Logistic Regression,logarithm_glcm_ClusterShade,5,100.0
Variance,logarithm_glcm_ClusterShade,4,80.0
Mutual Information,logarithm_glcm_ClusterShade,2,40.0
Anova,logarithm_glcm_ClusterShade,1,20.0
Vanilla RF,logarithm_glcm_ClusterTendency,5,100.0
Variance,logarithm_glcm_ClusterTendency,5,100.0
L1 Logistic Regression,logarithm_glcm_ClusterTendency,4,80.0
Anova,logarithm_glcm_ClusterTendency,1,20.0
RFE (SVM),logarithm_glcm_ClusterTendency,1,20.0
Vanilla RF,logarithm_glcm_Contrast,5,100.0
Variance,logarithm_glcm_Contrast,4,80.0
L1 Logistic Regression,logarithm_glcm_Contrast,3,60.0
Mutual Information,logarithm_glcm_Contrast,2,40.0
Anova,logarithm_glcm_Contrast,1,20.0
Vanilla RF,logarithm_glcm_Correlation,5,100.0
Variance,logarithm_glcm_Correlation,5,100.0
L1 Logistic Regression,logarithm_glcm_Correlation,4,80.0
RFE (SVM),logarithm_glcm_Correlation,2,40.0
Anova,logarithm_glcm_Correlation,1,20.0
Mutual Information,logarithm_glcm_Correlation,1,20.0
Vanilla RF,logarithm_glcm_DifferenceAverage,5,100.0
Variance,logarithm_glcm_DifferenceAverage,4,80.0
L1 Logistic Regression,logarithm_glcm_DifferenceAverage,3,60.0
Mutual Information,logarithm_glcm_DifferenceAverage,2,40.0
Anova,logarithm_glcm_DifferenceAverage,1,20.0
RFE (SVM),logarithm_glcm_DifferenceAverage,1,20.0
Vanilla RF,logarithm_glcm_DifferenceEntropy,5,100.0
Variance,logarithm_glcm_DifferenceEntropy,5,100.0
L1 Logistic Regression,logarithm_glcm_DifferenceEntropy,3,60.0
Anova,logarithm_glcm_DifferenceEntropy,1,20.0
Mutual Information,logarithm_glcm_DifferenceEntropy,1,20.0
RFE (SVM),logarithm_glcm_DifferenceEntropy,1,20.0
Vanilla RF,logarithm_glcm_DifferenceVariance,5,100.0
Variance,logarithm_glcm_DifferenceVariance,3,60.0
L1 Logistic Regression,logarithm_glcm_DifferenceVariance,3,60.0
Mutual Information,logarithm_glcm_DifferenceVariance,2,40.0
Anova,logarithm_glcm_DifferenceVariance,1,20.0
Vanilla RF,logarithm_glcm_Id,5,100.0
Variance,logarithm_glcm_Id,3,60.0
L1 Logistic Regression,logarithm_glcm_Id,3,60.0
Mutual Information,logarithm_glcm_Id,2,40.0
Anova,logarithm_glcm_Id,1,20.0
Vanilla RF,logarithm_glcm_Idm,5,100.0
Variance,logarithm_glcm_Idm,3,60.0
L1 Logistic Regression,logarithm_glcm_Idm,3,60.0
Mutual Information,logarithm_glcm_Idm,2,40.0
Anova,logarithm_glcm_Idm,1,20.0
Vanilla RF,logarithm_glcm_Idmn,5,100.0
L1 Logistic Regression,logarithm_glcm_Idmn,3,60.0
Mutual Information,logarithm_glcm_Idmn,2,40.0
Variance,logarithm_glcm_Idmn,1,20.0
Anova,logarithm_glcm_Idmn,1,20.0
Vanilla RF,logarithm_glcm_Idn,5,100.0
Variance,logarithm_glcm_Idn,3,60.0
L1 Logistic Regression,logarithm_glcm_Idn,3,60.0
Mutual Information,logarithm_glcm_Idn,2,40.0
Anova,logarithm_glcm_Idn,1,20.0
Vanilla RF,logarithm_glcm_Imc1,5,100.0
Variance,logarithm_glcm_Imc1,5,100.0
L1 Logistic Regression,logarithm_glcm_Imc1,4,80.0
Anova,logarithm_glcm_Imc1,2,40.0
RFE (SVM),logarithm_glcm_Imc1,2,40.0
Mutual Information,logarithm_glcm_Imc1,1,20.0
Vanilla RF,logarithm_glcm_Imc2,5,100.0
Variance,logarithm_glcm_Imc2,5,100.0
L1 Logistic Regression,logarithm_glcm_Imc2,4,80.0
Anova,logarithm_glcm_Imc2,1,20.0
Mutual Information,logarithm_glcm_Imc2,1,20.0
RFE (SVM),logarithm_glcm_Imc2,1,20.0
Vanilla RF,logarithm_glcm_InverseVariance,5,100.0
Variance,logarithm_glcm_InverseVariance,4,80.0
L1 Logistic Regression,logarithm_glcm_InverseVariance,3,60.0
Mutual Information,logarithm_glcm_InverseVariance,2,40.0
Anova,logarithm_glcm_InverseVariance,1,20.0
Vanilla RF,logarithm_glcm_JointAverage,5,100.0
Variance,logarithm_glcm_JointAverage,5,100.0
L1 Logistic Regression,logarithm_glcm_JointAverage,4,80.0
Mutual Information,logarithm_glcm_JointAverage,2,40.0
Anova,logarithm_glcm_JointAverage,1,20.0
Vanilla RF,logarithm_glcm_JointEnergy,5,100.0
Variance,logarithm_glcm_JointEnergy,4,80.0
Mutual Information,logarithm_glcm_JointEnergy,2,40.0
L1 Logistic Regression,logarithm_glcm_JointEnergy,2,40.0
Anova,logarithm_glcm_JointEnergy,1,20.0
Vanilla RF,logarithm_glcm_JointEntropy,5,100.0
Variance,logarithm_glcm_JointEntropy,5,100.0
Mutual Information,logarithm_glcm_JointEntropy,2,40.0
L1 Logistic Regression,logarithm_glcm_JointEntropy,2,40.0
Anova,logarithm_glcm_JointEntropy,1,20.0
Vanilla RF,logarithm_glcm_MCC,5,100.0
Variance,logarithm_glcm_MCC,5,100.0
L1 Logistic Regression,logarithm_glcm_MCC,4,80.0
DyGraFS,logarithm_glcm_MCC,2,40.0
Anova,logarithm_glcm_MCC,1,20.0
Mutual Information,logarithm_glcm_MCC,1,20.0
Vanilla RF,logarithm_glcm_MaximumProbability,5,100.0
Variance,logarithm_glcm_MaximumProbability,4,80.0
L1 Logistic Regression,logarithm_glcm_MaximumProbability,3,60.0
Mutual Information,logarithm_glcm_MaximumProbability,2,40.0
Anova,logarithm_glcm_MaximumProbability,1,20.0
Vanilla RF,logarithm_glcm_SumAverage,5,100.0
Variance,logarithm_glcm_SumAverage,5,100.0
L1 Logistic Regression,logarithm_glcm_SumAverage,4,80.0
Mutual Information,logarithm_glcm_SumAverage,2,40.0
GFSIR,logarithm_glcm_SumAverage,2,40.0
DyGraFS,logarithm_glcm_SumAverage,1,20.0
Anova,logarithm_glcm_SumAverage,1,20.0
Vanilla RF,logarithm_glcm_SumEntropy,5,100.0
Variance,logarithm_glcm_SumEntropy,5,100.0
Mutual Information,logarithm_glcm_SumEntropy,2,40.0
L1 Logistic Regression,logarithm_glcm_SumEntropy,2,40.0
Anova,logarithm_glcm_SumEntropy,1,20.0
Vanilla RF,logarithm_glcm_SumSquares,5,100.0
Variance,logarithm_glcm_SumSquares,4,80.0
L1 Logistic Regression,logarithm_glcm_SumSquares,4,80.0
Anova,logarithm_glcm_SumSquares,1,20.0
Mutual Information,logarithm_glcm_SumSquares,1,20.0
Vanilla RF,logarithm_gldm_DependenceEntropy,5,100.0
Variance,logarithm_gldm_DependenceEntropy,5,100.0
Anova,logarithm_gldm_DependenceEntropy,4,80.0
L1 Logistic Regression,logarithm_gldm_DependenceEntropy,4,80.0
Mutual Information,logarithm_gldm_DependenceEntropy,2,40.0
RFE (SVM),logarithm_gldm_DependenceEntropy,1,20.0
Vanilla RF,logarithm_gldm_DependenceNonUniformity,5,100.0
Variance,logarithm_gldm_DependenceNonUniformity,5,100.0
Mutual Information,logarithm_gldm_DependenceNonUniformity,5,100.0
Anova,logarithm_gldm_DependenceNonUniformity,3,60.0
L1 Logistic Regression,logarithm_gldm_DependenceNonUniformity,2,40.0
Vanilla RF,logarithm_gldm_DependenceNonUniformityNormalized,5,100.0
Variance,logarithm_gldm_DependenceNonUniformityNormalized,5,100.0
Anova,logarithm_gldm_DependenceNonUniformityNormalized,5,100.0
L1 Logistic Regression,logarithm_gldm_DependenceNonUniformityNormalized,3,60.0
Mutual Information,logarithm_gldm_DependenceNonUniformityNormalized,2,40.0
Vanilla RF,logarithm_gldm_DependenceVariance,5,100.0
Variance,logarithm_gldm_DependenceVariance,5,100.0
L1 Logistic Regression,logarithm_gldm_DependenceVariance,4,80.0
Anova,logarithm_gldm_DependenceVariance,3,60.0
Mutual Information,logarithm_gldm_DependenceVariance,2,40.0
RFE (SVM),logarithm_gldm_DependenceVariance,1,20.0
Vanilla RF,logarithm_gldm_GrayLevelNonUniformity,5,100.0
Variance,logarithm_gldm_GrayLevelNonUniformity,5,100.0
Mutual Information,logarithm_gldm_GrayLevelNonUniformity,5,100.0
Anova,logarithm_gldm_GrayLevelNonUniformity,4,80.0
L1 Logistic Regression,logarithm_gldm_GrayLevelNonUniformity,4,80.0
Vanilla RF,logarithm_gldm_GrayLevelVariance,5,100.0
Variance,logarithm_gldm_GrayLevelVariance,4,80.0
L1 Logistic Regression,logarithm_gldm_GrayLevelVariance,4,80.0
Mutual Information,logarithm_gldm_GrayLevelVariance,2,40.0
Anova,logarithm_gldm_GrayLevelVariance,1,20.0
Vanilla RF,logarithm_gldm_HighGrayLevelEmphasis,5,100.0
Variance,logarithm_gldm_HighGrayLevelEmphasis,5,100.0
L1 Logistic Regression,logarithm_gldm_HighGrayLevelEmphasis,4,80.0
Anova,logarithm_gldm_HighGrayLevelEmphasis,1,20.0
Mutual Information,logarithm_gldm_HighGrayLevelEmphasis,1,20.0
Vanilla RF,logarithm_gldm_LargeDependenceEmphasis,5,100.0
Variance,logarithm_gldm_LargeDependenceEmphasis,5,100.0
Anova,logarithm_gldm_LargeDependenceEmphasis,4,80.0
L1 Logistic Regression,logarithm_gldm_LargeDependenceEmphasis,4,80.0
Mutual Information,logarithm_gldm_LargeDependenceEmphasis,2,40.0
Vanilla RF,logarithm_gldm_LargeDependenceHighGrayLevelEmphasis,5,100.0
Variance,logarithm_gldm_LargeDependenceHighGrayLevelEmphasis,5,100.0
L1 Logistic Regression,logarithm_gldm_LargeDependenceHighGrayLevelEmphasis,4,80.0
Anova,logarithm_gldm_LargeDependenceHighGrayLevelEmphasis,3,60.0
DyGraFS,logarithm_gldm_LargeDependenceHighGrayLevelEmphasis,2,40.0
Mutual Information,logarithm_gldm_LargeDependenceHighGrayLevelEmphasis,2,40.0
Vanilla RF,logarithm_gldm_LargeDependenceLowGrayLevelEmphasis,5,100.0
Variance,logarithm_gldm_LargeDependenceLowGrayLevelEmphasis,5,100.0
L1 Logistic Regression,logarithm_gldm_LargeDependenceLowGrayLevelEmphasis,4,80.0
Mutual Information,logarithm_gldm_LargeDependenceLowGrayLevelEmphasis,3,60.0
Anova,logarithm_gldm_LargeDependenceLowGrayLevelEmphasis,1,20.0
RFE (SVM),logarithm_gldm_LargeDependenceLowGrayLevelEmphasis,1,20.0
Vanilla RF,logarithm_gldm_LowGrayLevelEmphasis,5,100.0
Variance,logarithm_gldm_LowGrayLevelEmphasis,5,100.0
L1 Logistic Regression,logarithm_gldm_LowGrayLevelEmphasis,4,80.0
Mutual Information,logarithm_gldm_LowGrayLevelEmphasis,2,40.0
DyGraFS,logarithm_gldm_LowGrayLevelEmphasis,1,20.0
Anova,logarithm_gldm_LowGrayLevelEmphasis,1,20.0
Vanilla RF,logarithm_gldm_SmallDependenceEmphasis,5,100.0
Anova,logarithm_gldm_SmallDependenceEmphasis,4,80.0
L1 Logistic Regression,logarithm_gldm_SmallDependenceEmphasis,4,80.0
Mutual Information,logarithm_gldm_SmallDependenceEmphasis,2,40.0
Vanilla RF,logarithm_gldm_SmallDependenceHighGrayLevelEmphasis,5,100.0
L1 Logistic Regression,logarithm_gldm_SmallDependenceHighGrayLevelEmphasis,4,80.0
Anova,logarithm_gldm_SmallDependenceHighGrayLevelEmphasis,3,60.0
Mutual Information,logarithm_gldm_SmallDependenceHighGrayLevelEmphasis,2,40.0
Variance,logarithm_gldm_SmallDependenceHighGrayLevelEmphasis,1,20.0
RFE (SVM),logarithm_gldm_SmallDependenceHighGrayLevelEmphasis,1,20.0
Vanilla RF,logarithm_gldm_SmallDependenceLowGrayLevelEmphasis,5,100.0
L1 Logistic Regression,logarithm_gldm_SmallDependenceLowGrayLevelEmphasis,5,100.0
Anova,logarithm_gldm_SmallDependenceLowGrayLevelEmphasis,4,80.0
RFE (SVM),logarithm_gldm_SmallDependenceLowGrayLevelEmphasis,3,60.0
Mutual Information,logarithm_gldm_SmallDependenceLowGrayLevelEmphasis,2,40.0
Vanilla RF,logarithm_glrlm_GrayLevelNonUniformity,5,100.0
Variance,logarithm_glrlm_GrayLevelNonUniformity,5,100.0
Mutual Information,logarithm_glrlm_GrayLevelNonUniformity,5,100.0
Anova,logarithm_glrlm_GrayLevelNonUniformity,4,80.0
L1 Logistic Regression,logarithm_glrlm_GrayLevelNonUniformity,4,80.0
Boruta,logarithm_glrlm_GrayLevelNonUniformity,4,80.0
Vanilla RF,logarithm_glrlm_GrayLevelNonUniformityNormalized,5,100.0
Variance,logarithm_glrlm_GrayLevelNonUniformityNormalized,5,100.0
L1 Logistic Regression,logarithm_glrlm_GrayLevelNonUniformityNormalized,4,80.0
Anova,logarithm_glrlm_GrayLevelNonUniformityNormalized,1,20.0
RFE (SVM),logarithm_glrlm_GrayLevelNonUniformityNormalized,1,20.0
Vanilla RF,logarithm_glrlm_GrayLevelVariance,5,100.0
Variance,logarithm_glrlm_GrayLevelVariance,4,80.0
L1 Logistic Regression,logarithm_glrlm_GrayLevelVariance,4,80.0
RFE (SVM),logarithm_glrlm_GrayLevelVariance,2,40.0
Anova,logarithm_glrlm_GrayLevelVariance,1,20.0
Vanilla RF,logarithm_glrlm_HighGrayLevelRunEmphasis,5,100.0
Variance,logarithm_glrlm_HighGrayLevelRunEmphasis,5,100.0
L1 Logistic Regression,logarithm_glrlm_HighGrayLevelRunEmphasis,2,40.0
Anova,logarithm_glrlm_HighGrayLevelRunEmphasis,1,20.0
Vanilla RF,logarithm_glrlm_LongRunEmphasis,5,100.0
Variance,logarithm_glrlm_LongRunEmphasis,5,100.0
Anova,logarithm_glrlm_LongRunEmphasis,4,80.0
Mutual Information,logarithm_glrlm_LongRunEmphasis,4,80.0
L1 Logistic Regression,logarithm_glrlm_LongRunEmphasis,4,80.0
RFE (SVM),logarithm_glrlm_LongRunEmphasis,1,20.0
Vanilla RF,logarithm_glrlm_LongRunHighGrayLevelEmphasis,5,100.0
Variance,logarithm_glrlm_LongRunHighGrayLevelEmphasis,5,100.0
L1 Logistic Regression,logarithm_glrlm_LongRunHighGrayLevelEmphasis,5,100.0
Anova,logarithm_glrlm_LongRunHighGrayLevelEmphasis,4,80.0
Mutual Information,logarithm_glrlm_LongRunHighGrayLevelEmphasis,2,40.0
RFE (SVM),logarithm_glrlm_LongRunHighGrayLevelEmphasis,2,40.0
Vanilla RF,logarithm_glrlm_LongRunLowGrayLevelEmphasis,5,100.0
Variance,logarithm_glrlm_LongRunLowGrayLevelEmphasis,5,100.0
L1 Logistic Regression,logarithm_glrlm_LongRunLowGrayLevelEmphasis,4,80.0
Anova,logarithm_glrlm_LongRunLowGrayLevelEmphasis,3,60.0
DyGraFS,logarithm_glrlm_LongRunLowGrayLevelEmphasis,2,40.0
Mutual Information,logarithm_glrlm_LongRunLowGrayLevelEmphasis,2,40.0
RFE (SVM),logarithm_glrlm_LongRunLowGrayLevelEmphasis,1,20.0
Vanilla RF,logarithm_glrlm_LowGrayLevelRunEmphasis,5,100.0
Variance,logarithm_glrlm_LowGrayLevelRunEmphasis,5,100.0
L1 Logistic Regression,logarithm_glrlm_LowGrayLevelRunEmphasis,2,40.0
Anova,logarithm_glrlm_LowGrayLevelRunEmphasis,1,20.0
Vanilla RF,logarithm_glrlm_RunEntropy,5,100.0
Variance,logarithm_glrlm_RunEntropy,5,100.0
Anova,logarithm_glrlm_RunEntropy,5,100.0
Mutual Information,logarithm_glrlm_RunEntropy,5,100.0
L1 Logistic Regression,logarithm_glrlm_RunEntropy,4,80.0
RFE (SVM),logarithm_glrlm_RunEntropy,1,20.0
Vanilla RF,logarithm_glrlm_RunLengthNonUniformity,5,100.0
Variance,logarithm_glrlm_RunLengthNonUniformity,5,100.0
Mutual Information,logarithm_glrlm_RunLengthNonUniformity,5,100.0
L1 Logistic Regression,logarithm_glrlm_RunLengthNonUniformity,5,100.0
Anova,logarithm_glrlm_RunLengthNonUniformity,4,80.0
RFE (SVM),logarithm_glrlm_RunLengthNonUniformity,4,80.0
Vanilla RF,logarithm_glrlm_RunLengthNonUniformityNormalized,5,100.0
Variance,logarithm_glrlm_RunLengthNonUniformityNormalized,4,80.0
Anova,logarithm_glrlm_RunLengthNonUniformityNormalized,3,60.0
L1 Logistic Regression,logarithm_glrlm_RunLengthNonUniformityNormalized,3,60.0
Mutual Information,logarithm_glrlm_RunLengthNonUniformityNormalized,2,40.0
Vanilla RF,logarithm_glrlm_RunPercentage,5,100.0
Variance,logarithm_glrlm_RunPercentage,4,80.0
Anova,logarithm_glrlm_RunPercentage,4,80.0
L1 Logistic Regression,logarithm_glrlm_RunPercentage,4,80.0
Mutual Information,logarithm_glrlm_RunPercentage,2,40.0
Vanilla RF,logarithm_glrlm_RunVariance,5,100.0
Variance,logarithm_glrlm_RunVariance,5,100.0
Mutual Information,logarithm_glrlm_RunVariance,5,100.0
Anova,logarithm_glrlm_RunVariance,4,80.0
L1 Logistic Regression,logarithm_glrlm_RunVariance,4,80.0
RFE (SVM),logarithm_glrlm_RunVariance,1,20.0
Vanilla RF,logarithm_glrlm_ShortRunEmphasis,5,100.0
Variance,logarithm_glrlm_ShortRunEmphasis,4,80.0
L1 Logistic Regression,logarithm_glrlm_ShortRunEmphasis,4,80.0
Anova,logarithm_glrlm_ShortRunEmphasis,1,20.0
RFE (SVM),logarithm_glrlm_ShortRunEmphasis,1,20.0
Vanilla RF,logarithm_glrlm_ShortRunHighGrayLevelEmphasis,5,100.0
Variance,logarithm_glrlm_ShortRunHighGrayLevelEmphasis,5,100.0
L1 Logistic Regression,logarithm_glrlm_ShortRunHighGrayLevelEmphasis,4,80.0
RFE (SVM),logarithm_glrlm_ShortRunHighGrayLevelEmphasis,2,40.0
Anova,logarithm_glrlm_ShortRunHighGrayLevelEmphasis,1,20.0
Vanilla RF,logarithm_glrlm_ShortRunLowGrayLevelEmphasis,5,100.0
Variance,logarithm_glrlm_ShortRunLowGrayLevelEmphasis,4,80.0
L1 Logistic Regression,logarithm_glrlm_ShortRunLowGrayLevelEmphasis,4,80.0
Anova,logarithm_glrlm_ShortRunLowGrayLevelEmphasis,2,40.0
RFE (SVM),logarithm_glrlm_ShortRunLowGrayLevelEmphasis,2,40.0
Mutual Information,logarithm_glrlm_ShortRunLowGrayLevelEmphasis,1,20.0
Vanilla RF,logarithm_glszm_GrayLevelNonUniformity,5,100.0
Variance,logarithm_glszm_GrayLevelNonUniformity,5,100.0
L1 Logistic Regression,logarithm_glszm_GrayLevelNonUniformity,4,80.0
DyGraFS,logarithm_glszm_GrayLevelNonUniformity,2,40.0
Mutual Information,logarithm_glszm_GrayLevelNonUniformity,2,40.0
Anova,logarithm_glszm_GrayLevelNonUniformity,1,20.0
RFE (SVM),logarithm_glszm_GrayLevelNonUniformity,1,20.0
Vanilla RF,logarithm_glszm_GrayLevelNonUniformityNormalized,5,100.0
Variance,logarithm_glszm_GrayLevelNonUniformityNormalized,5,100.0
L1 Logistic Regression,logarithm_glszm_GrayLevelNonUniformityNormalized,5,100.0
Mutual Information,logarithm_glszm_GrayLevelNonUniformityNormalized,2,40.0
RFE (SVM),logarithm_glszm_GrayLevelNonUniformityNormalized,2,40.0
Anova,logarithm_glszm_GrayLevelNonUniformityNormalized,1,20.0
Vanilla RF,logarithm_glszm_GrayLevelVariance,5,100.0
L1 Logistic Regression,logarithm_glszm_GrayLevelVariance,5,100.0
Variance,logarithm_glszm_GrayLevelVariance,4,80.0
Mutual Information,logarithm_glszm_GrayLevelVariance,2,40.0
Anova,logarithm_glszm_GrayLevelVariance,1,20.0
RFE (SVM),logarithm_glszm_GrayLevelVariance,1,20.0
Boruta,logarithm_glszm_GrayLevelVariance,1,20.0
Vanilla RF,logarithm_glszm_HighGrayLevelZoneEmphasis,5,100.0
Variance,logarithm_glszm_HighGrayLevelZoneEmphasis,5,100.0
L1 Logistic Regression,logarithm_glszm_HighGrayLevelZoneEmphasis,4,80.0
Mutual Information,logarithm_glszm_HighGrayLevelZoneEmphasis,2,40.0
Anova,logarithm_glszm_HighGrayLevelZoneEmphasis,1,20.0
RFE (SVM),logarithm_glszm_HighGrayLevelZoneEmphasis,1,20.0
Vanilla RF,logarithm_glszm_LargeAreaEmphasis,5,100.0
Variance,logarithm_glszm_LargeAreaEmphasis,5,100.0
Mutual Information,logarithm_glszm_LargeAreaEmphasis,5,100.0
L1 Logistic Regression,logarithm_glszm_LargeAreaEmphasis,4,80.0
Boruta,logarithm_glszm_LargeAreaEmphasis,2,40.0
Anova,logarithm_glszm_LargeAreaEmphasis,1,20.0
GFSIR,logarithm_glszm_LargeAreaEmphasis,1,20.0
Vanilla RF,logarithm_glszm_LargeAreaHighGrayLevelEmphasis,5,100.0
Variance,logarithm_glszm_LargeAreaHighGrayLevelEmphasis,5,100.0
Mutual Information,logarithm_glszm_LargeAreaHighGrayLevelEmphasis,5,100.0
L1 Logistic Regression,logarithm_glszm_LargeAreaHighGrayLevelEmphasis,4,80.0
Anova,logarithm_glszm_LargeAreaHighGrayLevelEmphasis,2,40.0
Boruta,logarithm_glszm_LargeAreaHighGrayLevelEmphasis,2,40.0
DyGraFS,logarithm_glszm_LargeAreaHighGrayLevelEmphasis,1,20.0
GFSIR,logarithm_glszm_LargeAreaHighGrayLevelEmphasis,1,20.0
Vanilla RF,logarithm_glszm_LargeAreaLowGrayLevelEmphasis,5,100.0
Variance,logarithm_glszm_LargeAreaLowGrayLevelEmphasis,5,100.0
Mutual Information,logarithm_glszm_LargeAreaLowGrayLevelEmphasis,5,100.0
L1 Logistic Regression,logarithm_glszm_LargeAreaLowGrayLevelEmphasis,5,100.0
DyGraFS,logarithm_glszm_LargeAreaLowGrayLevelEmphasis,1,20.0
Anova,logarithm_glszm_LargeAreaLowGrayLevelEmphasis,1,20.0
RFE (SVM),logarithm_glszm_LargeAreaLowGrayLevelEmphasis,1,20.0
Boruta,logarithm_glszm_LargeAreaLowGrayLevelEmphasis,1,20.0
Vanilla RF,logarithm_glszm_LowGrayLevelZoneEmphasis,5,100.0
Variance,logarithm_glszm_LowGrayLevelZoneEmphasis,5,100.0
L1 Logistic Regression,logarithm_glszm_LowGrayLevelZoneEmphasis,4,80.0
Mutual Information,logarithm_glszm_LowGrayLevelZoneEmphasis,2,40.0
Anova,logarithm_glszm_LowGrayLevelZoneEmphasis,1,20.0
RFE (SVM),logarithm_glszm_LowGrayLevelZoneEmphasis,1,20.0
Vanilla RF,logarithm_glszm_SizeZoneNonUniformity,5,100.0
Variance,logarithm_glszm_SizeZoneNonUniformity,5,100.0
L1 Logistic Regression,logarithm_glszm_SizeZoneNonUniformity,4,80.0
RFE (SVM),logarithm_glszm_SizeZoneNonUniformity,2,40.0
DyGraFS,logarithm_glszm_SizeZoneNonUniformity,1,20.0
Anova,logarithm_glszm_SizeZoneNonUniformity,1,20.0
Mutual Information,logarithm_glszm_SizeZoneNonUniformity,1,20.0
Vanilla RF,logarithm_glszm_SizeZoneNonUniformityNormalized,5,100.0
Variance,logarithm_glszm_SizeZoneNonUniformityNormalized,5,100.0
L1 Logistic Regression,logarithm_glszm_SizeZoneNonUniformityNormalized,4,80.0
Anova,logarithm_glszm_SizeZoneNonUniformityNormalized,1,20.0
Vanilla RF,logarithm_glszm_SmallAreaEmphasis,5,100.0
Variance,logarithm_glszm_SmallAreaEmphasis,5,100.0
L1 Logistic Regression,logarithm_glszm_SmallAreaEmphasis,4,80.0
DyGraFS,logarithm_glszm_SmallAreaEmphasis,1,20.0
Anova,logarithm_glszm_SmallAreaEmphasis,1,20.0
RFE (SVM),logarithm_glszm_SmallAreaEmphasis,1,20.0
Vanilla RF,logarithm_glszm_SmallAreaHighGrayLevelEmphasis,5,100.0
Variance,logarithm_glszm_SmallAreaHighGrayLevelEmphasis,5,100.0
L1 Logistic Regression,logarithm_glszm_SmallAreaHighGrayLevelEmphasis,4,80.0
Anova,logarithm_glszm_SmallAreaHighGrayLevelEmphasis,1,20.0
RFE (SVM),logarithm_glszm_SmallAreaHighGrayLevelEmphasis,1,20.0
Vanilla RF,logarithm_glszm_SmallAreaLowGrayLevelEmphasis,5,100.0
Variance,logarithm_glszm_SmallAreaLowGrayLevelEmphasis,5,100.0
L1 Logistic Regression,logarithm_glszm_SmallAreaLowGrayLevelEmphasis,4,80.0
RFE (SVM),logarithm_glszm_SmallAreaLowGrayLevelEmphasis,2,40.0
Anova,logarithm_glszm_SmallAreaLowGrayLevelEmphasis,1,20.0
Vanilla RF,logarithm_glszm_ZoneEntropy,5,100.0
Variance,logarithm_glszm_ZoneEntropy,5,100.0
L1 Logistic Regression,logarithm_glszm_ZoneEntropy,4,80.0
Anova,logarithm_glszm_ZoneEntropy,1,20.0
Mutual Information,logarithm_glszm_ZoneEntropy,1,20.0
RFE (SVM),logarithm_glszm_ZoneEntropy,1,20.0
Vanilla RF,logarithm_glszm_ZonePercentage,5,100.0
Anova,logarithm_glszm_ZonePercentage,4,80.0
L1 Logistic Regression,logarithm_glszm_ZonePercentage,4,80.0
Mutual Information,logarithm_glszm_ZonePercentage,2,40.0
RFE (SVM),logarithm_glszm_ZonePercentage,2,40.0
Variance,logarithm_glszm_ZonePercentage,1,20.0
Vanilla RF,logarithm_glszm_ZoneVariance,5,100.0
Variance,logarithm_glszm_ZoneVariance,5,100.0
Mutual Information,logarithm_glszm_ZoneVariance,5,100.0
L1 Logistic Regression,logarithm_glszm_ZoneVariance,4,80.0
Boruta,logarithm_glszm_ZoneVariance,3,60.0
Anova,logarithm_glszm_ZoneVariance,2,40.0
RFE (SVM),logarithm_glszm_ZoneVariance,1,20.0
Vanilla RF,logarithm_ngtdm_Busyness,5,100.0
Variance,logarithm_ngtdm_Busyness,5,100.0
L1 Logistic Regression,logarithm_ngtdm_Busyness,5,100.0
Anova,logarithm_ngtdm_Busyness,1,20.0
Vanilla RF,logarithm_ngtdm_Coarseness,5,100.0
Variance,logarithm_ngtdm_Coarseness,5,100.0
L1 Logistic Regression,logarithm_ngtdm_Coarseness,3,60.0
Anova,logarithm_ngtdm_Coarseness,1,20.0
Mutual Information,logarithm_ngtdm_Coarseness,1,20.0
Vanilla RF,logarithm_ngtdm_Complexity,5,100.0
Variance,logarithm_ngtdm_Complexity,3,60.0
L1 Logistic Regression,logarithm_ngtdm_Complexity,3,60.0
Anova,logarithm_ngtdm_Complexity,1,20.0
RFE (SVM),logarithm_ngtdm_Complexity,1,20.0
Vanilla RF,logarithm_ngtdm_Contrast,5,100.0
L1 Logistic Regression,logarithm_ngtdm_Contrast,3,60.0
Variance,logarithm_ngtdm_Contrast,1,20.0
Anova,logarithm_ngtdm_Contrast,1,20.0
Mutual Information,logarithm_ngtdm_Contrast,1,20.0
Vanilla RF,logarithm_ngtdm_Strength,5,100.0
Variance,logarithm_ngtdm_Strength,5,100.0
L1 Logistic Regression,logarithm_ngtdm_Strength,4,80.0
Mutual Information,logarithm_ngtdm_Strength,2,40.0
RFE (SVM),logarithm_ngtdm_Strength,2,40.0
Anova,logarithm_ngtdm_Strength,1,20.0
Vanilla RF,original_firstorder_10Percentile,5,100.0
Variance,original_firstorder_10Percentile,5,100.0
L1 Logistic Regression,original_firstorder_10Percentile,4,80.0
Anova,original_firstorder_10Percentile,3,60.0
Mutual Information,original_firstorder_10Percentile,2,40.0
DyGraFS,original_firstorder_10Percentile,1,20.0
RFE (SVM),original_firstorder_10Percentile,1,20.0
Vanilla RF,original_firstorder_90Percentile,5,100.0
Variance,original_firstorder_90Percentile,5,100.0
DyGraFS,original_firstorder_90Percentile,4,80.0
L1 Logistic Regression,original_firstorder_90Percentile,3,60.0
Anova,original_firstorder_90Percentile,1,20.0
Vanilla RF,original_firstorder_Energy,5,100.0
Variance,original_firstorder_Energy,5,100.0
Mutual Information,original_firstorder_Energy,5,100.0
Anova,original_firstorder_Energy,4,80.0
L1 Logistic Regression,original_firstorder_Energy,4,80.0
Vanilla RF,original_firstorder_Entropy,5,100.0
Variance,original_firstorder_Entropy,5,100.0
L1 Logistic Regression,original_firstorder_Entropy,3,60.0
Mutual Information,original_firstorder_Entropy,2,40.0
Anova,original_firstorder_Entropy,1,20.0
Vanilla RF,original_firstorder_InterquartileRange,5,100.0
Variance,original_firstorder_InterquartileRange,5,100.0
Anova,original_firstorder_InterquartileRange,4,80.0
L1 Logistic Regression,original_firstorder_InterquartileRange,4,80.0
Mutual Information,original_firstorder_InterquartileRange,2,40.0
RFE (SVM),original_firstorder_InterquartileRange,2,40.0
Vanilla RF,original_firstorder_Kurtosis,5,100.0
Variance,original_firstorder_Kurtosis,5,100.0
Mutual Information,original_firstorder_Kurtosis,4,80.0
L1 Logistic Regression,original_firstorder_Kurtosis,4,80.0
RFE (SVM),original_firstorder_Kurtosis,3,60.0
Anova,original_firstorder_Kurtosis,2,40.0
DyGraFS,original_firstorder_Kurtosis,1,20.0
Vanilla RF,original_firstorder_Maximum,5,100.0
Variance,original_firstorder_Maximum,5,100.0
L1 Logistic Regression,original_firstorder_Maximum,4,80.0
Anova,original_firstorder_Maximum,3,60.0
DyGraFS,original_firstorder_Maximum,2,40.0
Mutual Information,original_firstorder_Maximum,2,40.0
Vanilla RF,original_firstorder_Mean,5,100.0
Variance,original_firstorder_Mean,5,100.0
Anova,original_firstorder_Mean,3,60.0
L1 Logistic Regression,original_firstorder_Mean,3,60.0
Vanilla RF,original_firstorder_MeanAbsoluteDeviation,5,100.0
Variance,original_firstorder_MeanAbsoluteDeviation,5,100.0
Anova,original_firstorder_MeanAbsoluteDeviation,4,80.0
L1 Logistic Regression,original_firstorder_MeanAbsoluteDeviation,4,80.0
DyGraFS,original_firstorder_MeanAbsoluteDeviation,3,60.0
Mutual Information,original_firstorder_MeanAbsoluteDeviation,2,40.0
RFE (SVM),original_firstorder_MeanAbsoluteDeviation,1,20.0
Vanilla RF,original_firstorder_Median,5,100.0
Variance,original_firstorder_Median,5,100.0
L1 Logistic Regression,original_firstorder_Median,4,80.0
RFE (SVM),original_firstorder_Median,2,40.0
DyGraFS,original_firstorder_Median,1,20.0
Anova,original_firstorder_Median,1,20.0
Mutual Information,original_firstorder_Median,1,20.0
Vanilla RF,original_firstorder_Minimum,5,100.0
Variance,original_firstorder_Minimum,5,100.0
L1 Logistic Regression,original_firstorder_Minimum,4,80.0
RFE (SVM),original_firstorder_Minimum,3,60.0
Mutual Information,original_firstorder_Minimum,2,40.0
Anova,original_firstorder_Minimum,1,20.0
Vanilla RF,original_firstorder_Range,5,100.0
Variance,original_firstorder_Range,5,100.0
L1 Logistic Regression,original_firstorder_Range,4,80.0
Anova,original_firstorder_Range,3,60.0
Mutual Information,original_firstorder_Range,2,40.0
DyGraFS,original_firstorder_Range,1,20.0
Vanilla RF,original_firstorder_RobustMeanAbsoluteDeviation,5,100.0
Variance,original_firstorder_RobustMeanAbsoluteDeviation,5,100.0
Anova,original_firstorder_RobustMeanAbsoluteDeviation,4,80.0
L1 Logistic Regression,original_firstorder_RobustMeanAbsoluteDeviation,4,80.0
Mutual Information,original_firstorder_RobustMeanAbsoluteDeviation,2,40.0
Vanilla RF,original_firstorder_RootMeanSquared,5,100.0
Variance,original_firstorder_RootMeanSquared,5,100.0
L1 Logistic Regression,original_firstorder_RootMeanSquared,3,60.0
DyGraFS,original_firstorder_RootMeanSquared,1,20.0
Anova,original_firstorder_RootMeanSquared,1,20.0
Mutual Information,original_firstorder_RootMeanSquared,1,20.0
Vanilla RF,original_firstorder_Skewness,5,100.0
Variance,original_firstorder_Skewness,5,100.0
L1 Logistic Regression,original_firstorder_Skewness,4,80.0
Anova,original_firstorder_Skewness,3,60.0
Mutual Information,original_firstorder_Skewness,2,40.0
RFE (SVM),original_firstorder_Skewness,1,20.0
Vanilla RF,original_firstorder_TotalEnergy,5,100.0
Variance,original_firstorder_TotalEnergy,5,100.0
Mutual Information,original_firstorder_TotalEnergy,5,100.0
Anova,original_firstorder_TotalEnergy,4,80.0
L1 Logistic Regression,original_firstorder_TotalEnergy,4,80.0
Vanilla RF,original_firstorder_Uniformity,5,100.0
Variance,original_firstorder_Uniformity,4,80.0
L1 Logistic Regression,original_firstorder_Uniformity,4,80.0
Mutual Information,original_firstorder_Uniformity,2,40.0
Anova,original_firstorder_Uniformity,1,20.0
RFE (SVM),original_firstorder_Uniformity,1,20.0
Vanilla RF,original_firstorder_Variance,5,100.0
Variance,original_firstorder_Variance,5,100.0
L1 Logistic Regression,original_firstorder_Variance,4,80.0
Anova,original_firstorder_Variance,2,40.0
Mutual Information,original_firstorder_Variance,2,40.0
DyGraFS,original_firstorder_Variance,1,20.0
RFE (SVM),original_firstorder_Variance,1,20.0
Boruta,original_firstorder_Variance,1,20.0
Vanilla RF,original_glcm_Autocorrelation,5,100.0
Variance,original_glcm_Autocorrelation,5,100.0
L1 Logistic Regression,original_glcm_Autocorrelation,4,80.0
Mutual Information,original_glcm_Autocorrelation,2,40.0
Anova,original_glcm_Autocorrelation,1,20.0
Vanilla RF,original_glcm_ClusterProminence,5,100.0
Variance,original_glcm_ClusterProminence,5,100.0
L1 Logistic Regression,original_glcm_ClusterProminence,4,80.0
Mutual Information,original_glcm_ClusterProminence,2,40.0
Anova,original_glcm_ClusterProminence,1,20.0
RFE (SVM),original_glcm_ClusterProminence,1,20.0
Vanilla RF,original_glcm_ClusterShade,5,100.0
L1 Logistic Regression,original_glcm_ClusterShade,5,100.0
Variance,original_glcm_ClusterShade,4,80.0
Mutual Information,original_glcm_ClusterShade,2,40.0
DyGraFS,original_glcm_ClusterShade,1,20.0
Anova,original_glcm_ClusterShade,1,20.0
Vanilla RF,original_glcm_ClusterTendency,5,100.0
Variance,original_glcm_ClusterTendency,5,100.0
L1 Logistic Regression,original_glcm_ClusterTendency,4,80.0
Anova,original_glcm_ClusterTendency,1,20.0
RFE (SVM),original_glcm_ClusterTendency,1,20.0
Vanilla RF,original_glcm_Contrast,5,100.0
Variance,original_glcm_Contrast,4,80.0
L1 Logistic Regression,original_glcm_Contrast,3,60.0
Mutual Information,original_glcm_Contrast,2,40.0
Anova,original_glcm_Contrast,1,20.0
Vanilla RF,original_glcm_Correlation,5,100.0
Variance,original_glcm_Correlation,5,100.0
L1 Logistic Regression,original_glcm_Correlation,4,80.0
RFE (SVM),original_glcm_Correlation,3,60.0
DyGraFS,original_glcm_Correlation,1,20.0
Anova,original_glcm_Correlation,1,20.0
Mutual Information,original_glcm_Correlation,1,20.0
Vanilla RF,original_glcm_DifferenceAverage,5,100.0
Variance,original_glcm_DifferenceAverage,4,80.0
L1 Logistic Regression,original_glcm_DifferenceAverage,3,60.0
Mutual Information,original_glcm_DifferenceAverage,2,40.0
Anova,original_glcm_DifferenceAverage,1,20.0
Vanilla RF,original_glcm_DifferenceEntropy,5,100.0
Variance,original_glcm_DifferenceEntropy,5,100.0
L1 Logistic Regression,original_glcm_DifferenceEntropy,3,60.0
Mutual Information,original_glcm_DifferenceEntropy,2,40.0
Anova,original_glcm_DifferenceEntropy,1,20.0
RFE (SVM),original_glcm_DifferenceEntropy,1,20.0
Vanilla RF,original_glcm_DifferenceVariance,5,100.0
Variance,original_glcm_DifferenceVariance,3,60.0
L1 Logistic Regression,original_glcm_DifferenceVariance,3,60.0
Mutual Information,original_glcm_DifferenceVariance,2,40.0
Anova,original_glcm_DifferenceVariance,1,20.0
Vanilla RF,original_glcm_Id,5,100.0
Variance,original_glcm_Id,3,60.0
L1 Logistic Regression,original_glcm_Id,3,60.0
Mutual Information,original_glcm_Id,2,40.0
Anova,original_glcm_Id,1,20.0
Vanilla RF,original_glcm_Idm,5,100.0
Variance,original_glcm_Idm,3,60.0
L1 Logistic Regression,original_glcm_Idm,3,60.0
Mutual Information,original_glcm_Idm,2,40.0
Anova,original_glcm_Idm,1,20.0
Vanilla RF,original_glcm_Idmn,5,100.0
L1 Logistic Regression,original_glcm_Idmn,3,60.0
Mutual Information,original_glcm_Idmn,2,40.0
Variance,original_glcm_Idmn,1,20.0
Anova,original_glcm_Idmn,1,20.0
Vanilla RF,original_glcm_Idn,5,100.0
Variance,original_glcm_Idn,3,60.0
L1 Logistic Regression,original_glcm_Idn,3,60.0
Anova,original_glcm_Idn,1,20.0
Mutual Information,original_glcm_Idn,1,20.0
Vanilla RF,original_glcm_Imc1,5,100.0
Variance,original_glcm_Imc1,5,100.0
L1 Logistic Regression,original_glcm_Imc1,4,80.0
Anova,original_glcm_Imc1,2,40.0
DyGraFS,original_glcm_Imc1,1,20.0
Mutual Information,original_glcm_Imc1,1,20.0
RFE (SVM),original_glcm_Imc1,1,20.0
Vanilla RF,original_glcm_Imc2,5,100.0
Variance,original_glcm_Imc2,5,100.0
L1 Logistic Regression,original_glcm_Imc2,4,80.0
Mutual Information,original_glcm_Imc2,2,40.0
DyGraFS,original_glcm_Imc2,1,20.0
Anova,original_glcm_Imc2,1,20.0
RFE (SVM),original_glcm_Imc2,1,20.0
Vanilla RF,original_glcm_InverseVariance,5,100.0
Variance,original_glcm_InverseVariance,4,80.0
L1 Logistic Regression,original_glcm_InverseVariance,3,60.0
Mutual Information,original_glcm_InverseVariance,2,40.0
Anova,original_glcm_InverseVariance,1,20.0
Vanilla RF,original_glcm_JointAverage,5,100.0
Variance,original_glcm_JointAverage,5,100.0
L1 Logistic Regression,original_glcm_JointAverage,4,80.0
Anova,original_glcm_JointAverage,1,20.0
Mutual Information,original_glcm_JointAverage,1,20.0
Vanilla RF,original_glcm_JointEnergy,5,100.0
Variance,original_glcm_JointEnergy,4,80.0
Mutual Information,original_glcm_JointEnergy,2,40.0
L1 Logistic Regression,original_glcm_JointEnergy,2,40.0
Anova,original_glcm_JointEnergy,1,20.0
Vanilla RF,original_glcm_JointEntropy,5,100.0
Variance,original_glcm_JointEntropy,5,100.0
Mutual Information,original_glcm_JointEntropy,2,40.0
L1 Logistic Regression,original_glcm_JointEntropy,2,40.0
Anova,original_glcm_JointEntropy,1,20.0
Vanilla RF,original_glcm_MCC,5,100.0
Variance,original_glcm_MCC,5,100.0
L1 Logistic Regression,original_glcm_MCC,4,80.0
DyGraFS,original_glcm_MCC,2,40.0
Mutual Information,original_glcm_MCC,2,40.0
Anova,original_glcm_MCC,1,20.0
Vanilla RF,original_glcm_MaximumProbability,5,100.0
Variance,original_glcm_MaximumProbability,4,80.0
L1 Logistic Regression,original_glcm_MaximumProbability,3,60.0
Mutual Information,original_glcm_MaximumProbability,2,40.0
Anova,original_glcm_MaximumProbability,1,20.0
Vanilla RF,original_glcm_SumAverage,5,100.0
Variance,original_glcm_SumAverage,5,100.0
L1 Logistic Regression,original_glcm_SumAverage,4,80.0
Mutual Information,original_glcm_SumAverage,2,40.0
DyGraFS,original_glcm_SumAverage,1,20.0
Anova,original_glcm_SumAverage,1,20.0
Vanilla RF,original_glcm_SumEntropy,5,100.0
Variance,original_glcm_SumEntropy,5,100.0
Mutual Information,original_glcm_SumEntropy,2,40.0
L1 Logistic Regression,original_glcm_SumEntropy,2,40.0
Anova,original_glcm_SumEntropy,1,20.0
Vanilla RF,original_glcm_SumSquares,5,100.0
Variance,original_glcm_SumSquares,4,80.0
L1 Logistic Regression,original_glcm_SumSquares,4,80.0
GFSIR,original_glcm_SumSquares,3,60.0
Anova,original_glcm_SumSquares,1,20.0
Mutual Information,original_glcm_SumSquares,1,20.0
Vanilla RF,original_gldm_DependenceEntropy,5,100.0
Variance,original_gldm_DependenceEntropy,5,100.0
Anova,original_gldm_DependenceEntropy,4,80.0
L1 Logistic Regression,original_gldm_DependenceEntropy,4,80.0
Mutual Information,original_gldm_DependenceEntropy,2,40.0
RFE (SVM),original_gldm_DependenceEntropy,1,20.0
Vanilla RF,original_gldm_DependenceNonUniformity,5,100.0
Variance,original_gldm_DependenceNonUniformity,5,100.0
Mutual Information,original_gldm_DependenceNonUniformity,5,100.0
Anova,original_gldm_DependenceNonUniformity,3,60.0
L1 Logistic Regression,original_gldm_DependenceNonUniformity,2,40.0
Vanilla RF,original_gldm_DependenceNonUniformityNormalized,5,100.0
Variance,original_gldm_DependenceNonUniformityNormalized,5,100.0
Anova,original_gldm_DependenceNonUniformityNormalized,5,100.0
L1 Logistic Regression,original_gldm_DependenceNonUniformityNormalized,3,60.0
Mutual Information,original_gldm_DependenceNonUniformityNormalized,2,40.0
Vanilla RF,original_gldm_DependenceVariance,5,100.0
Variance,original_gldm_DependenceVariance,5,100.0
L1 Logistic Regression,original_gldm_DependenceVariance,4,80.0
Anova,original_gldm_DependenceVariance,3,60.0
Mutual Information,original_gldm_DependenceVariance,2,40.0
RFE (SVM),original_gldm_DependenceVariance,1,20.0
Vanilla RF,original_gldm_GrayLevelNonUniformity,5,100.0
Variance,original_gldm_GrayLevelNonUniformity,5,100.0
Mutual Information,original_gldm_GrayLevelNonUniformity,5,100.0
Anova,original_gldm_GrayLevelNonUniformity,4,80.0
L1 Logistic Regression,original_gldm_GrayLevelNonUniformity,4,80.0
Vanilla RF,original_gldm_GrayLevelVariance,5,100.0
Variance,original_gldm_GrayLevelVariance,4,80.0
L1 Logistic Regression,original_gldm_GrayLevelVariance,4,80.0
Mutual Information,original_gldm_GrayLevelVariance,2,40.0
Anova,original_gldm_GrayLevelVariance,1,20.0
RFE (SVM),original_gldm_GrayLevelVariance,1,20.0
Vanilla RF,original_gldm_HighGrayLevelEmphasis,5,100.0
Variance,original_gldm_HighGrayLevelEmphasis,5,100.0
L1 Logistic Regression,original_gldm_HighGrayLevelEmphasis,4,80.0
DyGraFS,original_gldm_HighGrayLevelEmphasis,2,40.0
Mutual Information,original_gldm_HighGrayLevelEmphasis,2,40.0
Anova,original_gldm_HighGrayLevelEmphasis,1,20.0
Vanilla RF,original_gldm_LargeDependenceEmphasis,5,100.0
Variance,original_gldm_LargeDependenceEmphasis,5,100.0
Anova,original_gldm_LargeDependenceEmphasis,4,80.0
L1 Logistic Regression,original_gldm_LargeDependenceEmphasis,4,80.0
Mutual Information,original_gldm_LargeDependenceEmphasis,2,40.0
Vanilla RF,original_gldm_LargeDependenceHighGrayLevelEmphasis,5,100.0
Variance,original_gldm_LargeDependenceHighGrayLevelEmphasis,5,100.0
L1 Logistic Regression,original_gldm_LargeDependenceHighGrayLevelEmphasis,4,80.0
Anova,original_gldm_LargeDependenceHighGrayLevelEmphasis,3,60.0
Mutual Information,original_gldm_LargeDependenceHighGrayLevelEmphasis,2,40.0
DyGraFS,original_gldm_LargeDependenceHighGrayLevelEmphasis,1,20.0
Vanilla RF,original_gldm_LargeDependenceLowGrayLevelEmphasis,5,100.0
Variance,original_gldm_LargeDependenceLowGrayLevelEmphasis,5,100.0
L1 Logistic Regression,original_gldm_LargeDependenceLowGrayLevelEmphasis,4,80.0
Mutual Information,original_gldm_LargeDependenceLowGrayLevelEmphasis,3,60.0
DyGraFS,original_gldm_LargeDependenceLowGrayLevelEmphasis,1,20.0
Anova,original_gldm_LargeDependenceLowGrayLevelEmphasis,1,20.0
RFE (SVM),original_gldm_LargeDependenceLowGrayLevelEmphasis,1,20.0
Vanilla RF,original_gldm_LowGrayLevelEmphasis,5,100.0
Variance,original_gldm_LowGrayLevelEmphasis,5,100.0
L1 Logistic Regression,original_gldm_LowGrayLevelEmphasis,4,80.0
Mutual Information,original_gldm_LowGrayLevelEmphasis,2,40.0
Anova,original_gldm_LowGrayLevelEmphasis,1,20.0
Vanilla RF,original_gldm_SmallDependenceEmphasis,5,100.0
Anova,original_gldm_SmallDependenceEmphasis,4,80.0
L1 Logistic Regression,original_gldm_SmallDependenceEmphasis,4,80.0
Mutual Information,original_gldm_SmallDependenceEmphasis,2,40.0
Vanilla RF,original_gldm_SmallDependenceHighGrayLevelEmphasis,5,100.0
L1 Logistic Regression,original_gldm_SmallDependenceHighGrayLevelEmphasis,4,80.0
Anova,original_gldm_SmallDependenceHighGrayLevelEmphasis,3,60.0
Mutual Information,original_gldm_SmallDependenceHighGrayLevelEmphasis,2,40.0
Variance,original_gldm_SmallDependenceHighGrayLevelEmphasis,1,20.0
RFE (SVM),original_gldm_SmallDependenceHighGrayLevelEmphasis,1,20.0
Vanilla RF,original_gldm_SmallDependenceLowGrayLevelEmphasis,5,100.0
L1 Logistic Regression,original_gldm_SmallDependenceLowGrayLevelEmphasis,5,100.0
Anova,original_gldm_SmallDependenceLowGrayLevelEmphasis,4,80.0
Mutual Information,original_gldm_SmallDependenceLowGrayLevelEmphasis,2,40.0
RFE (SVM),original_gldm_SmallDependenceLowGrayLevelEmphasis,2,40.0
Vanilla RF,original_glrlm_GrayLevelNonUniformity,5,100.0
Variance,original_glrlm_GrayLevelNonUniformity,5,100.0
Mutual Information,original_glrlm_GrayLevelNonUniformity,5,100.0
Anova,original_glrlm_GrayLevelNonUniformity,4,80.0
L1 Logistic Regression,original_glrlm_GrayLevelNonUniformity,4,80.0
Boruta,original_glrlm_GrayLevelNonUniformity,1,20.0
Vanilla RF,original_glrlm_GrayLevelNonUniformityNormalized,5,100.0
Variance,original_glrlm_GrayLevelNonUniformityNormalized,5,100.0
L1 Logistic Regression,original_glrlm_GrayLevelNonUniformityNormalized,4,80.0
DyGraFS,original_glrlm_GrayLevelNonUniformityNormalized,1,20.0
Anova,original_glrlm_GrayLevelNonUniformityNormalized,1,20.0
RFE (SVM),original_glrlm_GrayLevelNonUniformityNormalized,1,20.0
Vanilla RF,original_glrlm_GrayLevelVariance,5,100.0
Variance,original_glrlm_GrayLevelVariance,4,80.0
L1 Logistic Regression,original_glrlm_GrayLevelVariance,4,80.0
Anova,original_glrlm_GrayLevelVariance,1,20.0
RFE (SVM),original_glrlm_GrayLevelVariance,1,20.0
Vanilla RF,original_glrlm_HighGrayLevelRunEmphasis,5,100.0
Variance,original_glrlm_HighGrayLevelRunEmphasis,5,100.0
L1 Logistic Regression,original_glrlm_HighGrayLevelRunEmphasis,2,40.0
Anova,original_glrlm_HighGrayLevelRunEmphasis,1,20.0
Vanilla RF,original_glrlm_LongRunEmphasis,5,100.0
Variance,original_glrlm_LongRunEmphasis,5,100.0
Anova,original_glrlm_LongRunEmphasis,4,80.0
Mutual Information,original_glrlm_LongRunEmphasis,4,80.0
L1 Logistic Regression,original_glrlm_LongRunEmphasis,4,80.0
RFE (SVM),original_glrlm_LongRunEmphasis,1,20.0
Vanilla RF,original_glrlm_LongRunHighGrayLevelEmphasis,5,100.0
Variance,original_glrlm_LongRunHighGrayLevelEmphasis,5,100.0
L1 Logistic Regression,original_glrlm_LongRunHighGrayLevelEmphasis,5,100.0
Anova,original_glrlm_LongRunHighGrayLevelEmphasis,4,80.0
Mutual Information,original_glrlm_LongRunHighGrayLevelEmphasis,2,40.0
RFE (SVM),original_glrlm_LongRunHighGrayLevelEmphasis,2,40.0
Vanilla RF,original_glrlm_LongRunLowGrayLevelEmphasis,5,100.0
Variance,original_glrlm_LongRunLowGrayLevelEmphasis,5,100.0
L1 Logistic Regression,original_glrlm_LongRunLowGrayLevelEmphasis,4,80.0
Anova,original_glrlm_LongRunLowGrayLevelEmphasis,3,60.0
Mutual Information,original_glrlm_LongRunLowGrayLevelEmphasis,2,40.0
DyGraFS,original_glrlm_LongRunLowGrayLevelEmphasis,1,20.0
RFE (SVM),original_glrlm_LongRunLowGrayLevelEmphasis,1,20.0
Vanilla RF,original_glrlm_LowGrayLevelRunEmphasis,5,100.0
Variance,original_glrlm_LowGrayLevelRunEmphasis,5,100.0
L1 Logistic Regression,original_glrlm_LowGrayLevelRunEmphasis,2,40.0
Anova,original_glrlm_LowGrayLevelRunEmphasis,1,20.0
Vanilla RF,original_glrlm_RunEntropy,5,100.0
Variance,original_glrlm_RunEntropy,5,100.0
Anova,original_glrlm_RunEntropy,5,100.0
Mutual Information,original_glrlm_RunEntropy,5,100.0
L1 Logistic Regression,original_glrlm_RunEntropy,4,80.0
RFE (SVM),original_glrlm_RunEntropy,1,20.0
Vanilla RF,original_glrlm_RunLengthNonUniformity,5,100.0
Variance,original_glrlm_RunLengthNonUniformity,5,100.0
Mutual Information,original_glrlm_RunLengthNonUniformity,5,100.0
L1 Logistic Regression,original_glrlm_RunLengthNonUniformity,5,100.0
Anova,original_glrlm_RunLengthNonUniformity,4,80.0
RFE (SVM),original_glrlm_RunLengthNonUniformity,2,40.0
Vanilla RF,original_glrlm_RunLengthNonUniformityNormalized,5,100.0
Variance,original_glrlm_RunLengthNonUniformityNormalized,4,80.0
Anova,original_glrlm_RunLengthNonUniformityNormalized,3,60.0
L1 Logistic Regression,original_glrlm_RunLengthNonUniformityNormalized,3,60.0
Mutual Information,original_glrlm_RunLengthNonUniformityNormalized,2,40.0
Vanilla RF,original_glrlm_RunPercentage,5,100.0
Variance,original_glrlm_RunPercentage,4,80.0
Anova,original_glrlm_RunPercentage,4,80.0
L1 Logistic Regression,original_glrlm_RunPercentage,4,80.0
Mutual Information,original_glrlm_RunPercentage,2,40.0
Vanilla RF,original_glrlm_RunVariance,5,100.0
Variance,original_glrlm_RunVariance,5,100.0
Mutual Information,original_glrlm_RunVariance,5,100.0
Anova,original_glrlm_RunVariance,4,80.0
L1 Logistic Regression,original_glrlm_RunVariance,4,80.0
RFE (SVM),original_glrlm_RunVariance,1,20.0
Vanilla RF,original_glrlm_ShortRunEmphasis,5,100.0
Variance,original_glrlm_ShortRunEmphasis,4,80.0
L1 Logistic Regression,original_glrlm_ShortRunEmphasis,4,80.0
DyGraFS,original_glrlm_ShortRunEmphasis,2,40.0
Anova,original_glrlm_ShortRunEmphasis,1,20.0
RFE (SVM),original_glrlm_ShortRunEmphasis,1,20.0
Vanilla RF,original_glrlm_ShortRunHighGrayLevelEmphasis,5,100.0
Variance,original_glrlm_ShortRunHighGrayLevelEmphasis,5,100.0
L1 Logistic Regression,original_glrlm_ShortRunHighGrayLevelEmphasis,4,80.0
DyGraFS,original_glrlm_ShortRunHighGrayLevelEmphasis,3,60.0
RFE (SVM),original_glrlm_ShortRunHighGrayLevelEmphasis,2,40.0
Anova,original_glrlm_ShortRunHighGrayLevelEmphasis,1,20.0
Vanilla RF,original_glrlm_ShortRunLowGrayLevelEmphasis,5,100.0
Variance,original_glrlm_ShortRunLowGrayLevelEmphasis,4,80.0
L1 Logistic Regression,original_glrlm_ShortRunLowGrayLevelEmphasis,4,80.0
DyGraFS,original_glrlm_ShortRunLowGrayLevelEmphasis,3,60.0
RFE (SVM),original_glrlm_ShortRunLowGrayLevelEmphasis,3,60.0
Anova,original_glrlm_ShortRunLowGrayLevelEmphasis,2,40.0
Mutual Information,original_glrlm_ShortRunLowGrayLevelEmphasis,1,20.0
Vanilla RF,original_glszm_GrayLevelNonUniformity,5,100.0
Variance,original_glszm_GrayLevelNonUniformity,5,100.0
L1 Logistic Regression,original_glszm_GrayLevelNonUniformity,4,80.0
DyGraFS,original_glszm_GrayLevelNonUniformity,2,40.0
Mutual Information,original_glszm_GrayLevelNonUniformity,2,40.0
Anova,original_glszm_GrayLevelNonUniformity,1,20.0
RFE (SVM),original_glszm_GrayLevelNonUniformity,1,20.0
Vanilla RF,original_glszm_GrayLevelNonUniformityNormalized,5,100.0
Variance,original_glszm_GrayLevelNonUniformityNormalized,5,100.0
L1 Logistic Regression,original_glszm_GrayLevelNonUniformityNormalized,5,100.0
DyGraFS,original_glszm_GrayLevelNonUniformityNormalized,3,60.0
RFE (SVM),original_glszm_GrayLevelNonUniformityNormalized,3,60.0
Mutual Information,original_glszm_GrayLevelNonUniformityNormalized,2,40.0
Anova,original_glszm_GrayLevelNonUniformityNormalized,1,20.0
Vanilla RF,original_glszm_GrayLevelVariance,5,100.0
L1 Logistic Regression,original_glszm_GrayLevelVariance,5,100.0
Variance,original_glszm_GrayLevelVariance,4,80.0
DyGraFS,original_glszm_GrayLevelVariance,3,60.0
Mutual Information,original_glszm_GrayLevelVariance,2,40.0
RFE (SVM),original_glszm_GrayLevelVariance,2,40.0
Anova,original_glszm_GrayLevelVariance,1,20.0
Boruta,original_glszm_GrayLevelVariance,1,20.0
GFSIR,original_glszm_GrayLevelVariance,1,20.0
Vanilla RF,original_glszm_HighGrayLevelZoneEmphasis,5,100.0
Variance,original_glszm_HighGrayLevelZoneEmphasis,5,100.0
L1 Logistic Regression,original_glszm_HighGrayLevelZoneEmphasis,4,80.0
Mutual Information,original_glszm_HighGrayLevelZoneEmphasis,2,40.0
Anova,original_glszm_HighGrayLevelZoneEmphasis,1,20.0
RFE (SVM),original_glszm_HighGrayLevelZoneEmphasis,1,20.0
GFSIR,original_glszm_HighGrayLevelZoneEmphasis,1,20.0
Vanilla RF,original_glszm_LargeAreaEmphasis,5,100.0
Variance,original_glszm_LargeAreaEmphasis,5,100.0
Mutual Information,original_glszm_LargeAreaEmphasis,5,100.0
L1 Logistic Regression,original_glszm_LargeAreaEmphasis,4,80.0
Boruta,original_glszm_LargeAreaEmphasis,3,60.0
DyGraFS,original_glszm_LargeAreaEmphasis,1,20.0
Anova,original_glszm_LargeAreaEmphasis,1,20.0
Vanilla RF,original_glszm_LargeAreaHighGrayLevelEmphasis,5,100.0
Variance,original_glszm_LargeAreaHighGrayLevelEmphasis,5,100.0
Mutual Information,original_glszm_LargeAreaHighGrayLevelEmphasis,5,100.0
L1 Logistic Regression,original_glszm_LargeAreaHighGrayLevelEmphasis,4,80.0
Boruta,original_glszm_LargeAreaHighGrayLevelEmphasis,4,80.0
Anova,original_glszm_LargeAreaHighGrayLevelEmphasis,2,40.0
Vanilla RF,original_glszm_LargeAreaLowGrayLevelEmphasis,5,100.0
Variance,original_glszm_LargeAreaLowGrayLevelEmphasis,5,100.0
Mutual Information,original_glszm_LargeAreaLowGrayLevelEmphasis,5,100.0
L1 Logistic Regression,original_glszm_LargeAreaLowGrayLevelEmphasis,5,100.0
DyGraFS,original_glszm_LargeAreaLowGrayLevelEmphasis,1,20.0
Anova,original_glszm_LargeAreaLowGrayLevelEmphasis,1,20.0
RFE (SVM),original_glszm_LargeAreaLowGrayLevelEmphasis,1,20.0
Boruta,original_glszm_LargeAreaLowGrayLevelEmphasis,1,20.0
Vanilla RF,original_glszm_LowGrayLevelZoneEmphasis,5,100.0
Variance,original_glszm_LowGrayLevelZoneEmphasis,5,100.0
L1 Logistic Regression,original_glszm_LowGrayLevelZoneEmphasis,4,80.0
Mutual Information,original_glszm_LowGrayLevelZoneEmphasis,2,40.0
Anova,original_glszm_LowGrayLevelZoneEmphasis,1,20.0
RFE (SVM),original_glszm_LowGrayLevelZoneEmphasis,1,20.0
Vanilla RF,original_glszm_SizeZoneNonUniformity,5,100.0
Variance,original_glszm_SizeZoneNonUniformity,5,100.0
L1 Logistic Regression,original_glszm_SizeZoneNonUniformity,4,80.0
DyGraFS,original_glszm_SizeZoneNonUniformity,3,60.0
Anova,original_glszm_SizeZoneNonUniformity,1,20.0
Mutual Information,original_glszm_SizeZoneNonUniformity,1,20.0
RFE (SVM),original_glszm_SizeZoneNonUniformity,1,20.0
GFSIR,original_glszm_SizeZoneNonUniformity,1,20.0
Vanilla RF,original_glszm_SizeZoneNonUniformityNormalized,5,100.0
Variance,original_glszm_SizeZoneNonUniformityNormalized,5,100.0
L1 Logistic Regression,original_glszm_SizeZoneNonUniformityNormalized,4,80.0
DyGraFS,original_glszm_SizeZoneNonUniformityNormalized,1,20.0
Anova,original_glszm_SizeZoneNonUniformityNormalized,1,20.0
Vanilla RF,original_glszm_SmallAreaEmphasis,5,100.0
Variance,original_glszm_SmallAreaEmphasis,5,100.0
L1 Logistic Regression,original_glszm_SmallAreaEmphasis,4,80.0
DyGraFS,original_glszm_SmallAreaEmphasis,3,60.0
Anova,original_glszm_SmallAreaEmphasis,1,20.0
RFE (SVM),original_glszm_SmallAreaEmphasis,1,20.0
Vanilla RF,original_glszm_SmallAreaHighGrayLevelEmphasis,5,100.0
Variance,original_glszm_SmallAreaHighGrayLevelEmphasis,5,100.0
L1 Logistic Regression,original_glszm_SmallAreaHighGrayLevelEmphasis,4,80.0
DyGraFS,original_glszm_SmallAreaHighGrayLevelEmphasis,1,20.0
Anova,original_glszm_SmallAreaHighGrayLevelEmphasis,1,20.0
RFE (SVM),original_glszm_SmallAreaHighGrayLevelEmphasis,1,20.0
GFSIR,original_glszm_SmallAreaHighGrayLevelEmphasis,1,20.0
Vanilla RF,original_glszm_SmallAreaLowGrayLevelEmphasis,5,100.0
Variance,original_glszm_SmallAreaLowGrayLevelEmphasis,5,100.0
L1 Logistic Regression,original_glszm_SmallAreaLowGrayLevelEmphasis,4,80.0
DyGraFS,original_glszm_SmallAreaLowGrayLevelEmphasis,1,20.0
Anova,original_glszm_SmallAreaLowGrayLevelEmphasis,1,20.0
RFE (SVM),original_glszm_SmallAreaLowGrayLevelEmphasis,1,20.0
Vanilla RF,original_glszm_ZoneEntropy,5,100.0
Variance,original_glszm_ZoneEntropy,5,100.0
DyGraFS,original_glszm_ZoneEntropy,4,80.0
L1 Logistic Regression,original_glszm_ZoneEntropy,4,80.0
Anova,original_glszm_ZoneEntropy,1,20.0
Mutual Information,original_glszm_ZoneEntropy,1,20.0
RFE (SVM),original_glszm_ZoneEntropy,1,20.0
GFSIR,original_glszm_ZoneEntropy,1,20.0
Vanilla RF,original_glszm_ZonePercentage,5,100.0
Anova,original_glszm_ZonePercentage,4,80.0
L1 Logistic Regression,original_glszm_ZonePercentage,4,80.0
Mutual Information,original_glszm_ZonePercentage,2,40.0
Variance,original_glszm_ZonePercentage,1,20.0
RFE (SVM),original_glszm_ZonePercentage,1,20.0
Boruta,original_glszm_ZonePercentage,1,20.0
Vanilla RF,original_glszm_ZoneVariance,5,100.0
Variance,original_glszm_ZoneVariance,5,100.0
Mutual Information,original_glszm_ZoneVariance,5,100.0
L1 Logistic Regression,original_glszm_ZoneVariance,4,80.0
Boruta,original_glszm_ZoneVariance,3,60.0
Anova,original_glszm_ZoneVariance,2,40.0
DyGraFS,original_glszm_ZoneVariance,1,20.0
Vanilla RF,original_ngtdm_Busyness,5,100.0
Variance,original_ngtdm_Busyness,5,100.0
L1 Logistic Regression,original_ngtdm_Busyness,5,100.0
DyGraFS,original_ngtdm_Busyness,4,80.0
Anova,original_ngtdm_Busyness,1,20.0
Vanilla RF,original_ngtdm_Coarseness,5,100.0
Variance,original_ngtdm_Coarseness,5,100.0
L1 Logistic Regression,original_ngtdm_Coarseness,3,60.0
Anova,original_ngtdm_Coarseness,1,20.0
Mutual Information,original_ngtdm_Coarseness,1,20.0
Vanilla RF,original_ngtdm_Complexity,5,100.0
Variance,original_ngtdm_Complexity,3,60.0
L1 Logistic Regression,original_ngtdm_Complexity,3,60.0
Anova,original_ngtdm_Complexity,1,20.0
RFE (SVM),original_ngtdm_Complexity,1,20.0
Vanilla RF,original_ngtdm_Contrast,5,100.0
L1 Logistic Regression,original_ngtdm_Contrast,3,60.0
Variance,original_ngtdm_Contrast,1,20.0
Anova,original_ngtdm_Contrast,1,20.0
Mutual Information,original_ngtdm_Contrast,1,20.0
Vanilla RF,original_ngtdm_Strength,5,100.0
Variance,original_ngtdm_Strength,5,100.0
DyGraFS,original_ngtdm_Strength,4,80.0
L1 Logistic Regression,original_ngtdm_Strength,4,80.0
Mutual Information,original_ngtdm_Strength,2,40.0
RFE (SVM),original_ngtdm_Strength,2,40.0
Anova,original_ngtdm_Strength,1,20.0
Vanilla RF,original_shape_Elongation,5,100.0
Variance,original_shape_Elongation,5,100.0
L1 Logistic Regression,original_shape_Elongation,4,80.0
DyGraFS,original_shape_Elongation,3,60.0
RFE (SVM),original_shape_Elongation,3,60.0
Anova,original_shape_Elongation,1,20.0
Boruta,original_shape_Elongation,1,20.0
Vanilla RF,original_shape_Flatness,5,100.0
L1 Logistic Regression,original_shape_Flatness,5,100.0
Variance,original_shape_Flatness,4,80.0
DyGraFS,original_shape_Flatness,2,40.0
RFE (SVM),original_shape_Flatness,2,40.0
Boruta,original_shape_Flatness,2,40.0
Anova,original_shape_Flatness,1,20.0
GFSIR,original_shape_Flatness,1,20.0
Vanilla RF,original_shape_LeastAxisLength,5,100.0
Variance,original_shape_LeastAxisLength,5,100.0
Anova,original_shape_LeastAxisLength,5,100.0
Mutual Information,original_shape_LeastAxisLength,5,100.0
L1 Logistic Regression,original_shape_LeastAxisLength,4,80.0
DyGraFS,original_shape_LeastAxisLength,1,20.0
Vanilla RF,original_shape_MajorAxisLength,5,100.0
Variance,original_shape_MajorAxisLength,5,100.0
Mutual Information,original_shape_MajorAxisLength,5,100.0
L1 Logistic Regression,original_shape_MajorAxisLength,4,80.0
Anova,original_shape_MajorAxisLength,3,60.0
RFE (SVM),original_shape_MajorAxisLength,3,60.0
Boruta,original_shape_MajorAxisLength,3,60.0
DyGraFS,original_shape_MajorAxisLength,1,20.0
Vanilla RF,original_shape_Maximum2DDiameterColumn,5,100.0
Variance,original_shape_Maximum2DDiameterColumn,5,100.0
Anova,original_shape_Maximum2DDiameterColumn,5,100.0
Mutual Information,original_shape_Maximum2DDiameterColumn,5,100.0
L1 Logistic Regression,original_shape_Maximum2DDiameterColumn,4,80.0
RFE (SVM),original_shape_Maximum2DDiameterColumn,3,60.0
DyGraFS,original_shape_Maximum2DDiameterColumn,1,20.0
Vanilla RF,original_shape_Maximum2DDiameterRow,5,100.0
Variance,original_shape_Maximum2DDiameterRow,5,100.0
Anova,original_shape_Maximum2DDiameterRow,5,100.0
Mutual Information,original_shape_Maximum2DDiameterRow,5,100.0
L1 Logistic Regression,original_shape_Maximum2DDiameterRow,4,80.0
RFE (SVM),original_shape_Maximum2DDiameterRow,2,40.0
Boruta,original_shape_Maximum2DDiameterRow,2,40.0
DyGraFS,original_shape_Maximum2DDiameterRow,1,20.0
Vanilla RF,original_shape_Maximum2DDiameterSlice,5,100.0
Variance,original_shape_Maximum2DDiameterSlice,5,100.0
Anova,original_shape_Maximum2DDiameterSlice,5,100.0
Mutual Information,original_shape_Maximum2DDiameterSlice,5,100.0
RFE (SVM),original_shape_Maximum2DDiameterSlice,5,100.0
L1 Logistic Regression,original_shape_Maximum2DDiameterSlice,4,80.0
Boruta,original_shape_Maximum2DDiameterSlice,1,20.0
Vanilla RF,original_shape_Maximum3DDiameter,5,100.0
Variance,original_shape_Maximum3DDiameter,5,100.0
Anova,original_shape_Maximum3DDiameter,5,100.0
Mutual Information,original_shape_Maximum3DDiameter,5,100.0
L1 Logistic Regression,original_shape_Maximum3DDiameter,4,80.0
Boruta,original_shape_Maximum3DDiameter,4,80.0
RFE (SVM),original_shape_Maximum3DDiameter,2,40.0
DyGraFS,original_shape_Maximum3DDiameter,1,20.0
Vanilla RF,original_shape_MeshVolume,5,100.0
Variance,original_shape_MeshVolume,5,100.0
Mutual Information,original_shape_MeshVolume,5,100.0
Anova,original_shape_MeshVolume,4,80.0
L1 Logistic Regression,original_shape_MeshVolume,4,80.0
Boruta,original_shape_MeshVolume,1,20.0
Vanilla RF,original_shape_MinorAxisLength,5,100.0
Variance,original_shape_MinorAxisLength,5,100.0
Anova,original_shape_MinorAxisLength,5,100.0
Mutual Information,original_shape_MinorAxisLength,5,100.0
L1 Logistic Regression,original_shape_MinorAxisLength,4,80.0
RFE (SVM),original_shape_MinorAxisLength,2,40.0
Boruta,original_shape_MinorAxisLength,1,20.0
Vanilla RF,original_shape_Sphericity,5,100.0
RFE (SVM),original_shape_Sphericity,5,100.0
Variance,original_shape_Sphericity,4,80.0
Anova,original_shape_Sphericity,4,80.0
L1 Logistic Regression,original_shape_Sphericity,4,80.0
DyGraFS,original_shape_Sphericity,2,40.0
Mutual Information,original_shape_Sphericity,2,40.0
Boruta,original_shape_Sphericity,2,40.0
Vanilla RF,original_shape_SurfaceArea,5,100.0
Variance,original_shape_SurfaceArea,5,100.0
Mutual Information,original_shape_SurfaceArea,5,100.0
Anova,original_shape_SurfaceArea,4,80.0
L1 Logistic Regression,original_shape_SurfaceArea,4,80.0
Boruta,original_shape_SurfaceArea,1,20.0
Vanilla RF,original_shape_SurfaceVolumeRatio,5,100.0
Variance,original_shape_SurfaceVolumeRatio,5,100.0
Anova,original_shape_SurfaceVolumeRatio,4,80.0
L1 Logistic Regression,original_shape_SurfaceVolumeRatio,4,80.0
Mutual Information,original_shape_SurfaceVolumeRatio,3,60.0
Vanilla RF,original_shape_VoxelVolume,5,100.0
Variance,original_shape_VoxelVolume,5,100.0
Mutual Information,original_shape_VoxelVolume,5,100.0
Anova,original_shape_VoxelVolume,4,80.0
L1 Logistic Regression,original_shape_VoxelVolume,4,80.0
Vanilla RF,square_firstorder_10Percentile,5,100.0
Variance,square_firstorder_10Percentile,5,100.0
Anova,square_firstorder_10Percentile,4,80.0
L1 Logistic Regression,square_firstorder_10Percentile,4,80.0
RFE (SVM),square_firstorder_10Percentile,4,80.0
Mutual Information,square_firstorder_10Percentile,2,40.0
Vanilla RF,square_firstorder_90Percentile,5,100.0
Variance,square_firstorder_90Percentile,4,80.0
L1 Logistic Regression,square_firstorder_90Percentile,4,80.0
Anova,square_firstorder_90Percentile,1,20.0
RFE (SVM),square_firstorder_90Percentile,1,20.0
Vanilla RF,square_firstorder_Energy,5,100.0
Variance,square_firstorder_Energy,5,100.0
Mutual Information,square_firstorder_Energy,5,100.0
L1 Logistic Regression,square_firstorder_Energy,4,80.0
Anova,square_firstorder_Energy,3,60.0
RFE (SVM),square_firstorder_Energy,1,20.0
Vanilla RF,square_firstorder_Entropy,5,100.0
Anova,square_firstorder_Entropy,3,60.0
Vanilla RF,square_firstorder_InterquartileRange,5,100.0
Variance,square_firstorder_InterquartileRange,5,100.0
Anova,square_firstorder_InterquartileRange,4,80.0
L1 Logistic Regression,square_firstorder_InterquartileRange,4,80.0
Mutual Information,square_firstorder_InterquartileRange,2,40.0
RFE (SVM),square_firstorder_InterquartileRange,2,40.0
Vanilla RF,square_firstorder_Kurtosis,5,100.0
Variance,square_firstorder_Kurtosis,5,100.0
L1 Logistic Regression,square_firstorder_Kurtosis,4,80.0
DyGraFS,square_firstorder_Kurtosis,2,40.0
Mutual Information,square_firstorder_Kurtosis,2,40.0
RFE (SVM),square_firstorder_Kurtosis,2,40.0
Anova,square_firstorder_Kurtosis,1,20.0
Boruta,square_firstorder_Kurtosis,1,20.0
Vanilla RF,square_firstorder_Maximum,5,100.0
Variance,square_firstorder_Maximum,5,100.0
L1 Logistic Regression,square_firstorder_Maximum,4,80.0
Anova,square_firstorder_Maximum,2,40.0
Mutual Information,square_firstorder_Maximum,2,40.0
Vanilla RF,square_firstorder_Mean,5,100.0
Variance,square_firstorder_Mean,4,80.0
L1 Logistic Regression,square_firstorder_Mean,4,80.0
Anova,square_firstorder_Mean,3,60.0
Mutual Information,square_firstorder_Mean,2,40.0
Vanilla RF,square_firstorder_MeanAbsoluteDeviation,5,100.0
Variance,square_firstorder_MeanAbsoluteDeviation,4,80.0
L1 Logistic Regression,square_firstorder_MeanAbsoluteDeviation,4,80.0
Anova,square_firstorder_MeanAbsoluteDeviation,3,60.0
Mutual Information,square_firstorder_MeanAbsoluteDeviation,2,40.0
Vanilla RF,square_firstorder_Median,5,100.0
Variance,square_firstorder_Median,5,100.0
L1 Logistic Regression,square_firstorder_Median,4,80.0
Anova,square_firstorder_Median,3,60.0
Mutual Information,square_firstorder_Median,2,40.0
RFE (SVM),square_firstorder_Median,1,20.0
Vanilla RF,square_firstorder_Minimum,5,100.0
L1 Logistic Regression,square_firstorder_Minimum,5,100.0
RFE (SVM),square_firstorder_Minimum,4,80.0
Variance,square_firstorder_Minimum,2,40.0
Mutual Information,square_firstorder_Minimum,2,40.0
Anova,square_firstorder_Minimum,1,20.0
Vanilla RF,square_firstorder_Range,5,100.0
Variance,square_firstorder_Range,5,100.0
L1 Logistic Regression,square_firstorder_Range,4,80.0
GFSIR,square_firstorder_Range,3,60.0
Anova,square_firstorder_Range,2,40.0
Mutual Information,square_firstorder_Range,2,40.0
DyGraFS,square_firstorder_Range,1,20.0
Vanilla RF,square_firstorder_RobustMeanAbsoluteDeviation,5,100.0
Variance,square_firstorder_RobustMeanAbsoluteDeviation,4,80.0
Anova,square_firstorder_RobustMeanAbsoluteDeviation,4,80.0
L1 Logistic Regression,square_firstorder_RobustMeanAbsoluteDeviation,4,80.0
Mutual Information,square_firstorder_RobustMeanAbsoluteDeviation,2,40.0
RFE (SVM),square_firstorder_RobustMeanAbsoluteDeviation,2,40.0
Vanilla RF,square_firstorder_RootMeanSquared,5,100.0
Variance,square_firstorder_RootMeanSquared,4,80.0
L1 Logistic Regression,square_firstorder_RootMeanSquared,4,80.0
Anova,square_firstorder_RootMeanSquared,3,60.0
Mutual Information,square_firstorder_RootMeanSquared,1,20.0
Vanilla RF,square_firstorder_Skewness,5,100.0
Variance,square_firstorder_Skewness,5,100.0
L1 Logistic Regression,square_firstorder_Skewness,4,80.0
RFE (SVM),square_firstorder_Skewness,3,60.0
Mutual Information,square_firstorder_Skewness,2,40.0
DyGraFS,square_firstorder_Skewness,1,20.0
Anova,square_firstorder_Skewness,1,20.0
Vanilla RF,square_firstorder_TotalEnergy,5,100.0
Variance,square_firstorder_TotalEnergy,5,100.0
Mutual Information,square_firstorder_TotalEnergy,5,100.0
L1 Logistic Regression,square_firstorder_TotalEnergy,4,80.0
Anova,square_firstorder_TotalEnergy,3,60.0
RFE (SVM),square_firstorder_TotalEnergy,2,40.0
Vanilla RF,square_firstorder_Uniformity,5,100.0
Anova,square_firstorder_Uniformity,1,20.0
Vanilla RF,square_firstorder_Variance,5,100.0
L1 Logistic Regression,square_firstorder_Variance,5,100.0
RFE (SVM),square_firstorder_Variance,4,80.0
Variance,square_firstorder_Variance,3,60.0
Mutual Information,square_firstorder_Variance,2,40.0
Anova,square_firstorder_Variance,1,20.0
Vanilla RF,square_glcm_Autocorrelation,5,100.0
Anova,square_glcm_Autocorrelation,1,20.0
Vanilla RF,square_glcm_ClusterProminence,5,100.0
Anova,square_glcm_ClusterProminence,1,20.0
Vanilla RF,square_glcm_ClusterShade,5,100.0
Anova,square_glcm_ClusterShade,1,20.0
Vanilla RF,square_glcm_ClusterTendency,5,100.0
Anova,square_glcm_ClusterTendency,1,20.0
Vanilla RF,square_glcm_Contrast,5,100.0
Anova,square_glcm_Contrast,1,20.0
Mutual Information,square_glcm_Contrast,1,20.0
Vanilla RF,square_glcm_Correlation,5,100.0
Anova,square_glcm_Correlation,1,20.0
Vanilla RF,square_glcm_DifferenceAverage,5,100.0
Anova,square_glcm_DifferenceAverage,1,20.0
Vanilla RF,square_glcm_DifferenceEntropy,5,100.0
Anova,square_glcm_DifferenceEntropy,3,60.0
Mutual Information,square_glcm_DifferenceEntropy,1,20.0
Vanilla RF,square_glcm_DifferenceVariance,5,100.0
Anova,square_glcm_DifferenceVariance,1,20.0
Mutual Information,square_glcm_DifferenceVariance,1,20.0
Vanilla RF,square_glcm_Id,5,100.0
Anova,square_glcm_Id,1,20.0
Vanilla RF,square_glcm_Idm,5,100.0
Anova,square_glcm_Idm,1,20.0
Mutual Information,square_glcm_Idm,1,20.0
Vanilla RF,square_glcm_Idmn,5,100.0
Anova,square_glcm_Idmn,1,20.0
Vanilla RF,square_glcm_Idn,5,100.0
Anova,square_glcm_Idn,1,20.0
Mutual Information,square_glcm_Idn,1,20.0
Vanilla RF,square_glcm_Imc1,5,100.0
Anova,square_glcm_Imc1,1,20.0
Vanilla RF,square_glcm_Imc2,5,100.0
Anova,square_glcm_Imc2,1,20.0
Vanilla RF,square_glcm_InverseVariance,5,100.0
Anova,square_glcm_InverseVariance,1,20.0
Mutual Information,square_glcm_InverseVariance,1,20.0
Vanilla RF,square_glcm_JointAverage,5,100.0
Anova,square_glcm_JointAverage,1,20.0
Vanilla RF,square_glcm_JointEnergy,5,100.0
Anova,square_glcm_JointEnergy,1,20.0
Vanilla RF,square_glcm_JointEntropy,5,100.0
Anova,square_glcm_JointEntropy,3,60.0
Vanilla RF,square_glcm_MCC,5,100.0
Anova,square_glcm_MCC,1,20.0
Vanilla RF,square_glcm_MaximumProbability,5,100.0
Anova,square_glcm_MaximumProbability,1,20.0
Mutual Information,square_glcm_MaximumProbability,1,20.0
Vanilla RF,square_glcm_SumAverage,5,100.0
Anova,square_glcm_SumAverage,1,20.0
Vanilla RF,square_glcm_SumEntropy,5,100.0
Anova,square_glcm_SumEntropy,3,60.0
Vanilla RF,square_glcm_SumSquares,5,100.0
Anova,square_glcm_SumSquares,1,20.0
Vanilla RF,square_gldm_DependenceEntropy,5,100.0
Variance,square_gldm_DependenceEntropy,5,100.0
Anova,square_gldm_DependenceEntropy,5,100.0
L1 Logistic Regression,square_gldm_DependenceEntropy,4,80.0
Mutual Information,square_gldm_DependenceEntropy,2,40.0
RFE (SVM),square_gldm_DependenceEntropy,1,20.0
Vanilla RF,square_gldm_DependenceNonUniformity,5,100.0
Variance,square_gldm_DependenceNonUniformity,5,100.0
Mutual Information,square_gldm_DependenceNonUniformity,5,100.0
L1 Logistic Regression,square_gldm_DependenceNonUniformity,4,80.0
Anova,square_gldm_DependenceNonUniformity,3,60.0
RFE (SVM),square_gldm_DependenceNonUniformity,1,20.0
Vanilla RF,square_gldm_DependenceNonUniformityNormalized,5,100.0
Variance,square_gldm_DependenceNonUniformityNormalized,5,100.0
Anova,square_gldm_DependenceNonUniformityNormalized,5,100.0
Mutual Information,square_gldm_DependenceNonUniformityNormalized,3,60.0
L1 Logistic Regression,square_gldm_DependenceNonUniformityNormalized,3,60.0
Vanilla RF,square_gldm_DependenceVariance,5,100.0
Variance,square_gldm_DependenceVariance,5,100.0
L1 Logistic Regression,square_gldm_DependenceVariance,4,80.0
Anova,square_gldm_DependenceVariance,3,60.0
Mutual Information,square_gldm_DependenceVariance,2,40.0
RFE (SVM),square_gldm_DependenceVariance,1,20.0
Vanilla RF,square_gldm_GrayLevelNonUniformity,5,100.0
Variance,square_gldm_GrayLevelNonUniformity,5,100.0
Mutual Information,square_gldm_GrayLevelNonUniformity,5,100.0
Anova,square_gldm_GrayLevelNonUniformity,4,80.0
L1 Logistic Regression,square_gldm_GrayLevelNonUniformity,4,80.0
Vanilla RF,square_gldm_GrayLevelVariance,5,100.0
Anova,square_gldm_GrayLevelVariance,1,20.0
Vanilla RF,square_gldm_HighGrayLevelEmphasis,5,100.0
Anova,square_gldm_HighGrayLevelEmphasis,1,20.0
Vanilla RF,square_gldm_LargeDependenceEmphasis,5,100.0
Variance,square_gldm_LargeDependenceEmphasis,5,100.0
Anova,square_gldm_LargeDependenceEmphasis,5,100.0
Mutual Information,square_gldm_LargeDependenceEmphasis,5,100.0
L1 Logistic Regression,square_gldm_LargeDependenceEmphasis,4,80.0
Vanilla RF,square_gldm_LargeDependenceHighGrayLevelEmphasis,5,100.0
Variance,square_gldm_LargeDependenceHighGrayLevelEmphasis,5,100.0
Anova,square_gldm_LargeDependenceHighGrayLevelEmphasis,5,100.0
Mutual Information,square_gldm_LargeDependenceHighGrayLevelEmphasis,5,100.0
L1 Logistic Regression,square_gldm_LargeDependenceHighGrayLevelEmphasis,4,80.0
Vanilla RF,square_gldm_LargeDependenceLowGrayLevelEmphasis,5,100.0
Variance,square_gldm_LargeDependenceLowGrayLevelEmphasis,5,100.0
Anova,square_gldm_LargeDependenceLowGrayLevelEmphasis,5,100.0
Mutual Information,square_gldm_LargeDependenceLowGrayLevelEmphasis,5,100.0
L1 Logistic Regression,square_gldm_LargeDependenceLowGrayLevelEmphasis,4,80.0
Vanilla RF,square_gldm_LowGrayLevelEmphasis,5,100.0
Anova,square_gldm_LowGrayLevelEmphasis,1,20.0
Mutual Information,square_gldm_LowGrayLevelEmphasis,1,20.0
Vanilla RF,square_gldm_SmallDependenceEmphasis,5,100.0
L1 Logistic Regression,square_gldm_SmallDependenceEmphasis,4,80.0
Anova,square_gldm_SmallDependenceEmphasis,3,60.0
Mutual Information,square_gldm_SmallDependenceEmphasis,2,40.0
Vanilla RF,square_gldm_SmallDependenceHighGrayLevelEmphasis,5,100.0
L1 Logistic Regression,square_gldm_SmallDependenceHighGrayLevelEmphasis,4,80.0
Anova,square_gldm_SmallDependenceHighGrayLevelEmphasis,3,60.0
Mutual Information,square_gldm_SmallDependenceHighGrayLevelEmphasis,2,40.0
Vanilla RF,square_gldm_SmallDependenceLowGrayLevelEmphasis,5,100.0
L1 Logistic Regression,square_gldm_SmallDependenceLowGrayLevelEmphasis,4,80.0
Anova,square_gldm_SmallDependenceLowGrayLevelEmphasis,3,60.0
Mutual Information,square_gldm_SmallDependenceLowGrayLevelEmphasis,2,40.0
Vanilla RF,square_glrlm_GrayLevelNonUniformity,5,100.0
Variance,square_glrlm_GrayLevelNonUniformity,5,100.0
Mutual Information,square_glrlm_GrayLevelNonUniformity,5,100.0
Anova,square_glrlm_GrayLevelNonUniformity,4,80.0
L1 Logistic Regression,square_glrlm_GrayLevelNonUniformity,4,80.0
Boruta,square_glrlm_GrayLevelNonUniformity,2,40.0
Vanilla RF,square_glrlm_GrayLevelNonUniformityNormalized,5,100.0
Anova,square_glrlm_GrayLevelNonUniformityNormalized,1,20.0
Vanilla RF,square_glrlm_GrayLevelVariance,5,100.0
Anova,square_glrlm_GrayLevelVariance,1,20.0
Vanilla RF,square_glrlm_HighGrayLevelRunEmphasis,5,100.0
Anova,square_glrlm_HighGrayLevelRunEmphasis,1,20.0
Vanilla RF,square_glrlm_LongRunEmphasis,5,100.0
Variance,square_glrlm_LongRunEmphasis,5,100.0
Mutual Information,square_glrlm_LongRunEmphasis,5,100.0
Anova,square_glrlm_LongRunEmphasis,4,80.0
L1 Logistic Regression,square_glrlm_LongRunEmphasis,4,80.0
RFE (SVM),square_glrlm_LongRunEmphasis,1,20.0
Vanilla RF,square_glrlm_LongRunHighGrayLevelEmphasis,5,100.0
Variance,square_glrlm_LongRunHighGrayLevelEmphasis,5,100.0
Mutual Information,square_glrlm_LongRunHighGrayLevelEmphasis,5,100.0
Anova,square_glrlm_LongRunHighGrayLevelEmphasis,4,80.0
L1 Logistic Regression,square_glrlm_LongRunHighGrayLevelEmphasis,4,80.0
RFE (SVM),square_glrlm_LongRunHighGrayLevelEmphasis,1,20.0
Vanilla RF,square_glrlm_LongRunLowGrayLevelEmphasis,5,100.0
Variance,square_glrlm_LongRunLowGrayLevelEmphasis,5,100.0
Mutual Information,square_glrlm_LongRunLowGrayLevelEmphasis,5,100.0
Anova,square_glrlm_LongRunLowGrayLevelEmphasis,4,80.0
L1 Logistic Regression,square_glrlm_LongRunLowGrayLevelEmphasis,4,80.0
RFE (SVM),square_glrlm_LongRunLowGrayLevelEmphasis,2,40.0
Vanilla RF,square_glrlm_LowGrayLevelRunEmphasis,5,100.0
Anova,square_glrlm_LowGrayLevelRunEmphasis,1,20.0
Vanilla RF,square_glrlm_RunEntropy,5,100.0
Variance,square_glrlm_RunEntropy,5,100.0
Anova,square_glrlm_RunEntropy,5,100.0
Mutual Information,square_glrlm_RunEntropy,5,100.0
L1 Logistic Regression,square_glrlm_RunEntropy,4,80.0
RFE (SVM),square_glrlm_RunEntropy,2,40.0
Vanilla RF,square_glrlm_RunLengthNonUniformity,5,100.0
Variance,square_glrlm_RunLengthNonUniformity,5,100.0
Mutual Information,square_glrlm_RunLengthNonUniformity,5,100.0
Anova,square_glrlm_RunLengthNonUniformity,4,80.0
L1 Logistic Regression,square_glrlm_RunLengthNonUniformity,4,80.0
Boruta,square_glrlm_RunLengthNonUniformity,3,60.0
RFE (SVM),square_glrlm_RunLengthNonUniformity,2,40.0
Vanilla RF,square_glrlm_RunLengthNonUniformityNormalized,5,100.0
Variance,square_glrlm_RunLengthNonUniformityNormalized,4,80.0
L1 Logistic Regression,square_glrlm_RunLengthNonUniformityNormalized,4,80.0
Anova,square_glrlm_RunLengthNonUniformityNormalized,3,60.0
Mutual Information,square_glrlm_RunLengthNonUniformityNormalized,2,40.0
Vanilla RF,square_glrlm_RunPercentage,5,100.0
Variance,square_glrlm_RunPercentage,4,80.0
Anova,square_glrlm_RunPercentage,4,80.0
L1 Logistic Regression,square_glrlm_RunPercentage,4,80.0
Mutual Information,square_glrlm_RunPercentage,3,60.0
Vanilla RF,square_glrlm_RunVariance,5,100.0
Variance,square_glrlm_RunVariance,5,100.0
Anova,square_glrlm_RunVariance,5,100.0
Mutual Information,square_glrlm_RunVariance,5,100.0
RFE (SVM),square_glrlm_RunVariance,5,100.0
L1 Logistic Regression,square_glrlm_RunVariance,4,80.0
Vanilla RF,square_glrlm_ShortRunEmphasis,5,100.0
Variance,square_glrlm_ShortRunEmphasis,4,80.0
L1 Logistic Regression,square_glrlm_ShortRunEmphasis,4,80.0
RFE (SVM),square_glrlm_ShortRunEmphasis,2,40.0
Anova,square_glrlm_ShortRunEmphasis,1,20.0
Vanilla RF,square_glrlm_ShortRunHighGrayLevelEmphasis,5,100.0
Variance,square_glrlm_ShortRunHighGrayLevelEmphasis,4,80.0
L1 Logistic Regression,square_glrlm_ShortRunHighGrayLevelEmphasis,4,80.0
RFE (SVM),square_glrlm_ShortRunHighGrayLevelEmphasis,2,40.0
Anova,square_glrlm_ShortRunHighGrayLevelEmphasis,1,20.0
Vanilla RF,square_glrlm_ShortRunLowGrayLevelEmphasis,5,100.0
Variance,square_glrlm_ShortRunLowGrayLevelEmphasis,4,80.0
L1 Logistic Regression,square_glrlm_ShortRunLowGrayLevelEmphasis,4,80.0
RFE (SVM),square_glrlm_ShortRunLowGrayLevelEmphasis,2,40.0
Anova,square_glrlm_ShortRunLowGrayLevelEmphasis,1,20.0
Vanilla RF,square_glszm_GrayLevelNonUniformity,5,100.0
Variance,square_glszm_GrayLevelNonUniformity,5,100.0
L1 Logistic Regression,square_glszm_GrayLevelNonUniformity,4,80.0
RFE (SVM),square_glszm_GrayLevelNonUniformity,3,60.0
Anova,square_glszm_GrayLevelNonUniformity,1,20.0
Vanilla RF,square_glszm_GrayLevelNonUniformityNormalized,5,100.0
Anova,square_glszm_GrayLevelNonUniformityNormalized,1,20.0
Vanilla RF,square_glszm_GrayLevelVariance,5,100.0
Anova,square_glszm_GrayLevelVariance,1,20.0
Vanilla RF,square_glszm_HighGrayLevelZoneEmphasis,5,100.0
Anova,square_glszm_HighGrayLevelZoneEmphasis,1,20.0
Mutual Information,square_glszm_HighGrayLevelZoneEmphasis,1,20.0
Vanilla RF,square_glszm_LargeAreaEmphasis,5,100.0
Variance,square_glszm_LargeAreaEmphasis,5,100.0
Mutual Information,square_glszm_LargeAreaEmphasis,5,100.0
L1 Logistic Regression,square_glszm_LargeAreaEmphasis,5,100.0
Anova,square_glszm_LargeAreaEmphasis,2,40.0
RFE (SVM),square_glszm_LargeAreaEmphasis,1,20.0
Vanilla RF,square_glszm_LargeAreaHighGrayLevelEmphasis,5,100.0
Variance,square_glszm_LargeAreaHighGrayLevelEmphasis,5,100.0
Mutual Information,square_glszm_LargeAreaHighGrayLevelEmphasis,5,100.0
L1 Logistic Regression,square_glszm_LargeAreaHighGrayLevelEmphasis,5,100.0
Anova,square_glszm_LargeAreaHighGrayLevelEmphasis,2,40.0
Vanilla RF,square_glszm_LargeAreaLowGrayLevelEmphasis,5,100.0
Variance,square_glszm_LargeAreaLowGrayLevelEmphasis,5,100.0
Mutual Information,square_glszm_LargeAreaLowGrayLevelEmphasis,5,100.0
L1 Logistic Regression,square_glszm_LargeAreaLowGrayLevelEmphasis,5,100.0
Anova,square_glszm_LargeAreaLowGrayLevelEmphasis,2,40.0
RFE (SVM),square_glszm_LargeAreaLowGrayLevelEmphasis,1,20.0
Vanilla RF,square_glszm_LowGrayLevelZoneEmphasis,5,100.0
Anova,square_glszm_LowGrayLevelZoneEmphasis,1,20.0
Vanilla RF,square_glszm_SizeZoneNonUniformity,5,100.0
Anova,square_glszm_SizeZoneNonUniformity,1,20.0
Vanilla RF,square_glszm_SizeZoneNonUniformityNormalized,5,100.0
Variance,square_glszm_SizeZoneNonUniformityNormalized,5,100.0
L1 Logistic Regression,square_glszm_SizeZoneNonUniformityNormalized,5,100.0
RFE (SVM),square_glszm_SizeZoneNonUniformityNormalized,4,80.0
DyGraFS,square_glszm_SizeZoneNonUniformityNormalized,2,40.0
GFSIR,square_glszm_SizeZoneNonUniformityNormalized,2,40.0
Anova,square_glszm_SizeZoneNonUniformityNormalized,1,20.0
Mutual Information,square_glszm_SizeZoneNonUniformityNormalized,1,20.0
Vanilla RF,square_glszm_SmallAreaEmphasis,5,100.0
Mutual Information,square_glszm_SmallAreaEmphasis,5,100.0
Variance,square_glszm_SmallAreaEmphasis,4,80.0
L1 Logistic Regression,square_glszm_SmallAreaEmphasis,4,80.0
Anova,square_glszm_SmallAreaEmphasis,1,20.0
RFE (SVM),square_glszm_SmallAreaEmphasis,1,20.0
Vanilla RF,square_glszm_SmallAreaHighGrayLevelEmphasis,5,100.0
Mutual Information,square_glszm_SmallAreaHighGrayLevelEmphasis,5,100.0
Variance,square_glszm_SmallAreaHighGrayLevelEmphasis,4,80.0
L1 Logistic Regression,square_glszm_SmallAreaHighGrayLevelEmphasis,4,80.0
Anova,square_glszm_SmallAreaHighGrayLevelEmphasis,1,20.0
Vanilla RF,square_glszm_SmallAreaLowGrayLevelEmphasis,5,100.0
Mutual Information,square_glszm_SmallAreaLowGrayLevelEmphasis,5,100.0
Variance,square_glszm_SmallAreaLowGrayLevelEmphasis,4,80.0
L1 Logistic Regression,square_glszm_SmallAreaLowGrayLevelEmphasis,4,80.0
Anova,square_glszm_SmallAreaLowGrayLevelEmphasis,1,20.0
Vanilla RF,square_glszm_ZoneEntropy,5,100.0
Variance,square_glszm_ZoneEntropy,5,100.0
L1 Logistic Regression,square_glszm_ZoneEntropy,4,80.0
Anova,square_glszm_ZoneEntropy,1,20.0
Mutual Information,square_glszm_ZoneEntropy,1,20.0
Vanilla RF,square_glszm_ZonePercentage,5,100.0
Mutual Information,square_glszm_ZonePercentage,5,100.0
L1 Logistic Regression,square_glszm_ZonePercentage,4,80.0
Anova,square_glszm_ZonePercentage,3,60.0
RFE (SVM),square_glszm_ZonePercentage,2,40.0
Vanilla RF,square_glszm_ZoneVariance,5,100.0
Variance,square_glszm_ZoneVariance,5,100.0
L1 Logistic Regression,square_glszm_ZoneVariance,5,100.0
RFE (SVM),square_glszm_ZoneVariance,2,40.0
DyGraFS,square_glszm_ZoneVariance,1,20.0
Anova,square_glszm_ZoneVariance,1,20.0
Mutual Information,square_glszm_ZoneVariance,1,20.0
Vanilla RF,square_ngtdm_Busyness,5,100.0
Anova,square_ngtdm_Busyness,1,20.0
Mutual Information,square_ngtdm_Busyness,1,20.0
Vanilla RF,square_ngtdm_Coarseness,5,100.0
Anova,square_ngtdm_Coarseness,1,20.0
Vanilla RF,square_ngtdm_Complexity,5,100.0
Anova,square_ngtdm_Complexity,1,20.0
Vanilla RF,square_ngtdm_Contrast,5,100.0
Anova,square_ngtdm_Contrast,1,20.0
Vanilla RF,square_ngtdm_Strength,5,100.0
Anova,square_ngtdm_Strength,1,20.0
Vanilla RF,squareroot_firstorder_10Percentile,5,100.0
Variance,squareroot_firstorder_10Percentile,5,100.0
L1 Logistic Regression,squareroot_firstorder_10Percentile,4,80.0
Anova,squareroot_firstorder_10Percentile,3,60.0
Mutual Information,squareroot_firstorder_10Percentile,2,40.0
DyGraFS,squareroot_firstorder_10Percentile,1,20.0
RFE (SVM),squareroot_firstorder_10Percentile,1,20.0
Vanilla RF,squareroot_firstorder_90Percentile,5,100.0
Variance,squareroot_firstorder_90Percentile,5,100.0
L1 Logistic Regression,squareroot_firstorder_90Percentile,4,80.0
RFE (SVM),squareroot_firstorder_90Percentile,4,80.0
Anova,squareroot_firstorder_90Percentile,1,20.0
GFSIR,squareroot_firstorder_90Percentile,1,20.0
Vanilla RF,squareroot_firstorder_Energy,5,100.0
Variance,squareroot_firstorder_Energy,5,100.0
Mutual Information,squareroot_firstorder_Energy,5,100.0
Anova,squareroot_firstorder_Energy,4,80.0
L1 Logistic Regression,squareroot_firstorder_Energy,4,80.0
Vanilla RF,squareroot_firstorder_Entropy,5,100.0
Variance,squareroot_firstorder_Entropy,5,100.0
L1 Logistic Regression,squareroot_firstorder_Entropy,3,60.0
Mutual Information,squareroot_firstorder_Entropy,2,40.0
DyGraFS,squareroot_firstorder_Entropy,1,20.0
Anova,squareroot_firstorder_Entropy,1,20.0
Vanilla RF,squareroot_firstorder_InterquartileRange,5,100.0
Variance,squareroot_firstorder_InterquartileRange,5,100.0
L1 Logistic Regression,squareroot_firstorder_InterquartileRange,5,100.0
Anova,squareroot_firstorder_InterquartileRange,4,80.0
Mutual Information,squareroot_firstorder_InterquartileRange,3,60.0
RFE (SVM),squareroot_firstorder_InterquartileRange,1,20.0
Vanilla RF,squareroot_firstorder_Kurtosis,5,100.0
Variance,squareroot_firstorder_Kurtosis,5,100.0
L1 Logistic Regression,squareroot_firstorder_Kurtosis,4,80.0
Mutual Information,squareroot_firstorder_Kurtosis,2,40.0
RFE (SVM),squareroot_firstorder_Kurtosis,2,40.0
Anova,squareroot_firstorder_Kurtosis,1,20.0
Vanilla RF,squareroot_firstorder_Maximum,5,100.0
Variance,squareroot_firstorder_Maximum,5,100.0
L1 Logistic Regression,squareroot_firstorder_Maximum,4,80.0
Anova,squareroot_firstorder_Maximum,2,40.0
RFE (SVM),squareroot_firstorder_Maximum,1,20.0
Vanilla RF,squareroot_firstorder_Mean,5,100.0
Variance,squareroot_firstorder_Mean,5,100.0
L1 Logistic Regression,squareroot_firstorder_Mean,4,80.0
Mutual Information,squareroot_firstorder_Mean,2,40.0
Anova,squareroot_firstorder_Mean,1,20.0
RFE (SVM),squareroot_firstorder_Mean,1,20.0
Vanilla RF,squareroot_firstorder_MeanAbsoluteDeviation,5,100.0
Variance,squareroot_firstorder_MeanAbsoluteDeviation,5,100.0
L1 Logistic Regression,squareroot_firstorder_MeanAbsoluteDeviation,4,80.0
Anova,squareroot_firstorder_MeanAbsoluteDeviation,3,60.0
Mutual Information,squareroot_firstorder_MeanAbsoluteDeviation,2,40.0
Boruta,squareroot_firstorder_MeanAbsoluteDeviation,1,20.0
Vanilla RF,squareroot_firstorder_Median,5,100.0
Variance,squareroot_firstorder_Median,5,100.0
L1 Logistic Regression,squareroot_firstorder_Median,4,80.0
RFE (SVM),squareroot_firstorder_Median,3,60.0
Anova,squareroot_firstorder_Median,1,20.0
Vanilla RF,squareroot_firstorder_Minimum,5,100.0
Variance,squareroot_firstorder_Minimum,5,100.0
L1 Logistic Regression,squareroot_firstorder_Minimum,4,80.0
Mutual Information,squareroot_firstorder_Minimum,2,40.0
DyGraFS,squareroot_firstorder_Minimum,1,20.0
Anova,squareroot_firstorder_Minimum,1,20.0
RFE (SVM),squareroot_firstorder_Minimum,1,20.0
Vanilla RF,squareroot_firstorder_Range,5,100.0
Variance,squareroot_firstorder_Range,5,100.0
L1 Logistic Regression,squareroot_firstorder_Range,4,80.0
DyGraFS,squareroot_firstorder_Range,2,40.0
Anova,squareroot_firstorder_Range,2,40.0
Mutual Information,squareroot_firstorder_Range,1,20.0
RFE (SVM),squareroot_firstorder_Range,1,20.0
GFSIR,squareroot_firstorder_Range,1,20.0
Vanilla RF,squareroot_firstorder_RobustMeanAbsoluteDeviation,5,100.0
Variance,squareroot_firstorder_RobustMeanAbsoluteDeviation,5,100.0
Mutual Information,squareroot_firstorder_RobustMeanAbsoluteDeviation,5,100.0
Anova,squareroot_firstorder_RobustMeanAbsoluteDeviation,4,80.0
L1 Logistic Regression,squareroot_firstorder_RobustMeanAbsoluteDeviation,4,80.0
RFE (SVM),squareroot_firstorder_RobustMeanAbsoluteDeviation,1,20.0
Vanilla RF,squareroot_firstorder_RootMeanSquared,5,100.0
Variance,squareroot_firstorder_RootMeanSquared,5,100.0
L1 Logistic Regression,squareroot_firstorder_RootMeanSquared,4,80.0
Anova,squareroot_firstorder_RootMeanSquared,1,20.0
RFE (SVM),squareroot_firstorder_RootMeanSquared,1,20.0
Vanilla RF,squareroot_firstorder_Skewness,5,100.0
Variance,squareroot_firstorder_Skewness,5,100.0
L1 Logistic Regression,squareroot_firstorder_Skewness,4,80.0
Anova,squareroot_firstorder_Skewness,3,60.0
RFE (SVM),squareroot_firstorder_Skewness,3,60.0
Mutual Information,squareroot_firstorder_Skewness,2,40.0
Vanilla RF,squareroot_firstorder_TotalEnergy,5,100.0
Variance,squareroot_firstorder_TotalEnergy,5,100.0
Mutual Information,squareroot_firstorder_TotalEnergy,5,100.0
Anova,squareroot_firstorder_TotalEnergy,4,80.0
L1 Logistic Regression,squareroot_firstorder_TotalEnergy,4,80.0
Vanilla RF,squareroot_firstorder_Uniformity,5,100.0
Variance,squareroot_firstorder_Uniformity,4,80.0
L1 Logistic Regression,squareroot_firstorder_Uniformity,4,80.0
Mutual Information,squareroot_firstorder_Uniformity,2,40.0
DyGraFS,squareroot_firstorder_Uniformity,1,20.0
Anova,squareroot_firstorder_Uniformity,1,20.0
RFE (SVM),squareroot_firstorder_Uniformity,1,20.0
Vanilla RF,squareroot_firstorder_Variance,5,100.0
Variance,squareroot_firstorder_Variance,5,100.0
L1 Logistic Regression,squareroot_firstorder_Variance,4,80.0
Mutual Information,squareroot_firstorder_Variance,2,40.0
Anova,squareroot_firstorder_Variance,1,20.0
RFE (SVM),squareroot_firstorder_Variance,1,20.0
Boruta,squareroot_firstorder_Variance,1,20.0
Vanilla RF,squareroot_glcm_Autocorrelation,5,100.0
Variance,squareroot_glcm_Autocorrelation,5,100.0
L1 Logistic Regression,squareroot_glcm_Autocorrelation,4,80.0
Mutual Information,squareroot_glcm_Autocorrelation,2,40.0
Anova,squareroot_glcm_Autocorrelation,1,20.0
Vanilla RF,squareroot_glcm_ClusterProminence,5,100.0
Variance,squareroot_glcm_ClusterProminence,5,100.0
L1 Logistic Regression,squareroot_glcm_ClusterProminence,4,80.0
Mutual Information,squareroot_glcm_ClusterProminence,2,40.0
Anova,squareroot_glcm_ClusterProminence,1,20.0
RFE (SVM),squareroot_glcm_ClusterProminence,1,20.0
Vanilla RF,squareroot_glcm_ClusterShade,5,100.0
L1 Logistic Regression,squareroot_glcm_ClusterShade,5,100.0
Variance,squareroot_glcm_ClusterShade,4,80.0
RFE (SVM),squareroot_glcm_ClusterShade,3,60.0
Mutual Information,squareroot_glcm_ClusterShade,2,40.0
Anova,squareroot_glcm_ClusterShade,1,20.0
Vanilla RF,squareroot_glcm_ClusterTendency,5,100.0
Variance,squareroot_glcm_ClusterTendency,5,100.0
L1 Logistic Regression,squareroot_glcm_ClusterTendency,4,80.0
Anova,squareroot_glcm_ClusterTendency,1,20.0
RFE (SVM),squareroot_glcm_ClusterTendency,1,20.0
Vanilla RF,squareroot_glcm_Contrast,5,100.0
Variance,squareroot_glcm_Contrast,4,80.0
L1 Logistic Regression,squareroot_glcm_Contrast,3,60.0
Mutual Information,squareroot_glcm_Contrast,2,40.0
Anova,squareroot_glcm_Contrast,1,20.0
Vanilla RF,squareroot_glcm_Correlation,5,100.0
Variance,squareroot_glcm_Correlation,5,100.0
L1 Logistic Regression,squareroot_glcm_Correlation,4,80.0
RFE (SVM),squareroot_glcm_Correlation,2,40.0
Anova,squareroot_glcm_Correlation,1,20.0
Mutual Information,squareroot_glcm_Correlation,1,20.0
Vanilla RF,squareroot_glcm_DifferenceAverage,5,100.0
Variance,squareroot_glcm_DifferenceAverage,4,80.0
L1 Logistic Regression,squareroot_glcm_DifferenceAverage,3,60.0
Mutual Information,squareroot_glcm_DifferenceAverage,2,40.0
Anova,squareroot_glcm_DifferenceAverage,1,20.0
Vanilla RF,squareroot_glcm_DifferenceEntropy,5,100.0
Variance,squareroot_glcm_DifferenceEntropy,5,100.0
L1 Logistic Regression,squareroot_glcm_DifferenceEntropy,3,60.0
Mutual Information,squareroot_glcm_DifferenceEntropy,2,40.0
Anova,squareroot_glcm_DifferenceEntropy,1,20.0
RFE (SVM),squareroot_glcm_DifferenceEntropy,1,20.0
Vanilla RF,squareroot_glcm_DifferenceVariance,5,100.0
Variance,squareroot_glcm_DifferenceVariance,3,60.0
L1 Logistic Regression,squareroot_glcm_DifferenceVariance,3,60.0
Mutual Information,squareroot_glcm_DifferenceVariance,2,40.0
Anova,squareroot_glcm_DifferenceVariance,1,20.0
Vanilla RF,squareroot_glcm_Id,5,100.0
Variance,squareroot_glcm_Id,3,60.0
L1 Logistic Regression,squareroot_glcm_Id,3,60.0
Mutual Information,squareroot_glcm_Id,2,40.0
Anova,squareroot_glcm_Id,1,20.0
Vanilla RF,squareroot_glcm_Idm,5,100.0
Variance,squareroot_glcm_Idm,3,60.0
L1 Logistic Regression,squareroot_glcm_Idm,3,60.0
Mutual Information,squareroot_glcm_Idm,2,40.0
Anova,squareroot_glcm_Idm,1,20.0
Vanilla RF,squareroot_glcm_Idmn,5,100.0
L1 Logistic Regression,squareroot_glcm_Idmn,3,60.0
Mutual Information,squareroot_glcm_Idmn,2,40.0
Variance,squareroot_glcm_Idmn,1,20.0
Anova,squareroot_glcm_Idmn,1,20.0
Vanilla RF,squareroot_glcm_Idn,5,100.0
Variance,squareroot_glcm_Idn,3,60.0
L1 Logistic Regression,squareroot_glcm_Idn,3,60.0
Mutual Information,squareroot_glcm_Idn,2,40.0
Anova,squareroot_glcm_Idn,1,20.0
Vanilla RF,squareroot_glcm_Imc1,5,100.0
Variance,squareroot_glcm_Imc1,5,100.0
L1 Logistic Regression,squareroot_glcm_Imc1,4,80.0
RFE (SVM),squareroot_glcm_Imc1,3,60.0
Anova,squareroot_glcm_Imc1,2,40.0
Mutual Information,squareroot_glcm_Imc1,1,20.0
Vanilla RF,squareroot_glcm_Imc2,5,100.0
Variance,squareroot_glcm_Imc2,5,100.0
L1 Logistic Regression,squareroot_glcm_Imc2,4,80.0
Anova,squareroot_glcm_Imc2,1,20.0
Mutual Information,squareroot_glcm_Imc2,1,20.0
Vanilla RF,squareroot_glcm_InverseVariance,5,100.0
Variance,squareroot_glcm_InverseVariance,4,80.0
L1 Logistic Regression,squareroot_glcm_InverseVariance,3,60.0
Mutual Information,squareroot_glcm_InverseVariance,2,40.0
Anova,squareroot_glcm_InverseVariance,1,20.0
Vanilla RF,squareroot_glcm_JointAverage,5,100.0
Variance,squareroot_glcm_JointAverage,5,100.0
L1 Logistic Regression,squareroot_glcm_JointAverage,4,80.0
Anova,squareroot_glcm_JointAverage,1,20.0
Mutual Information,squareroot_glcm_JointAverage,1,20.0
Vanilla RF,squareroot_glcm_JointEnergy,5,100.0
Variance,squareroot_glcm_JointEnergy,4,80.0
Mutual Information,squareroot_glcm_JointEnergy,2,40.0
L1 Logistic Regression,squareroot_glcm_JointEnergy,2,40.0
Anova,squareroot_glcm_JointEnergy,1,20.0
Vanilla RF,squareroot_glcm_JointEntropy,5,100.0
Variance,squareroot_glcm_JointEntropy,5,100.0
Mutual Information,squareroot_glcm_JointEntropy,2,40.0
L1 Logistic Regression,squareroot_glcm_JointEntropy,2,40.0
Anova,squareroot_glcm_JointEntropy,1,20.0
Vanilla RF,squareroot_glcm_MCC,5,100.0
Variance,squareroot_glcm_MCC,5,100.0
L1 Logistic Regression,squareroot_glcm_MCC,4,80.0
Anova,squareroot_glcm_MCC,1,20.0
Vanilla RF,squareroot_glcm_MaximumProbability,5,100.0
Variance,squareroot_glcm_MaximumProbability,4,80.0
L1 Logistic Regression,squareroot_glcm_MaximumProbability,3,60.0
DyGraFS,squareroot_glcm_MaximumProbability,1,20.0
Anova,squareroot_glcm_MaximumProbability,1,20.0
Mutual Information,squareroot_glcm_MaximumProbability,1,20.0
Vanilla RF,squareroot_glcm_SumAverage,5,100.0
Variance,squareroot_glcm_SumAverage,5,100.0
L1 Logistic Regression,squareroot_glcm_SumAverage,4,80.0
Mutual Information,squareroot_glcm_SumAverage,2,40.0
Anova,squareroot_glcm_SumAverage,1,20.0
Vanilla RF,squareroot_glcm_SumEntropy,5,100.0
Variance,squareroot_glcm_SumEntropy,5,100.0
Mutual Information,squareroot_glcm_SumEntropy,2,40.0
L1 Logistic Regression,squareroot_glcm_SumEntropy,2,40.0
Anova,squareroot_glcm_SumEntropy,1,20.0
Vanilla RF,squareroot_glcm_SumSquares,5,100.0
Variance,squareroot_glcm_SumSquares,4,80.0
L1 Logistic Regression,squareroot_glcm_SumSquares,4,80.0
Anova,squareroot_glcm_SumSquares,1,20.0
Mutual Information,squareroot_glcm_SumSquares,1,20.0
Vanilla RF,squareroot_gldm_DependenceEntropy,5,100.0
Variance,squareroot_gldm_DependenceEntropy,5,100.0
Anova,squareroot_gldm_DependenceEntropy,4,80.0
L1 Logistic Regression,squareroot_gldm_DependenceEntropy,4,80.0
Mutual Information,squareroot_gldm_DependenceEntropy,2,40.0
Vanilla RF,squareroot_gldm_DependenceNonUniformity,5,100.0
Variance,squareroot_gldm_DependenceNonUniformity,5,100.0
Mutual Information,squareroot_gldm_DependenceNonUniformity,5,100.0
Anova,squareroot_gldm_DependenceNonUniformity,3,60.0
L1 Logistic Regression,squareroot_gldm_DependenceNonUniformity,2,40.0
Vanilla RF,squareroot_gldm_DependenceNonUniformityNormalized,5,100.0
Variance,squareroot_gldm_DependenceNonUniformityNormalized,5,100.0
Anova,squareroot_gldm_DependenceNonUniformityNormalized,5,100.0
L1 Logistic Regression,squareroot_gldm_DependenceNonUniformityNormalized,3,60.0
Mutual Information,squareroot_gldm_DependenceNonUniformityNormalized,2,40.0
Vanilla RF,squareroot_gldm_DependenceVariance,5,100.0
Variance,squareroot_gldm_DependenceVariance,5,100.0
L1 Logistic Regression,squareroot_gldm_DependenceVariance,4,80.0
Anova,squareroot_gldm_DependenceVariance,3,60.0
Mutual Information,squareroot_gldm_DependenceVariance,2,40.0
RFE (SVM),squareroot_gldm_DependenceVariance,1,20.0
Vanilla RF,squareroot_gldm_GrayLevelNonUniformity,5,100.0
Variance,squareroot_gldm_GrayLevelNonUniformity,5,100.0
Mutual Information,squareroot_gldm_GrayLevelNonUniformity,5,100.0
Anova,squareroot_gldm_GrayLevelNonUniformity,4,80.0
L1 Logistic Regression,squareroot_gldm_GrayLevelNonUniformity,4,80.0
Vanilla RF,squareroot_gldm_GrayLevelVariance,5,100.0
Variance,squareroot_gldm_GrayLevelVariance,4,80.0
L1 Logistic Regression,squareroot_gldm_GrayLevelVariance,4,80.0
Mutual Information,squareroot_gldm_GrayLevelVariance,2,40.0
Anova,squareroot_gldm_GrayLevelVariance,1,20.0
Vanilla RF,squareroot_gldm_HighGrayLevelEmphasis,5,100.0
Variance,squareroot_gldm_HighGrayLevelEmphasis,5,100.0
L1 Logistic Regression,squareroot_gldm_HighGrayLevelEmphasis,4,80.0
Mutual Information,squareroot_gldm_HighGrayLevelEmphasis,2,40.0
Anova,squareroot_gldm_HighGrayLevelEmphasis,1,20.0
Vanilla RF,squareroot_gldm_LargeDependenceEmphasis,5,100.0
Variance,squareroot_gldm_LargeDependenceEmphasis,5,100.0
Anova,squareroot_gldm_LargeDependenceEmphasis,4,80.0
L1 Logistic Regression,squareroot_gldm_LargeDependenceEmphasis,4,80.0
Mutual Information,squareroot_gldm_LargeDependenceEmphasis,2,40.0
Vanilla RF,squareroot_gldm_LargeDependenceHighGrayLevelEmphasis,5,100.0
Variance,squareroot_gldm_LargeDependenceHighGrayLevelEmphasis,5,100.0
L1 Logistic Regression,squareroot_gldm_LargeDependenceHighGrayLevelEmphasis,4,80.0
Anova,squareroot_gldm_LargeDependenceHighGrayLevelEmphasis,3,60.0
Mutual Information,squareroot_gldm_LargeDependenceHighGrayLevelEmphasis,2,40.0
Vanilla RF,squareroot_gldm_LargeDependenceLowGrayLevelEmphasis,5,100.0
Variance,squareroot_gldm_LargeDependenceLowGrayLevelEmphasis,5,100.0
L1 Logistic Regression,squareroot_gldm_LargeDependenceLowGrayLevelEmphasis,4,80.0
Mutual Information,squareroot_gldm_LargeDependenceLowGrayLevelEmphasis,3,60.0
Anova,squareroot_gldm_LargeDependenceLowGrayLevelEmphasis,1,20.0
RFE (SVM),squareroot_gldm_LargeDependenceLowGrayLevelEmphasis,1,20.0
Vanilla RF,squareroot_gldm_LowGrayLevelEmphasis,5,100.0
Variance,squareroot_gldm_LowGrayLevelEmphasis,5,100.0
L1 Logistic Regression,squareroot_gldm_LowGrayLevelEmphasis,4,80.0
Mutual Information,squareroot_gldm_LowGrayLevelEmphasis,2,40.0
Anova,squareroot_gldm_LowGrayLevelEmphasis,1,20.0
Vanilla RF,squareroot_gldm_SmallDependenceEmphasis,5,100.0
Anova,squareroot_gldm_SmallDependenceEmphasis,4,80.0
L1 Logistic Regression,squareroot_gldm_SmallDependenceEmphasis,4,80.0
Mutual Information,squareroot_gldm_SmallDependenceEmphasis,2,40.0
Vanilla RF,squareroot_gldm_SmallDependenceHighGrayLevelEmphasis,5,100.0
L1 Logistic Regression,squareroot_gldm_SmallDependenceHighGrayLevelEmphasis,4,80.0
Anova,squareroot_gldm_SmallDependenceHighGrayLevelEmphasis,3,60.0
Mutual Information,squareroot_gldm_SmallDependenceHighGrayLevelEmphasis,2,40.0
Variance,squareroot_gldm_SmallDependenceHighGrayLevelEmphasis,1,20.0
RFE (SVM),squareroot_gldm_SmallDependenceHighGrayLevelEmphasis,1,20.0
Vanilla RF,squareroot_gldm_SmallDependenceLowGrayLevelEmphasis,5,100.0
L1 Logistic Regression,squareroot_gldm_SmallDependenceLowGrayLevelEmphasis,5,100.0
Anova,squareroot_gldm_SmallDependenceLowGrayLevelEmphasis,4,80.0
RFE (SVM),squareroot_gldm_SmallDependenceLowGrayLevelEmphasis,3,60.0
Mutual Information,squareroot_gldm_SmallDependenceLowGrayLevelEmphasis,2,40.0
Boruta,squareroot_gldm_SmallDependenceLowGrayLevelEmphasis,1,20.0
Vanilla RF,squareroot_glrlm_GrayLevelNonUniformity,5,100.0
Variance,squareroot_glrlm_GrayLevelNonUniformity,5,100.0
Mutual Information,squareroot_glrlm_GrayLevelNonUniformity,5,100.0
Anova,squareroot_glrlm_GrayLevelNonUniformity,4,80.0
L1 Logistic Regression,squareroot_glrlm_GrayLevelNonUniformity,4,80.0
Boruta,squareroot_glrlm_GrayLevelNonUniformity,3,60.0
Vanilla RF,squareroot_glrlm_GrayLevelNonUniformityNormalized,5,100.0
Variance,squareroot_glrlm_GrayLevelNonUniformityNormalized,5,100.0
L1 Logistic Regression,squareroot_glrlm_GrayLevelNonUniformityNormalized,4,80.0
Anova,squareroot_glrlm_GrayLevelNonUniformityNormalized,1,20.0
RFE (SVM),squareroot_glrlm_GrayLevelNonUniformityNormalized,1,20.0
Vanilla RF,squareroot_glrlm_GrayLevelVariance,5,100.0
Variance,squareroot_glrlm_GrayLevelVariance,4,80.0
L1 Logistic Regression,squareroot_glrlm_GrayLevelVariance,4,80.0
RFE (SVM),squareroot_glrlm_GrayLevelVariance,2,40.0
Anova,squareroot_glrlm_GrayLevelVariance,1,20.0
Vanilla RF,squareroot_glrlm_HighGrayLevelRunEmphasis,5,100.0
Variance,squareroot_glrlm_HighGrayLevelRunEmphasis,5,100.0
L1 Logistic Regression,squareroot_glrlm_HighGrayLevelRunEmphasis,2,40.0
Anova,squareroot_glrlm_HighGrayLevelRunEmphasis,1,20.0
Vanilla RF,squareroot_glrlm_LongRunEmphasis,5,100.0
Variance,squareroot_glrlm_LongRunEmphasis,5,100.0
Anova,squareroot_glrlm_LongRunEmphasis,4,80.0
Mutual Information,squareroot_glrlm_LongRunEmphasis,4,80.0
L1 Logistic Regression,squareroot_glrlm_LongRunEmphasis,4,80.0
RFE (SVM),squareroot_glrlm_LongRunEmphasis,1,20.0
Vanilla RF,squareroot_glrlm_LongRunHighGrayLevelEmphasis,5,100.0
Variance,squareroot_glrlm_LongRunHighGrayLevelEmphasis,5,100.0
L1 Logistic Regression,squareroot_glrlm_LongRunHighGrayLevelEmphasis,5,100.0
Anova,squareroot_glrlm_LongRunHighGrayLevelEmphasis,4,80.0
Mutual Information,squareroot_glrlm_LongRunHighGrayLevelEmphasis,2,40.0
RFE (SVM),squareroot_glrlm_LongRunHighGrayLevelEmphasis,2,40.0
Vanilla RF,squareroot_glrlm_LongRunLowGrayLevelEmphasis,5,100.0
Variance,squareroot_glrlm_LongRunLowGrayLevelEmphasis,5,100.0
L1 Logistic Regression,squareroot_glrlm_LongRunLowGrayLevelEmphasis,4,80.0
Anova,squareroot_glrlm_LongRunLowGrayLevelEmphasis,3,60.0
Mutual Information,squareroot_glrlm_LongRunLowGrayLevelEmphasis,2,40.0
RFE (SVM),squareroot_glrlm_LongRunLowGrayLevelEmphasis,1,20.0
Vanilla RF,squareroot_glrlm_LowGrayLevelRunEmphasis,5,100.0
Variance,squareroot_glrlm_LowGrayLevelRunEmphasis,5,100.0
L1 Logistic Regression,squareroot_glrlm_LowGrayLevelRunEmphasis,2,40.0
Anova,squareroot_glrlm_LowGrayLevelRunEmphasis,1,20.0
Vanilla RF,squareroot_glrlm_RunEntropy,5,100.0
Variance,squareroot_glrlm_RunEntropy,5,100.0
Anova,squareroot_glrlm_RunEntropy,5,100.0
Mutual Information,squareroot_glrlm_RunEntropy,5,100.0
L1 Logistic Regression,squareroot_glrlm_RunEntropy,4,80.0
RFE (SVM),squareroot_glrlm_RunEntropy,1,20.0
Vanilla RF,squareroot_glrlm_RunLengthNonUniformity,5,100.0
Variance,squareroot_glrlm_RunLengthNonUniformity,5,100.0
Mutual Information,squareroot_glrlm_RunLengthNonUniformity,5,100.0
L1 Logistic Regression,squareroot_glrlm_RunLengthNonUniformity,5,100.0
Anova,squareroot_glrlm_RunLengthNonUniformity,4,80.0
RFE (SVM),squareroot_glrlm_RunLengthNonUniformity,4,80.0
Boruta,squareroot_glrlm_RunLengthNonUniformity,1,20.0
Vanilla RF,squareroot_glrlm_RunLengthNonUniformityNormalized,5,100.0
Variance,squareroot_glrlm_RunLengthNonUniformityNormalized,4,80.0
Anova,squareroot_glrlm_RunLengthNonUniformityNormalized,3,60.0
L1 Logistic Regression,squareroot_glrlm_RunLengthNonUniformityNormalized,3,60.0
Mutual Information,squareroot_glrlm_RunLengthNonUniformityNormalized,2,40.0
Vanilla RF,squareroot_glrlm_RunPercentage,5,100.0
Variance,squareroot_glrlm_RunPercentage,4,80.0
Anova,squareroot_glrlm_RunPercentage,4,80.0
L1 Logistic Regression,squareroot_glrlm_RunPercentage,4,80.0
Mutual Information,squareroot_glrlm_RunPercentage,2,40.0
Vanilla RF,squareroot_glrlm_RunVariance,5,100.0
Variance,squareroot_glrlm_RunVariance,5,100.0
Mutual Information,squareroot_glrlm_RunVariance,5,100.0
Anova,squareroot_glrlm_RunVariance,4,80.0
L1 Logistic Regression,squareroot_glrlm_RunVariance,4,80.0
RFE (SVM),squareroot_glrlm_RunVariance,1,20.0
Vanilla RF,squareroot_glrlm_ShortRunEmphasis,5,100.0
Variance,squareroot_glrlm_ShortRunEmphasis,4,80.0
L1 Logistic Regression,squareroot_glrlm_ShortRunEmphasis,4,80.0
Anova,squareroot_glrlm_ShortRunEmphasis,1,20.0
RFE (SVM),squareroot_glrlm_ShortRunEmphasis,1,20.0
Vanilla RF,squareroot_glrlm_ShortRunHighGrayLevelEmphasis,5,100.0
Variance,squareroot_glrlm_ShortRunHighGrayLevelEmphasis,5,100.0
L1 Logistic Regression,squareroot_glrlm_ShortRunHighGrayLevelEmphasis,4,80.0
RFE (SVM),squareroot_glrlm_ShortRunHighGrayLevelEmphasis,3,60.0
DyGraFS,squareroot_glrlm_ShortRunHighGrayLevelEmphasis,2,40.0
Anova,squareroot_glrlm_ShortRunHighGrayLevelEmphasis,1,20.0
Vanilla RF,squareroot_glrlm_ShortRunLowGrayLevelEmphasis,5,100.0
Variance,squareroot_glrlm_ShortRunLowGrayLevelEmphasis,4,80.0
L1 Logistic Regression,squareroot_glrlm_ShortRunLowGrayLevelEmphasis,4,80.0
Anova,squareroot_glrlm_ShortRunLowGrayLevelEmphasis,2,40.0
RFE (SVM),squareroot_glrlm_ShortRunLowGrayLevelEmphasis,2,40.0
Mutual Information,squareroot_glrlm_ShortRunLowGrayLevelEmphasis,1,20.0
Vanilla RF,squareroot_glszm_GrayLevelNonUniformity,5,100.0
Variance,squareroot_glszm_GrayLevelNonUniformity,5,100.0
L1 Logistic Regression,squareroot_glszm_GrayLevelNonUniformity,4,80.0
Mutual Information,squareroot_glszm_GrayLevelNonUniformity,2,40.0
Anova,squareroot_glszm_GrayLevelNonUniformity,1,20.0
RFE (SVM),squareroot_glszm_GrayLevelNonUniformity,1,20.0
Vanilla RF,squareroot_glszm_GrayLevelNonUniformityNormalized,5,100.0
Variance,squareroot_glszm_GrayLevelNonUniformityNormalized,5,100.0
L1 Logistic Regression,squareroot_glszm_GrayLevelNonUniformityNormalized,5,100.0
Mutual Information,squareroot_glszm_GrayLevelNonUniformityNormalized,2,40.0
RFE (SVM),squareroot_glszm_GrayLevelNonUniformityNormalized,2,40.0
Anova,squareroot_glszm_GrayLevelNonUniformityNormalized,1,20.0
Vanilla RF,squareroot_glszm_GrayLevelVariance,5,100.0
L1 Logistic Regression,squareroot_glszm_GrayLevelVariance,5,100.0
Variance,squareroot_glszm_GrayLevelVariance,4,80.0
Mutual Information,squareroot_glszm_GrayLevelVariance,2,40.0
RFE (SVM),squareroot_glszm_GrayLevelVariance,2,40.0
DyGraFS,squareroot_glszm_GrayLevelVariance,1,20.0
Anova,squareroot_glszm_GrayLevelVariance,1,20.0
Boruta,squareroot_glszm_GrayLevelVariance,1,20.0
Vanilla RF,squareroot_glszm_HighGrayLevelZoneEmphasis,5,100.0
Variance,squareroot_glszm_HighGrayLevelZoneEmphasis,5,100.0
L1 Logistic Regression,squareroot_glszm_HighGrayLevelZoneEmphasis,4,80.0
Mutual Information,squareroot_glszm_HighGrayLevelZoneEmphasis,2,40.0
Anova,squareroot_glszm_HighGrayLevelZoneEmphasis,1,20.0
RFE (SVM),squareroot_glszm_HighGrayLevelZoneEmphasis,1,20.0
Vanilla RF,squareroot_glszm_LargeAreaEmphasis,5,100.0
Variance,squareroot_glszm_LargeAreaEmphasis,5,100.0
Mutual Information,squareroot_glszm_LargeAreaEmphasis,5,100.0
L1 Logistic Regression,squareroot_glszm_LargeAreaEmphasis,4,80.0
Boruta,squareroot_glszm_LargeAreaEmphasis,4,80.0
Anova,squareroot_glszm_LargeAreaEmphasis,1,20.0
Vanilla RF,squareroot_glszm_LargeAreaHighGrayLevelEmphasis,5,100.0
Variance,squareroot_glszm_LargeAreaHighGrayLevelEmphasis,5,100.0
Mutual Information,squareroot_glszm_LargeAreaHighGrayLevelEmphasis,5,100.0
L1 Logistic Regression,squareroot_glszm_LargeAreaHighGrayLevelEmphasis,4,80.0
Boruta,squareroot_glszm_LargeAreaHighGrayLevelEmphasis,3,60.0
Anova,squareroot_glszm_LargeAreaHighGrayLevelEmphasis,2,40.0
Vanilla RF,squareroot_glszm_LargeAreaLowGrayLevelEmphasis,5,100.0
Variance,squareroot_glszm_LargeAreaLowGrayLevelEmphasis,5,100.0
Mutual Information,squareroot_glszm_LargeAreaLowGrayLevelEmphasis,5,100.0
L1 Logistic Regression,squareroot_glszm_LargeAreaLowGrayLevelEmphasis,5,100.0
DyGraFS,squareroot_glszm_LargeAreaLowGrayLevelEmphasis,1,20.0
Anova,squareroot_glszm_LargeAreaLowGrayLevelEmphasis,1,20.0
RFE (SVM),squareroot_glszm_LargeAreaLowGrayLevelEmphasis,1,20.0
Boruta,squareroot_glszm_LargeAreaLowGrayLevelEmphasis,1,20.0
Vanilla RF,squareroot_glszm_LowGrayLevelZoneEmphasis,5,100.0
Variance,squareroot_glszm_LowGrayLevelZoneEmphasis,5,100.0
L1 Logistic Regression,squareroot_glszm_LowGrayLevelZoneEmphasis,4,80.0
Mutual Information,squareroot_glszm_LowGrayLevelZoneEmphasis,2,40.0
Anova,squareroot_glszm_LowGrayLevelZoneEmphasis,1,20.0
RFE (SVM),squareroot_glszm_LowGrayLevelZoneEmphasis,1,20.0
Vanilla RF,squareroot_glszm_SizeZoneNonUniformity,5,100.0
Variance,squareroot_glszm_SizeZoneNonUniformity,5,100.0
L1 Logistic Regression,squareroot_glszm_SizeZoneNonUniformity,4,80.0
RFE (SVM),squareroot_glszm_SizeZoneNonUniformity,2,40.0
Anova,squareroot_glszm_SizeZoneNonUniformity,1,20.0
Vanilla RF,squareroot_glszm_SizeZoneNonUniformityNormalized,5,100.0
Variance,squareroot_glszm_SizeZoneNonUniformityNormalized,5,100.0
L1 Logistic Regression,squareroot_glszm_SizeZoneNonUniformityNormalized,4,80.0
Anova,squareroot_glszm_SizeZoneNonUniformityNormalized,1,20.0
Vanilla RF,squareroot_glszm_SmallAreaEmphasis,5,100.0
Variance,squareroot_glszm_SmallAreaEmphasis,5,100.0
L1 Logistic Regression,squareroot_glszm_SmallAreaEmphasis,4,80.0
Anova,squareroot_glszm_SmallAreaEmphasis,1,20.0
RFE (SVM),squareroot_glszm_SmallAreaEmphasis,1,20.0
Vanilla RF,squareroot_glszm_SmallAreaHighGrayLevelEmphasis,5,100.0
Variance,squareroot_glszm_SmallAreaHighGrayLevelEmphasis,5,100.0
L1 Logistic Regression,squareroot_glszm_SmallAreaHighGrayLevelEmphasis,4,80.0
Anova,squareroot_glszm_SmallAreaHighGrayLevelEmphasis,1,20.0
RFE (SVM),squareroot_glszm_SmallAreaHighGrayLevelEmphasis,1,20.0
Vanilla RF,squareroot_glszm_SmallAreaLowGrayLevelEmphasis,5,100.0
Variance,squareroot_glszm_SmallAreaLowGrayLevelEmphasis,5,100.0
L1 Logistic Regression,squareroot_glszm_SmallAreaLowGrayLevelEmphasis,4,80.0
RFE (SVM),squareroot_glszm_SmallAreaLowGrayLevelEmphasis,2,40.0
Anova,squareroot_glszm_SmallAreaLowGrayLevelEmphasis,1,20.0
Vanilla RF,squareroot_glszm_ZoneEntropy,5,100.0
Variance,squareroot_glszm_ZoneEntropy,5,100.0
L1 Logistic Regression,squareroot_glszm_ZoneEntropy,4,80.0
RFE (SVM),squareroot_glszm_ZoneEntropy,3,60.0
Anova,squareroot_glszm_ZoneEntropy,1,20.0
Mutual Information,squareroot_glszm_ZoneEntropy,1,20.0
Vanilla RF,squareroot_glszm_ZonePercentage,5,100.0
Anova,squareroot_glszm_ZonePercentage,4,80.0
L1 Logistic Regression,squareroot_glszm_ZonePercentage,4,80.0
Mutual Information,squareroot_glszm_ZonePercentage,2,40.0
RFE (SVM),squareroot_glszm_ZonePercentage,2,40.0
Variance,squareroot_glszm_ZonePercentage,1,20.0
Vanilla RF,squareroot_glszm_ZoneVariance,5,100.0
Variance,squareroot_glszm_ZoneVariance,5,100.0
Mutual Information,squareroot_glszm_ZoneVariance,5,100.0
L1 Logistic Regression,squareroot_glszm_ZoneVariance,4,80.0
Boruta,squareroot_glszm_ZoneVariance,3,60.0
Anova,squareroot_glszm_ZoneVariance,2,40.0
DyGraFS,squareroot_glszm_ZoneVariance,1,20.0
RFE (SVM),squareroot_glszm_ZoneVariance,1,20.0
GFSIR,squareroot_glszm_ZoneVariance,1,20.0
Vanilla RF,squareroot_ngtdm_Busyness,5,100.0
Variance,squareroot_ngtdm_Busyness,5,100.0
L1 Logistic Regression,squareroot_ngtdm_Busyness,5,100.0
Anova,squareroot_ngtdm_Busyness,1,20.0
RFE (SVM),squareroot_ngtdm_Busyness,1,20.0
Vanilla RF,squareroot_ngtdm_Coarseness,5,100.0
Variance,squareroot_ngtdm_Coarseness,5,100.0
L1 Logistic Regression,squareroot_ngtdm_Coarseness,3,60.0
DyGraFS,squareroot_ngtdm_Coarseness,1,20.0
Anova,squareroot_ngtdm_Coarseness,1,20.0
Mutual Information,squareroot_ngtdm_Coarseness,1,20.0
GFSIR,squareroot_ngtdm_Coarseness,1,20.0
Vanilla RF,squareroot_ngtdm_Complexity,5,100.0
Variance,squareroot_ngtdm_Complexity,3,60.0
L1 Logistic Regression,squareroot_ngtdm_Complexity,3,60.0
Anova,squareroot_ngtdm_Complexity,1,20.0
RFE (SVM),squareroot_ngtdm_Complexity,1,20.0
Vanilla RF,squareroot_ngtdm_Contrast,5,100.0
L1 Logistic Regression,squareroot_ngtdm_Contrast,3,60.0
Variance,squareroot_ngtdm_Contrast,1,20.0
Anova,squareroot_ngtdm_Contrast,1,20.0
Mutual Information,squareroot_ngtdm_Contrast,1,20.0
Vanilla RF,squareroot_ngtdm_Strength,5,100.0
Variance,squareroot_ngtdm_Strength,5,100.0
L1 Logistic Regression,squareroot_ngtdm_Strength,4,80.0
Mutual Information,squareroot_ngtdm_Strength,2,40.0
RFE (SVM),squareroot_ngtdm_Strength,2,40.0
Anova,squareroot_ngtdm_Strength,1,20.0
Vanilla RF,wavelet-HHH_firstorder_10Percentile,5,100.0
L1 Logistic Regression,wavelet-HHH_firstorder_10Percentile,4,80.0
RFE (SVM),wavelet-HHH_firstorder_10Percentile,4,80.0
Variance,wavelet-HHH_firstorder_10Percentile,3,60.0
Anova,wavelet-HHH_firstorder_10Percentile,1,20.0
Mutual Information,wavelet-HHH_firstorder_10Percentile,1,20.0
Boruta,wavelet-HHH_firstorder_10Percentile,1,20.0
Vanilla RF,wavelet-HHH_firstorder_90Percentile,5,100.0
L1 Logistic Regression,wavelet-HHH_firstorder_90Percentile,4,80.0
RFE (SVM),wavelet-HHH_firstorder_90Percentile,4,80.0
Variance,wavelet-HHH_firstorder_90Percentile,3,60.0
Anova,wavelet-HHH_firstorder_90Percentile,1,20.0
Vanilla RF,wavelet-HHH_firstorder_Energy,5,100.0
Variance,wavelet-HHH_firstorder_Energy,5,100.0
L1 Logistic Regression,wavelet-HHH_firstorder_Energy,4,80.0
Anova,wavelet-HHH_firstorder_Energy,3,60.0
Mutual Information,wavelet-HHH_firstorder_Energy,2,40.0
RFE (SVM),wavelet-HHH_firstorder_Energy,2,40.0
Vanilla RF,wavelet-HHH_firstorder_Entropy,5,100.0
L1 Logistic Regression,wavelet-HHH_firstorder_Entropy,4,80.0
Mutual Information,wavelet-HHH_firstorder_Entropy,2,40.0
Anova,wavelet-HHH_firstorder_Entropy,1,20.0
RFE (SVM),wavelet-HHH_firstorder_Entropy,1,20.0
GFSIR,wavelet-HHH_firstorder_Entropy,1,20.0
Vanilla RF,wavelet-HHH_firstorder_InterquartileRange,5,100.0
L1 Logistic Regression,wavelet-HHH_firstorder_InterquartileRange,4,80.0
Variance,wavelet-HHH_firstorder_InterquartileRange,3,60.0
RFE (SVM),wavelet-HHH_firstorder_InterquartileRange,2,40.0
Anova,wavelet-HHH_firstorder_InterquartileRange,1,20.0
Mutual Information,wavelet-HHH_firstorder_InterquartileRange,1,20.0
Vanilla RF,wavelet-HHH_firstorder_Kurtosis,5,100.0
Variance,wavelet-HHH_firstorder_Kurtosis,5,100.0
L1 Logistic Regression,wavelet-HHH_firstorder_Kurtosis,3,60.0
Boruta,wavelet-HHH_firstorder_Kurtosis,3,60.0
Mutual Information,wavelet-HHH_firstorder_Kurtosis,2,40.0
RFE (SVM),wavelet-HHH_firstorder_Kurtosis,2,40.0
DyGraFS,wavelet-HHH_firstorder_Kurtosis,1,20.0
Anova,wavelet-HHH_firstorder_Kurtosis,1,20.0
Vanilla RF,wavelet-HHH_firstorder_Maximum,5,100.0
Variance,wavelet-HHH_firstorder_Maximum,5,100.0
L1 Logistic Regression,wavelet-HHH_firstorder_Maximum,4,80.0
RFE (SVM),wavelet-HHH_firstorder_Maximum,2,40.0
Anova,wavelet-HHH_firstorder_Maximum,1,20.0
Mutual Information,wavelet-HHH_firstorder_Maximum,1,20.0
Boruta,wavelet-HHH_firstorder_Maximum,1,20.0
Vanilla RF,wavelet-HHH_firstorder_Mean,5,100.0
L1 Logistic Regression,wavelet-HHH_firstorder_Mean,4,80.0
Mutual Information,wavelet-HHH_firstorder_Mean,2,40.0
RFE (SVM),wavelet-HHH_firstorder_Mean,2,40.0
Anova,wavelet-HHH_firstorder_Mean,1,20.0
Vanilla RF,wavelet-HHH_firstorder_MeanAbsoluteDeviation,5,100.0
L1 Logistic Regression,wavelet-HHH_firstorder_MeanAbsoluteDeviation,4,80.0
Variance,wavelet-HHH_firstorder_MeanAbsoluteDeviation,1,20.0
Anova,wavelet-HHH_firstorder_MeanAbsoluteDeviation,1,20.0
Mutual Information,wavelet-HHH_firstorder_MeanAbsoluteDeviation,1,20.0
RFE (SVM),wavelet-HHH_firstorder_MeanAbsoluteDeviation,1,20.0
Boruta,wavelet-HHH_firstorder_MeanAbsoluteDeviation,1,20.0
Vanilla RF,wavelet-HHH_firstorder_Median,5,100.0
L1 Logistic Regression,wavelet-HHH_firstorder_Median,4,80.0
Mutual Information,wavelet-HHH_firstorder_Median,2,40.0
Anova,wavelet-HHH_firstorder_Median,1,20.0
RFE (SVM),wavelet-HHH_firstorder_Median,1,20.0
Vanilla RF,wavelet-HHH_firstorder_Minimum,5,100.0
Variance,wavelet-HHH_firstorder_Minimum,5,100.0
L1 Logistic Regression,wavelet-HHH_firstorder_Minimum,4,80.0
RFE (SVM),wavelet-HHH_firstorder_Minimum,3,60.0
Mutual Information,wavelet-HHH_firstorder_Minimum,2,40.0
DyGraFS,wavelet-HHH_firstorder_Minimum,1,20.0
Anova,wavelet-HHH_firstorder_Minimum,1,20.0
Vanilla RF,wavelet-HHH_firstorder_Range,5,100.0
Variance,wavelet-HHH_firstorder_Range,5,100.0
L1 Logistic Regression,wavelet-HHH_firstorder_Range,4,80.0
DyGraFS,wavelet-HHH_firstorder_Range,3,60.0
Mutual Information,wavelet-HHH_firstorder_Range,2,40.0
Anova,wavelet-HHH_firstorder_Range,1,20.0
RFE (SVM),wavelet-HHH_firstorder_Range,1,20.0
Boruta,wavelet-HHH_firstorder_Range,1,20.0
Vanilla RF,wavelet-HHH_firstorder_RobustMeanAbsoluteDeviation,5,100.0
L1 Logistic Regression,wavelet-HHH_firstorder_RobustMeanAbsoluteDeviation,4,80.0
RFE (SVM),wavelet-HHH_firstorder_RobustMeanAbsoluteDeviation,2,40.0
Variance,wavelet-HHH_firstorder_RobustMeanAbsoluteDeviation,1,20.0
Anova,wavelet-HHH_firstorder_RobustMeanAbsoluteDeviation,1,20.0
Mutual Information,wavelet-HHH_firstorder_RobustMeanAbsoluteDeviation,1,20.0
Vanilla RF,wavelet-HHH_firstorder_RootMeanSquared,5,100.0
L1 Logistic Regression,wavelet-HHH_firstorder_RootMeanSquared,4,80.0
Variance,wavelet-HHH_firstorder_RootMeanSquared,3,60.0
Mutual Information,wavelet-HHH_firstorder_RootMeanSquared,2,40.0
Anova,wavelet-HHH_firstorder_RootMeanSquared,1,20.0
Vanilla RF,wavelet-HHH_firstorder_Skewness,5,100.0
Variance,wavelet-HHH_firstorder_Skewness,5,100.0
L1 Logistic Regression,wavelet-HHH_firstorder_Skewness,5,100.0
RFE (SVM),wavelet-HHH_firstorder_Skewness,5,100.0
DyGraFS,wavelet-HHH_firstorder_Skewness,3,60.0
Mutual Information,wavelet-HHH_firstorder_Skewness,2,40.0
Anova,wavelet-HHH_firstorder_Skewness,1,20.0
Vanilla RF,wavelet-HHH_firstorder_TotalEnergy,5,100.0
Variance,wavelet-HHH_firstorder_TotalEnergy,5,100.0
L1 Logistic Regression,wavelet-HHH_firstorder_TotalEnergy,4,80.0
Anova,wavelet-HHH_firstorder_TotalEnergy,3,60.0
Mutual Information,wavelet-HHH_firstorder_TotalEnergy,2,40.0
RFE (SVM),wavelet-HHH_firstorder_TotalEnergy,2,40.0
Vanilla RF,wavelet-HHH_firstorder_Uniformity,5,100.0
L1 Logistic Regression,wavelet-HHH_firstorder_Uniformity,4,80.0
Mutual Information,wavelet-HHH_firstorder_Uniformity,2,40.0
Anova,wavelet-HHH_firstorder_Uniformity,1,20.0
RFE (SVM),wavelet-HHH_firstorder_Uniformity,1,20.0
Vanilla RF,wavelet-HHH_firstorder_Variance,5,100.0
L1 Logistic Regression,wavelet-HHH_firstorder_Variance,4,80.0
Mutual Information,wavelet-HHH_firstorder_Variance,2,40.0
Anova,wavelet-HHH_firstorder_Variance,1,20.0
RFE (SVM),wavelet-HHH_firstorder_Variance,1,20.0
Vanilla RF,wavelet-HHH_glcm_Autocorrelation,5,100.0
L1 Logistic Regression,wavelet-HHH_glcm_Autocorrelation,4,80.0
Variance,wavelet-HHH_glcm_Autocorrelation,3,60.0
Mutual Information,wavelet-HHH_glcm_Autocorrelation,2,40.0
Anova,wavelet-HHH_glcm_Autocorrelation,1,20.0
Vanilla RF,wavelet-HHH_glcm_ClusterProminence,5,100.0
L1 Logistic Regression,wavelet-HHH_glcm_ClusterProminence,4,80.0
RFE (SVM),wavelet-HHH_glcm_ClusterProminence,2,40.0
Variance,wavelet-HHH_glcm_ClusterProminence,1,20.0
Anova,wavelet-HHH_glcm_ClusterProminence,1,20.0
Vanilla RF,wavelet-HHH_glcm_ClusterShade,5,100.0
L1 Logistic Regression,wavelet-HHH_glcm_ClusterShade,5,100.0
Mutual Information,wavelet-HHH_glcm_ClusterShade,2,40.0
Variance,wavelet-HHH_glcm_ClusterShade,1,20.0
Anova,wavelet-HHH_glcm_ClusterShade,1,20.0
RFE (SVM),wavelet-HHH_glcm_ClusterShade,1,20.0
Vanilla RF,wavelet-HHH_glcm_ClusterTendency,5,100.0
L1 Logistic Regression,wavelet-HHH_glcm_ClusterTendency,4,80.0
Variance,wavelet-HHH_glcm_ClusterTendency,1,20.0
Anova,wavelet-HHH_glcm_ClusterTendency,1,20.0
RFE (SVM),wavelet-HHH_glcm_ClusterTendency,1,20.0
Vanilla RF,wavelet-HHH_glcm_Contrast,5,100.0
L1 Logistic Regression,wavelet-HHH_glcm_Contrast,5,100.0
RFE (SVM),wavelet-HHH_glcm_Contrast,2,40.0
Variance,wavelet-HHH_glcm_Contrast,1,20.0
Anova,wavelet-HHH_glcm_Contrast,1,20.0
Mutual Information,wavelet-HHH_glcm_Contrast,1,20.0
Vanilla RF,wavelet-HHH_glcm_Correlation,5,100.0
L1 Logistic Regression,wavelet-HHH_glcm_Correlation,4,80.0
Variance,wavelet-HHH_glcm_Correlation,1,20.0
Anova,wavelet-HHH_glcm_Correlation,1,20.0
RFE (SVM),wavelet-HHH_glcm_Correlation,1,20.0
Vanilla RF,wavelet-HHH_glcm_DifferenceAverage,5,100.0
L1 Logistic Regression,wavelet-HHH_glcm_DifferenceAverage,5,100.0
RFE (SVM),wavelet-HHH_glcm_DifferenceAverage,2,40.0
Variance,wavelet-HHH_glcm_DifferenceAverage,1,20.0
Anova,wavelet-HHH_glcm_DifferenceAverage,1,20.0
Mutual Information,wavelet-HHH_glcm_DifferenceAverage,1,20.0
Vanilla RF,wavelet-HHH_glcm_DifferenceEntropy,5,100.0
L1 Logistic Regression,wavelet-HHH_glcm_DifferenceEntropy,4,80.0
Variance,wavelet-HHH_glcm_DifferenceEntropy,1,20.0
Anova,wavelet-HHH_glcm_DifferenceEntropy,1,20.0
Mutual Information,wavelet-HHH_glcm_DifferenceEntropy,1,20.0
RFE (SVM),wavelet-HHH_glcm_DifferenceEntropy,1,20.0
Vanilla RF,wavelet-HHH_glcm_DifferenceVariance,5,100.0
L1 Logistic Regression,wavelet-HHH_glcm_DifferenceVariance,4,80.0
Anova,wavelet-HHH_glcm_DifferenceVariance,1,20.0
Mutual Information,wavelet-HHH_glcm_DifferenceVariance,1,20.0
RFE (SVM),wavelet-HHH_glcm_DifferenceVariance,1,20.0
Vanilla RF,wavelet-HHH_glcm_Id,5,100.0
L1 Logistic Regression,wavelet-HHH_glcm_Id,5,100.0
Anova,wavelet-HHH_glcm_Id,1,20.0
Mutual Information,wavelet-HHH_glcm_Id,1,20.0
RFE (SVM),wavelet-HHH_glcm_Id,1,20.0
Vanilla RF,wavelet-HHH_glcm_Idm,5,100.0
L1 Logistic Regression,wavelet-HHH_glcm_Idm,5,100.0
Anova,wavelet-HHH_glcm_Idm,1,20.0
Mutual Information,wavelet-HHH_glcm_Idm,1,20.0
RFE (SVM),wavelet-HHH_glcm_Idm,1,20.0
Vanilla RF,wavelet-HHH_glcm_Idmn,5,100.0
L1 Logistic Regression,wavelet-HHH_glcm_Idmn,5,100.0
Anova,wavelet-HHH_glcm_Idmn,1,20.0
Mutual Information,wavelet-HHH_glcm_Idmn,1,20.0
RFE (SVM),wavelet-HHH_glcm_Idmn,1,20.0
Vanilla RF,wavelet-HHH_glcm_Idn,5,100.0
L1 Logistic Regression,wavelet-HHH_glcm_Idn,5,100.0
Anova,wavelet-HHH_glcm_Idn,1,20.0
Mutual Information,wavelet-HHH_glcm_Idn,1,20.0
RFE (SVM),wavelet-HHH_glcm_Idn,1,20.0
Vanilla RF,wavelet-HHH_glcm_Imc1,5,100.0
L1 Logistic Regression,wavelet-HHH_glcm_Imc1,4,80.0
RFE (SVM),wavelet-HHH_glcm_Imc1,3,60.0
Variance,wavelet-HHH_glcm_Imc1,1,20.0
Anova,wavelet-HHH_glcm_Imc1,1,20.0
Mutual Information,wavelet-HHH_glcm_Imc1,1,20.0
Vanilla RF,wavelet-HHH_glcm_Imc2,5,100.0
Variance,wavelet-HHH_glcm_Imc2,4,80.0
L1 Logistic Regression,wavelet-HHH_glcm_Imc2,4,80.0
Mutual Information,wavelet-HHH_glcm_Imc2,2,40.0
RFE (SVM),wavelet-HHH_glcm_Imc2,2,40.0
GFSIR,wavelet-HHH_glcm_Imc2,2,40.0
DyGraFS,wavelet-HHH_glcm_Imc2,1,20.0
Anova,wavelet-HHH_glcm_Imc2,1,20.0
Vanilla RF,wavelet-HHH_glcm_InverseVariance,5,100.0
L1 Logistic Regression,wavelet-HHH_glcm_InverseVariance,5,100.0
RFE (SVM),wavelet-HHH_glcm_InverseVariance,2,40.0
Variance,wavelet-HHH_glcm_InverseVariance,1,20.0
Anova,wavelet-HHH_glcm_InverseVariance,1,20.0
Mutual Information,wavelet-HHH_glcm_InverseVariance,1,20.0
Vanilla RF,wavelet-HHH_glcm_JointAverage,5,100.0
L1 Logistic Regression,wavelet-HHH_glcm_JointAverage,4,80.0
Mutual Information,wavelet-HHH_glcm_JointAverage,2,40.0
Variance,wavelet-HHH_glcm_JointAverage,1,20.0
Anova,wavelet-HHH_glcm_JointAverage,1,20.0
RFE (SVM),wavelet-HHH_glcm_JointAverage,1,20.0
Vanilla RF,wavelet-HHH_glcm_JointEnergy,5,100.0
L1 Logistic Regression,wavelet-HHH_glcm_JointEnergy,4,80.0
Anova,wavelet-HHH_glcm_JointEnergy,1,20.0
Mutual Information,wavelet-HHH_glcm_JointEnergy,1,20.0
RFE (SVM),wavelet-HHH_glcm_JointEnergy,1,20.0
Vanilla RF,wavelet-HHH_glcm_JointEntropy,5,100.0
L1 Logistic Regression,wavelet-HHH_glcm_JointEntropy,4,80.0
Mutual Information,wavelet-HHH_glcm_JointEntropy,2,40.0
Variance,wavelet-HHH_glcm_JointEntropy,1,20.0
Anova,wavelet-HHH_glcm_JointEntropy,1,20.0
RFE (SVM),wavelet-HHH_glcm_JointEntropy,1,20.0
Vanilla RF,wavelet-HHH_glcm_MCC,5,100.0
L1 Logistic Regression,wavelet-HHH_glcm_MCC,4,80.0
Variance,wavelet-HHH_glcm_MCC,3,60.0
Mutual Information,wavelet-HHH_glcm_MCC,2,40.0
RFE (SVM),wavelet-HHH_glcm_MCC,2,40.0
Anova,wavelet-HHH_glcm_MCC,1,20.0
Vanilla RF,wavelet-HHH_glcm_MaximumProbability,5,100.0
L1 Logistic Regression,wavelet-HHH_glcm_MaximumProbability,4,80.0
Mutual Information,wavelet-HHH_glcm_MaximumProbability,2,40.0
RFE (SVM),wavelet-HHH_glcm_MaximumProbability,2,40.0
Variance,wavelet-HHH_glcm_MaximumProbability,1,20.0
Anova,wavelet-HHH_glcm_MaximumProbability,1,20.0
Vanilla RF,wavelet-HHH_glcm_SumAverage,5,100.0
L1 Logistic Regression,wavelet-HHH_glcm_SumAverage,4,80.0
Variance,wavelet-HHH_glcm_SumAverage,3,60.0
Mutual Information,wavelet-HHH_glcm_SumAverage,2,40.0
RFE (SVM),wavelet-HHH_glcm_SumAverage,2,40.0
Anova,wavelet-HHH_glcm_SumAverage,1,20.0
Vanilla RF,wavelet-HHH_glcm_SumEntropy,5,100.0
L1 Logistic Regression,wavelet-HHH_glcm_SumEntropy,3,60.0
Variance,wavelet-HHH_glcm_SumEntropy,1,20.0
Anova,wavelet-HHH_glcm_SumEntropy,1,20.0
Mutual Information,wavelet-HHH_glcm_SumEntropy,1,20.0
Vanilla RF,wavelet-HHH_glcm_SumSquares,5,100.0
L1 Logistic Regression,wavelet-HHH_glcm_SumSquares,4,80.0
Anova,wavelet-HHH_glcm_SumSquares,3,60.0
Mutual Information,wavelet-HHH_glcm_SumSquares,2,40.0
RFE (SVM),wavelet-HHH_glcm_SumSquares,1,20.0
Vanilla RF,wavelet-HHH_gldm_DependenceEntropy,5,100.0
Variance,wavelet-HHH_gldm_DependenceEntropy,5,100.0
Anova,wavelet-HHH_gldm_DependenceEntropy,4,80.0
L1 Logistic Regression,wavelet-HHH_gldm_DependenceEntropy,4,80.0
Mutual Information,wavelet-HHH_gldm_DependenceEntropy,2,40.0
RFE (SVM),wavelet-HHH_gldm_DependenceEntropy,2,40.0
DyGraFS,wavelet-HHH_gldm_DependenceEntropy,1,20.0
Vanilla RF,wavelet-HHH_gldm_DependenceNonUniformity,5,100.0
Variance,wavelet-HHH_gldm_DependenceNonUniformity,5,100.0
Mutual Information,wavelet-HHH_gldm_DependenceNonUniformity,5,100.0
L1 Logistic Regression,wavelet-HHH_gldm_DependenceNonUniformity,4,80.0
Anova,wavelet-HHH_gldm_DependenceNonUniformity,3,60.0
Vanilla RF,wavelet-HHH_gldm_DependenceNonUniformityNormalized,5,100.0
Anova,wavelet-HHH_gldm_DependenceNonUniformityNormalized,4,80.0
L1 Logistic Regression,wavelet-HHH_gldm_DependenceNonUniformityNormalized,4,80.0
Variance,wavelet-HHH_gldm_DependenceNonUniformityNormalized,3,60.0
Mutual Information,wavelet-HHH_gldm_DependenceNonUniformityNormalized,2,40.0
RFE (SVM),wavelet-HHH_gldm_DependenceNonUniformityNormalized,1,20.0
Vanilla RF,wavelet-HHH_gldm_DependenceVariance,5,100.0
Variance,wavelet-HHH_gldm_DependenceVariance,5,100.0
L1 Logistic Regression,wavelet-HHH_gldm_DependenceVariance,4,80.0
Anova,wavelet-HHH_gldm_DependenceVariance,3,60.0
Mutual Information,wavelet-HHH_gldm_DependenceVariance,2,40.0
RFE (SVM),wavelet-HHH_gldm_DependenceVariance,2,40.0
Vanilla RF,wavelet-HHH_gldm_GrayLevelNonUniformity,5,100.0
Variance,wavelet-HHH_gldm_GrayLevelNonUniformity,5,100.0
Mutual Information,wavelet-HHH_gldm_GrayLevelNonUniformity,5,100.0
Anova,wavelet-HHH_gldm_GrayLevelNonUniformity,4,80.0
L1 Logistic Regression,wavelet-HHH_gldm_GrayLevelNonUniformity,4,80.0
Vanilla RF,wavelet-HHH_gldm_GrayLevelVariance,5,100.0
L1 Logistic Regression,wavelet-HHH_gldm_GrayLevelVariance,4,80.0
Mutual Information,wavelet-HHH_gldm_GrayLevelVariance,2,40.0
Anova,wavelet-HHH_gldm_GrayLevelVariance,1,20.0
RFE (SVM),wavelet-HHH_gldm_GrayLevelVariance,1,20.0
Vanilla RF,wavelet-HHH_gldm_HighGrayLevelEmphasis,5,100.0
L1 Logistic Regression,wavelet-HHH_gldm_HighGrayLevelEmphasis,5,100.0
Variance,wavelet-HHH_gldm_HighGrayLevelEmphasis,3,60.0
Mutual Information,wavelet-HHH_gldm_HighGrayLevelEmphasis,2,40.0
Anova,wavelet-HHH_gldm_HighGrayLevelEmphasis,1,20.0
RFE (SVM),wavelet-HHH_gldm_HighGrayLevelEmphasis,1,20.0
GFSIR,wavelet-HHH_gldm_HighGrayLevelEmphasis,1,20.0
Vanilla RF,wavelet-HHH_gldm_LargeDependenceEmphasis,5,100.0
Variance,wavelet-HHH_gldm_LargeDependenceEmphasis,5,100.0
Anova,wavelet-HHH_gldm_LargeDependenceEmphasis,4,80.0
Mutual Information,wavelet-HHH_gldm_LargeDependenceEmphasis,3,60.0
L1 Logistic Regression,wavelet-HHH_gldm_LargeDependenceEmphasis,3,60.0
Vanilla RF,wavelet-HHH_gldm_LargeDependenceHighGrayLevelEmphasis,5,100.0
Variance,wavelet-HHH_gldm_LargeDependenceHighGrayLevelEmphasis,5,100.0
Anova,wavelet-HHH_gldm_LargeDependenceHighGrayLevelEmphasis,4,80.0
Mutual Information,wavelet-HHH_gldm_LargeDependenceHighGrayLevelEmphasis,3,60.0
L1 Logistic Regression,wavelet-HHH_gldm_LargeDependenceHighGrayLevelEmphasis,3,60.0
Vanilla RF,wavelet-HHH_gldm_LargeDependenceLowGrayLevelEmphasis,5,100.0
Variance,wavelet-HHH_gldm_LargeDependenceLowGrayLevelEmphasis,5,100.0
Anova,wavelet-HHH_gldm_LargeDependenceLowGrayLevelEmphasis,4,80.0
L1 Logistic Regression,wavelet-HHH_gldm_LargeDependenceLowGrayLevelEmphasis,4,80.0
Mutual Information,wavelet-HHH_gldm_LargeDependenceLowGrayLevelEmphasis,2,40.0
Vanilla RF,wavelet-HHH_gldm_LowGrayLevelEmphasis,5,100.0
L1 Logistic Regression,wavelet-HHH_gldm_LowGrayLevelEmphasis,5,100.0
Mutual Information,wavelet-HHH_gldm_LowGrayLevelEmphasis,2,40.0
Variance,wavelet-HHH_gldm_LowGrayLevelEmphasis,1,20.0
Anova,wavelet-HHH_gldm_LowGrayLevelEmphasis,1,20.0
RFE (SVM),wavelet-HHH_gldm_LowGrayLevelEmphasis,1,20.0
Vanilla RF,wavelet-HHH_gldm_SmallDependenceEmphasis,5,100.0
L1 Logistic Regression,wavelet-HHH_gldm_SmallDependenceEmphasis,4,80.0
Anova,wavelet-HHH_gldm_SmallDependenceEmphasis,3,60.0
Mutual Information,wavelet-HHH_gldm_SmallDependenceEmphasis,2,40.0
Variance,wavelet-HHH_gldm_SmallDependenceEmphasis,1,20.0
Vanilla RF,wavelet-HHH_gldm_SmallDependenceHighGrayLevelEmphasis,5,100.0
Variance,wavelet-HHH_gldm_SmallDependenceHighGrayLevelEmphasis,3,60.0
Anova,wavelet-HHH_gldm_SmallDependenceHighGrayLevelEmphasis,3,60.0
Mutual Information,wavelet-HHH_gldm_SmallDependenceHighGrayLevelEmphasis,3,60.0
L1 Logistic Regression,wavelet-HHH_gldm_SmallDependenceHighGrayLevelEmphasis,3,60.0
Vanilla RF,wavelet-HHH_gldm_SmallDependenceLowGrayLevelEmphasis,5,100.0
L1 Logistic Regression,wavelet-HHH_gldm_SmallDependenceLowGrayLevelEmphasis,4,80.0
Anova,wavelet-HHH_gldm_SmallDependenceLowGrayLevelEmphasis,3,60.0
Mutual Information,wavelet-HHH_gldm_SmallDependenceLowGrayLevelEmphasis,2,40.0
Variance,wavelet-HHH_gldm_SmallDependenceLowGrayLevelEmphasis,1,20.0
Vanilla RF,wavelet-HHH_glrlm_GrayLevelNonUniformity,5,100.0
Variance,wavelet-HHH_glrlm_GrayLevelNonUniformity,5,100.0
Mutual Information,wavelet-HHH_glrlm_GrayLevelNonUniformity,5,100.0
Anova,wavelet-HHH_glrlm_GrayLevelNonUniformity,4,80.0
L1 Logistic Regression,wavelet-HHH_glrlm_GrayLevelNonUniformity,4,80.0
Vanilla RF,wavelet-HHH_glrlm_GrayLevelNonUniformityNormalized,5,100.0
Mutual Information,wavelet-HHH_glrlm_GrayLevelNonUniformityNormalized,4,80.0
L1 Logistic Regression,wavelet-HHH_glrlm_GrayLevelNonUniformityNormalized,3,60.0
Anova,wavelet-HHH_glrlm_GrayLevelNonUniformityNormalized,1,20.0
Vanilla RF,wavelet-HHH_glrlm_GrayLevelVariance,5,100.0
Mutual Information,wavelet-HHH_glrlm_GrayLevelVariance,4,80.0
L1 Logistic Regression,wavelet-HHH_glrlm_GrayLevelVariance,3,60.0
GFSIR,wavelet-HHH_glrlm_GrayLevelVariance,2,40.0
Anova,wavelet-HHH_glrlm_GrayLevelVariance,1,20.0
Vanilla RF,wavelet-HHH_glrlm_HighGrayLevelRunEmphasis,5,100.0
L1 Logistic Regression,wavelet-HHH_glrlm_HighGrayLevelRunEmphasis,4,80.0
RFE (SVM),wavelet-HHH_glrlm_HighGrayLevelRunEmphasis,4,80.0
Variance,wavelet-HHH_glrlm_HighGrayLevelRunEmphasis,3,60.0
Mutual Information,wavelet-HHH_glrlm_HighGrayLevelRunEmphasis,2,40.0
Anova,wavelet-HHH_glrlm_HighGrayLevelRunEmphasis,1,20.0
Boruta,wavelet-HHH_glrlm_HighGrayLevelRunEmphasis,1,20.0
GFSIR,wavelet-HHH_glrlm_HighGrayLevelRunEmphasis,1,20.0
Vanilla RF,wavelet-HHH_glrlm_LongRunEmphasis,5,100.0
Variance,wavelet-HHH_glrlm_LongRunEmphasis,5,100.0
Anova,wavelet-HHH_glrlm_LongRunEmphasis,5,100.0
Mutual Information,wavelet-HHH_glrlm_LongRunEmphasis,3,60.0
L1 Logistic Regression,wavelet-HHH_glrlm_LongRunEmphasis,3,60.0
DyGraFS,wavelet-HHH_glrlm_LongRunEmphasis,1,20.0
RFE (SVM),wavelet-HHH_glrlm_LongRunEmphasis,1,20.0
Vanilla RF,wavelet-HHH_glrlm_LongRunHighGrayLevelEmphasis,5,100.0
Variance,wavelet-HHH_glrlm_LongRunHighGrayLevelEmphasis,5,100.0
Anova,wavelet-HHH_glrlm_LongRunHighGrayLevelEmphasis,5,100.0
Mutual Information,wavelet-HHH_glrlm_LongRunHighGrayLevelEmphasis,4,80.0
L1 Logistic Regression,wavelet-HHH_glrlm_LongRunHighGrayLevelEmphasis,2,40.0
DyGraFS,wavelet-HHH_glrlm_LongRunHighGrayLevelEmphasis,1,20.0
RFE (SVM),wavelet-HHH_glrlm_LongRunHighGrayLevelEmphasis,1,20.0
Vanilla RF,wavelet-HHH_glrlm_LongRunLowGrayLevelEmphasis,5,100.0
Variance,wavelet-HHH_glrlm_LongRunLowGrayLevelEmphasis,5,100.0
Anova,wavelet-HHH_glrlm_LongRunLowGrayLevelEmphasis,5,100.0
Mutual Information,wavelet-HHH_glrlm_LongRunLowGrayLevelEmphasis,3,60.0
L1 Logistic Regression,wavelet-HHH_glrlm_LongRunLowGrayLevelEmphasis,3,60.0
Vanilla RF,wavelet-HHH_glrlm_LowGrayLevelRunEmphasis,5,100.0
L1 Logistic Regression,wavelet-HHH_glrlm_LowGrayLevelRunEmphasis,4,80.0
RFE (SVM),wavelet-HHH_glrlm_LowGrayLevelRunEmphasis,3,60.0
Mutual Information,wavelet-HHH_glrlm_LowGrayLevelRunEmphasis,2,40.0
Variance,wavelet-HHH_glrlm_LowGrayLevelRunEmphasis,1,20.0
Anova,wavelet-HHH_glrlm_LowGrayLevelRunEmphasis,1,20.0
Boruta,wavelet-HHH_glrlm_LowGrayLevelRunEmphasis,1,20.0
Vanilla RF,wavelet-HHH_glrlm_RunEntropy,5,100.0
Variance,wavelet-HHH_glrlm_RunEntropy,5,100.0
Anova,wavelet-HHH_glrlm_RunEntropy,4,80.0
L1 Logistic Regression,wavelet-HHH_glrlm_RunEntropy,4,80.0
Mutual Information,wavelet-HHH_glrlm_RunEntropy,2,40.0
Vanilla RF,wavelet-HHH_glrlm_RunLengthNonUniformity,5,100.0
Variance,wavelet-HHH_glrlm_RunLengthNonUniformity,5,100.0
Mutual Information,wavelet-HHH_glrlm_RunLengthNonUniformity,5,100.0
Anova,wavelet-HHH_glrlm_RunLengthNonUniformity,4,80.0
L1 Logistic Regression,wavelet-HHH_glrlm_RunLengthNonUniformity,4,80.0
Vanilla RF,wavelet-HHH_glrlm_RunLengthNonUniformityNormalized,5,100.0
Variance,wavelet-HHH_glrlm_RunLengthNonUniformityNormalized,4,80.0
Anova,wavelet-HHH_glrlm_RunLengthNonUniformityNormalized,4,80.0
L1 Logistic Regression,wavelet-HHH_glrlm_RunLengthNonUniformityNormalized,4,80.0
Mutual Information,wavelet-HHH_glrlm_RunLengthNonUniformityNormalized,2,40.0
Vanilla RF,wavelet-HHH_glrlm_RunPercentage,5,100.0
Variance,wavelet-HHH_glrlm_RunPercentage,4,80.0
Anova,wavelet-HHH_glrlm_RunPercentage,4,80.0
L1 Logistic Regression,wavelet-HHH_glrlm_RunPercentage,4,80.0
Mutual Information,wavelet-HHH_glrlm_RunPercentage,3,60.0
Vanilla RF,wavelet-HHH_glrlm_RunVariance,5,100.0
Variance,wavelet-HHH_glrlm_RunVariance,5,100.0
Anova,wavelet-HHH_glrlm_RunVariance,5,100.0
Mutual Information,wavelet-HHH_glrlm_RunVariance,5,100.0
L1 Logistic Regression,wavelet-HHH_glrlm_RunVariance,3,60.0
RFE (SVM),wavelet-HHH_glrlm_RunVariance,1,20.0
Vanilla RF,wavelet-HHH_glrlm_ShortRunEmphasis,5,100.0
Anova,wavelet-HHH_glrlm_ShortRunEmphasis,4,80.0
Variance,wavelet-HHH_glrlm_ShortRunEmphasis,3,60.0
L1 Logistic Regression,wavelet-HHH_glrlm_ShortRunEmphasis,3,60.0
Mutual Information,wavelet-HHH_glrlm_ShortRunEmphasis,2,40.0
Vanilla RF,wavelet-HHH_glrlm_ShortRunHighGrayLevelEmphasis,5,100.0
Variance,wavelet-HHH_glrlm_ShortRunHighGrayLevelEmphasis,4,80.0
L1 Logistic Regression,wavelet-HHH_glrlm_ShortRunHighGrayLevelEmphasis,4,80.0
Anova,wavelet-HHH_glrlm_ShortRunHighGrayLevelEmphasis,3,60.0
Mutual Information,wavelet-HHH_glrlm_ShortRunHighGrayLevelEmphasis,2,40.0
Vanilla RF,wavelet-HHH_glrlm_ShortRunLowGrayLevelEmphasis,5,100.0
Anova,wavelet-HHH_glrlm_ShortRunLowGrayLevelEmphasis,4,80.0
Variance,wavelet-HHH_glrlm_ShortRunLowGrayLevelEmphasis,3,60.0
Mutual Information,wavelet-HHH_glrlm_ShortRunLowGrayLevelEmphasis,2,40.0
L1 Logistic Regression,wavelet-HHH_glrlm_ShortRunLowGrayLevelEmphasis,2,40.0
Vanilla RF,wavelet-HHH_glszm_GrayLevelNonUniformity,5,100.0
Variance,wavelet-HHH_glszm_GrayLevelNonUniformity,5,100.0
Anova,wavelet-HHH_glszm_GrayLevelNonUniformity,4,80.0
L1 Logistic Regression,wavelet-HHH_glszm_GrayLevelNonUniformity,4,80.0
Mutual Information,wavelet-HHH_glszm_GrayLevelNonUniformity,3,60.0
RFE (SVM),wavelet-HHH_glszm_GrayLevelNonUniformity,3,60.0
DyGraFS,wavelet-HHH_glszm_GrayLevelNonUniformity,2,40.0
Vanilla RF,wavelet-HHH_glszm_GrayLevelNonUniformityNormalized,5,100.0
Variance,wavelet-HHH_glszm_GrayLevelNonUniformityNormalized,4,80.0
L1 Logistic Regression,wavelet-HHH_glszm_GrayLevelNonUniformityNormalized,4,80.0
DyGraFS,wavelet-HHH_glszm_GrayLevelNonUniformityNormalized,3,60.0
RFE (SVM),wavelet-HHH_glszm_GrayLevelNonUniformityNormalized,3,60.0
Mutual Information,wavelet-HHH_glszm_GrayLevelNonUniformityNormalized,2,40.0
Anova,wavelet-HHH_glszm_GrayLevelNonUniformityNormalized,1,20.0
Vanilla RF,wavelet-HHH_glszm_GrayLevelVariance,5,100.0
L1 Logistic Regression,wavelet-HHH_glszm_GrayLevelVariance,4,80.0
Variance,wavelet-HHH_glszm_GrayLevelVariance,3,60.0
Mutual Information,wavelet-HHH_glszm_GrayLevelVariance,2,40.0
RFE (SVM),wavelet-HHH_glszm_GrayLevelVariance,2,40.0
Anova,wavelet-HHH_glszm_GrayLevelVariance,1,20.0
GFSIR,wavelet-HHH_glszm_GrayLevelVariance,1,20.0
Vanilla RF,wavelet-HHH_glszm_HighGrayLevelZoneEmphasis,5,100.0
Variance,wavelet-HHH_glszm_HighGrayLevelZoneEmphasis,5,100.0
L1 Logistic Regression,wavelet-HHH_glszm_HighGrayLevelZoneEmphasis,4,80.0
DyGraFS,wavelet-HHH_glszm_HighGrayLevelZoneEmphasis,3,60.0
RFE (SVM),wavelet-HHH_glszm_HighGrayLevelZoneEmphasis,2,40.0
GFSIR,wavelet-HHH_glszm_HighGrayLevelZoneEmphasis,2,40.0
Anova,wavelet-HHH_glszm_HighGrayLevelZoneEmphasis,1,20.0
Vanilla RF,wavelet-HHH_glszm_LargeAreaEmphasis,5,100.0
Variance,wavelet-HHH_glszm_LargeAreaEmphasis,5,100.0
Mutual Information,wavelet-HHH_glszm_LargeAreaEmphasis,5,100.0
L1 Logistic Regression,wavelet-HHH_glszm_LargeAreaEmphasis,5,100.0
Anova,wavelet-HHH_glszm_LargeAreaEmphasis,3,60.0
Vanilla RF,wavelet-HHH_glszm_LargeAreaHighGrayLevelEmphasis,5,100.0
Variance,wavelet-HHH_glszm_LargeAreaHighGrayLevelEmphasis,5,100.0
Mutual Information,wavelet-HHH_glszm_LargeAreaHighGrayLevelEmphasis,5,100.0
L1 Logistic Regression,wavelet-HHH_glszm_LargeAreaHighGrayLevelEmphasis,5,100.0
Anova,wavelet-HHH_glszm_LargeAreaHighGrayLevelEmphasis,3,60.0
Vanilla RF,wavelet-HHH_glszm_LargeAreaLowGrayLevelEmphasis,5,100.0
Variance,wavelet-HHH_glszm_LargeAreaLowGrayLevelEmphasis,5,100.0
Mutual Information,wavelet-HHH_glszm_LargeAreaLowGrayLevelEmphasis,5,100.0
L1 Logistic Regression,wavelet-HHH_glszm_LargeAreaLowGrayLevelEmphasis,5,100.0
Anova,wavelet-HHH_glszm_LargeAreaLowGrayLevelEmphasis,3,60.0
RFE (SVM),wavelet-HHH_glszm_LargeAreaLowGrayLevelEmphasis,1,20.0
Vanilla RF,wavelet-HHH_glszm_LowGrayLevelZoneEmphasis,5,100.0
Variance,wavelet-HHH_glszm_LowGrayLevelZoneEmphasis,5,100.0
L1 Logistic Regression,wavelet-HHH_glszm_LowGrayLevelZoneEmphasis,4,80.0
RFE (SVM),wavelet-HHH_glszm_LowGrayLevelZoneEmphasis,2,40.0
DyGraFS,wavelet-HHH_glszm_LowGrayLevelZoneEmphasis,1,20.0
Anova,wavelet-HHH_glszm_LowGrayLevelZoneEmphasis,1,20.0
Mutual Information,wavelet-HHH_glszm_LowGrayLevelZoneEmphasis,1,20.0
Vanilla RF,wavelet-HHH_glszm_SizeZoneNonUniformity,5,100.0
Variance,wavelet-HHH_glszm_SizeZoneNonUniformity,5,100.0
L1 Logistic Regression,wavelet-HHH_glszm_SizeZoneNonUniformity,5,100.0
Anova,wavelet-HHH_glszm_SizeZoneNonUniformity,4,80.0
RFE (SVM),wavelet-HHH_glszm_SizeZoneNonUniformity,4,80.0
Mutual Information,wavelet-HHH_glszm_SizeZoneNonUniformity,3,60.0
DyGraFS,wavelet-HHH_glszm_SizeZoneNonUniformity,2,40.0
Vanilla RF,wavelet-HHH_glszm_SizeZoneNonUniformityNormalized,5,100.0
Variance,wavelet-HHH_glszm_SizeZoneNonUniformityNormalized,5,100.0
L1 Logistic Regression,wavelet-HHH_glszm_SizeZoneNonUniformityNormalized,5,100.0
RFE (SVM),wavelet-HHH_glszm_SizeZoneNonUniformityNormalized,3,60.0
DyGraFS,wavelet-HHH_glszm_SizeZoneNonUniformityNormalized,2,40.0
Mutual Information,wavelet-HHH_glszm_SizeZoneNonUniformityNormalized,2,40.0
Anova,wavelet-HHH_glszm_SizeZoneNonUniformityNormalized,1,20.0
Vanilla RF,wavelet-HHH_glszm_SmallAreaEmphasis,5,100.0
Variance,wavelet-HHH_glszm_SmallAreaEmphasis,5,100.0
L1 Logistic Regression,wavelet-HHH_glszm_SmallAreaEmphasis,5,100.0
Anova,wavelet-HHH_glszm_SmallAreaEmphasis,4,80.0
Mutual Information,wavelet-HHH_glszm_SmallAreaEmphasis,4,80.0
DyGraFS,wavelet-HHH_glszm_SmallAreaEmphasis,2,40.0
RFE (SVM),wavelet-HHH_glszm_SmallAreaEmphasis,2,40.0
Boruta,wavelet-HHH_glszm_SmallAreaEmphasis,2,40.0
GFSIR,wavelet-HHH_glszm_SmallAreaEmphasis,1,20.0
Vanilla RF,wavelet-HHH_glszm_SmallAreaHighGrayLevelEmphasis,5,100.0
Variance,wavelet-HHH_glszm_SmallAreaHighGrayLevelEmphasis,5,100.0
L1 Logistic Regression,wavelet-HHH_glszm_SmallAreaHighGrayLevelEmphasis,4,80.0
Anova,wavelet-HHH_glszm_SmallAreaHighGrayLevelEmphasis,3,60.0
RFE (SVM),wavelet-HHH_glszm_SmallAreaHighGrayLevelEmphasis,3,60.0
DyGraFS,wavelet-HHH_glszm_SmallAreaHighGrayLevelEmphasis,2,40.0
Mutual Information,wavelet-HHH_glszm_SmallAreaHighGrayLevelEmphasis,2,40.0
Vanilla RF,wavelet-HHH_glszm_SmallAreaLowGrayLevelEmphasis,5,100.0
Variance,wavelet-HHH_glszm_SmallAreaLowGrayLevelEmphasis,5,100.0
L1 Logistic Regression,wavelet-HHH_glszm_SmallAreaLowGrayLevelEmphasis,5,100.0
RFE (SVM),wavelet-HHH_glszm_SmallAreaLowGrayLevelEmphasis,5,100.0
Anova,wavelet-HHH_glszm_SmallAreaLowGrayLevelEmphasis,4,80.0
DyGraFS,wavelet-HHH_glszm_SmallAreaLowGrayLevelEmphasis,3,60.0
Mutual Information,wavelet-HHH_glszm_SmallAreaLowGrayLevelEmphasis,2,40.0
Vanilla RF,wavelet-HHH_glszm_ZoneEntropy,5,100.0
Variance,wavelet-HHH_glszm_ZoneEntropy,5,100.0
L1 Logistic Regression,wavelet-HHH_glszm_ZoneEntropy,5,100.0
RFE (SVM),wavelet-HHH_glszm_ZoneEntropy,4,80.0
DyGraFS,wavelet-HHH_glszm_ZoneEntropy,3,60.0
Anova,wavelet-HHH_glszm_ZoneEntropy,3,60.0
Mutual Information,wavelet-HHH_glszm_ZoneEntropy,2,40.0
Vanilla RF,wavelet-HHH_glszm_ZonePercentage,5,100.0
L1 Logistic Regression,wavelet-HHH_glszm_ZonePercentage,4,80.0
Anova,wavelet-HHH_glszm_ZonePercentage,3,60.0
Mutual Information,wavelet-HHH_glszm_ZonePercentage,2,40.0
RFE (SVM),wavelet-HHH_glszm_ZonePercentage,2,40.0
Vanilla RF,wavelet-HHH_glszm_ZoneVariance,5,100.0
Variance,wavelet-HHH_glszm_ZoneVariance,5,100.0
Mutual Information,wavelet-HHH_glszm_ZoneVariance,5,100.0
L1 Logistic Regression,wavelet-HHH_glszm_ZoneVariance,4,80.0
Boruta,wavelet-HHH_glszm_ZoneVariance,4,80.0
Anova,wavelet-HHH_glszm_ZoneVariance,3,60.0
Vanilla RF,wavelet-HHH_ngtdm_Busyness,5,100.0
Variance,wavelet-HHH_ngtdm_Busyness,5,100.0
Mutual Information,wavelet-HHH_ngtdm_Busyness,5,100.0
Anova,wavelet-HHH_ngtdm_Busyness,4,80.0
L1 Logistic Regression,wavelet-HHH_ngtdm_Busyness,4,80.0
Vanilla RF,wavelet-HHH_ngtdm_Coarseness,5,100.0
Mutual Information,wavelet-HHH_ngtdm_Coarseness,5,100.0
L1 Logistic Regression,wavelet-HHH_ngtdm_Coarseness,4,80.0
Anova,wavelet-HHH_ngtdm_Coarseness,3,60.0
Vanilla RF,wavelet-HHH_ngtdm_Complexity,5,100.0
L1 Logistic Regression,wavelet-HHH_ngtdm_Complexity,4,80.0
Anova,wavelet-HHH_ngtdm_Complexity,3,60.0
Mutual Information,wavelet-HHH_ngtdm_Complexity,2,40.0
RFE (SVM),wavelet-HHH_ngtdm_Complexity,2,40.0
Variance,wavelet-HHH_ngtdm_Complexity,1,20.0
GFSIR,wavelet-HHH_ngtdm_Complexity,1,20.0
Vanilla RF,wavelet-HHH_ngtdm_Contrast,5,100.0
L1 Logistic Regression,wavelet-HHH_ngtdm_Contrast,4,80.0
Anova,wavelet-HHH_ngtdm_Contrast,3,60.0
Mutual Information,wavelet-HHH_ngtdm_Contrast,2,40.0
RFE (SVM),wavelet-HHH_ngtdm_Contrast,2,40.0
Vanilla RF,wavelet-HHH_ngtdm_Strength,5,100.0
Mutual Information,wavelet-HHH_ngtdm_Strength,5,100.0
L1 Logistic Regression,wavelet-HHH_ngtdm_Strength,4,80.0
Anova,wavelet-HHH_ngtdm_Strength,3,60.0
Vanilla RF,wavelet-HHL_firstorder_10Percentile,5,100.0
Variance,wavelet-HHL_firstorder_10Percentile,4,80.0
L1 Logistic Regression,wavelet-HHL_firstorder_10Percentile,4,80.0
Anova,wavelet-HHL_firstorder_10Percentile,3,60.0
Mutual Information,wavelet-HHL_firstorder_10Percentile,2,40.0
DyGraFS,wavelet-HHL_firstorder_10Percentile,1,20.0
Boruta,wavelet-HHL_firstorder_10Percentile,1,20.0
Vanilla RF,wavelet-HHL_firstorder_90Percentile,5,100.0
Variance,wavelet-HHL_firstorder_90Percentile,4,80.0
Anova,wavelet-HHL_firstorder_90Percentile,4,80.0
L1 Logistic Regression,wavelet-HHL_firstorder_90Percentile,4,80.0
Mutual Information,wavelet-HHL_firstorder_90Percentile,2,40.0
RFE (SVM),wavelet-HHL_firstorder_90Percentile,2,40.0
Boruta,wavelet-HHL_firstorder_90Percentile,2,40.0
DyGraFS,wavelet-HHL_firstorder_90Percentile,1,20.0
Vanilla RF,wavelet-HHL_firstorder_Energy,5,100.0
Variance,wavelet-HHL_firstorder_Energy,5,100.0
Mutual Information,wavelet-HHL_firstorder_Energy,5,100.0
L1 Logistic Regression,wavelet-HHL_firstorder_Energy,4,80.0
RFE (SVM),wavelet-HHL_firstorder_Energy,4,80.0
Anova,wavelet-HHL_firstorder_Energy,3,60.0
Boruta,wavelet-HHL_firstorder_Energy,3,60.0
DyGraFS,wavelet-HHL_firstorder_Energy,2,40.0
Vanilla RF,wavelet-HHL_firstorder_Entropy,5,100.0
L1 Logistic Regression,wavelet-HHL_firstorder_Entropy,4,80.0
Anova,wavelet-HHL_firstorder_Entropy,2,40.0
RFE (SVM),wavelet-HHL_firstorder_Entropy,1,20.0
Vanilla RF,wavelet-HHL_firstorder_InterquartileRange,5,100.0
Variance,wavelet-HHL_firstorder_InterquartileRange,4,80.0
Anova,wavelet-HHL_firstorder_InterquartileRange,4,80.0
L1 Logistic Regression,wavelet-HHL_firstorder_InterquartileRange,3,60.0
Mutual Information,wavelet-HHL_firstorder_InterquartileRange,2,40.0
DyGraFS,wavelet-HHL_firstorder_InterquartileRange,1,20.0
RFE (SVM),wavelet-HHL_firstorder_InterquartileRange,1,20.0
Vanilla RF,wavelet-HHL_firstorder_Kurtosis,5,100.0
Variance,wavelet-HHL_firstorder_Kurtosis,5,100.0
L1 Logistic Regression,wavelet-HHL_firstorder_Kurtosis,4,80.0
Mutual Information,wavelet-HHL_firstorder_Kurtosis,2,40.0
Anova,wavelet-HHL_firstorder_Kurtosis,1,20.0
Vanilla RF,wavelet-HHL_firstorder_Maximum,5,100.0
Variance,wavelet-HHL_firstorder_Maximum,5,100.0
L1 Logistic Regression,wavelet-HHL_firstorder_Maximum,4,80.0
RFE (SVM),wavelet-HHL_firstorder_Maximum,3,60.0
Mutual Information,wavelet-HHL_firstorder_Maximum,2,40.0
Anova,wavelet-HHL_firstorder_Maximum,1,20.0
Vanilla RF,wavelet-HHL_firstorder_Mean,5,100.0
L1 Logistic Regression,wavelet-HHL_firstorder_Mean,5,100.0
RFE (SVM),wavelet-HHL_firstorder_Mean,3,60.0
Anova,wavelet-HHL_firstorder_Mean,2,40.0
Mutual Information,wavelet-HHL_firstorder_Mean,2,40.0
Vanilla RF,wavelet-HHL_firstorder_MeanAbsoluteDeviation,5,100.0
L1 Logistic Regression,wavelet-HHL_firstorder_MeanAbsoluteDeviation,4,80.0
Variance,wavelet-HHL_firstorder_MeanAbsoluteDeviation,3,60.0
Anova,wavelet-HHL_firstorder_MeanAbsoluteDeviation,3,60.0
Mutual Information,wavelet-HHL_firstorder_MeanAbsoluteDeviation,2,40.0
RFE (SVM),wavelet-HHL_firstorder_MeanAbsoluteDeviation,1,20.0
Boruta,wavelet-HHL_firstorder_MeanAbsoluteDeviation,1,20.0
Vanilla RF,wavelet-HHL_firstorder_Median,5,100.0
L1 Logistic Regression,wavelet-HHL_firstorder_Median,4,80.0
Mutual Information,wavelet-HHL_firstorder_Median,2,40.0
Anova,wavelet-HHL_firstorder_Median,1,20.0
GFSIR,wavelet-HHL_firstorder_Median,1,20.0
Vanilla RF,wavelet-HHL_firstorder_Minimum,5,100.0
Variance,wavelet-HHL_firstorder_Minimum,5,100.0
L1 Logistic Regression,wavelet-HHL_firstorder_Minimum,4,80.0
Mutual Information,wavelet-HHL_firstorder_Minimum,2,40.0
Boruta,wavelet-HHL_firstorder_Minimum,2,40.0
DyGraFS,wavelet-HHL_firstorder_Minimum,1,20.0
Anova,wavelet-HHL_firstorder_Minimum,1,20.0
RFE (SVM),wavelet-HHL_firstorder_Minimum,1,20.0
Vanilla RF,wavelet-HHL_firstorder_Range,5,100.0
Variance,wavelet-HHL_firstorder_Range,5,100.0
L1 Logistic Regression,wavelet-HHL_firstorder_Range,4,80.0
DyGraFS,wavelet-HHL_firstorder_Range,2,40.0
Mutual Information,wavelet-HHL_firstorder_Range,2,40.0
Anova,wavelet-HHL_firstorder_Range,1,20.0
RFE (SVM),wavelet-HHL_firstorder_Range,1,20.0
Vanilla RF,wavelet-HHL_firstorder_RobustMeanAbsoluteDeviation,5,100.0
Anova,wavelet-HHL_firstorder_RobustMeanAbsoluteDeviation,4,80.0
Variance,wavelet-HHL_firstorder_RobustMeanAbsoluteDeviation,3,60.0
L1 Logistic Regression,wavelet-HHL_firstorder_RobustMeanAbsoluteDeviation,3,60.0
Mutual Information,wavelet-HHL_firstorder_RobustMeanAbsoluteDeviation,2,40.0
RFE (SVM),wavelet-HHL_firstorder_RobustMeanAbsoluteDeviation,1,20.0
Boruta,wavelet-HHL_firstorder_RobustMeanAbsoluteDeviation,1,20.0
Vanilla RF,wavelet-HHL_firstorder_RootMeanSquared,5,100.0
L1 Logistic Regression,wavelet-HHL_firstorder_RootMeanSquared,4,80.0
Variance,wavelet-HHL_firstorder_RootMeanSquared,3,60.0
Anova,wavelet-HHL_firstorder_RootMeanSquared,3,60.0
Mutual Information,wavelet-HHL_firstorder_RootMeanSquared,2,40.0
RFE (SVM),wavelet-HHL_firstorder_RootMeanSquared,1,20.0
Boruta,wavelet-HHL_firstorder_RootMeanSquared,1,20.0
Vanilla RF,wavelet-HHL_firstorder_Skewness,5,100.0
Variance,wavelet-HHL_firstorder_Skewness,5,100.0
L1 Logistic Regression,wavelet-HHL_firstorder_Skewness,4,80.0
DyGraFS,wavelet-HHL_firstorder_Skewness,3,60.0
RFE (SVM),wavelet-HHL_firstorder_Skewness,3,60.0
Anova,wavelet-HHL_firstorder_Skewness,1,20.0
Vanilla RF,wavelet-HHL_firstorder_TotalEnergy,5,100.0
Variance,wavelet-HHL_firstorder_TotalEnergy,5,100.0
Mutual Information,wavelet-HHL_firstorder_TotalEnergy,5,100.0
L1 Logistic Regression,wavelet-HHL_firstorder_TotalEnergy,4,80.0
Anova,wavelet-HHL_firstorder_TotalEnergy,3,60.0
DyGraFS,wavelet-HHL_firstorder_TotalEnergy,2,40.0
RFE (SVM),wavelet-HHL_firstorder_TotalEnergy,2,40.0
Boruta,wavelet-HHL_firstorder_TotalEnergy,2,40.0
Vanilla RF,wavelet-HHL_firstorder_Uniformity,5,100.0
L1 Logistic Regression,wavelet-HHL_firstorder_Uniformity,4,80.0
Anova,wavelet-HHL_firstorder_Uniformity,2,40.0
RFE (SVM),wavelet-HHL_firstorder_Uniformity,2,40.0
Vanilla RF,wavelet-HHL_firstorder_Variance,5,100.0
L1 Logistic Regression,wavelet-HHL_firstorder_Variance,4,80.0
Anova,wavelet-HHL_firstorder_Variance,3,60.0
Mutual Information,wavelet-HHL_firstorder_Variance,2,40.0
Variance,wavelet-HHL_firstorder_Variance,1,20.0
Vanilla RF,wavelet-HHL_glcm_Autocorrelation,5,100.0
L1 Logistic Regression,wavelet-HHL_glcm_Autocorrelation,5,100.0
Variance,wavelet-HHL_glcm_Autocorrelation,4,80.0
Mutual Information,wavelet-HHL_glcm_Autocorrelation,2,40.0
DyGraFS,wavelet-HHL_glcm_Autocorrelation,1,20.0
Anova,wavelet-HHL_glcm_Autocorrelation,1,20.0
RFE (SVM),wavelet-HHL_glcm_Autocorrelation,1,20.0
Vanilla RF,wavelet-HHL_glcm_ClusterProminence,5,100.0
L1 Logistic Regression,wavelet-HHL_glcm_ClusterProminence,4,80.0
Variance,wavelet-HHL_glcm_ClusterProminence,3,60.0
Mutual Information,wavelet-HHL_glcm_ClusterProminence,2,40.0
Anova,wavelet-HHL_glcm_ClusterProminence,1,20.0
Vanilla RF,wavelet-HHL_glcm_ClusterShade,5,100.0
L1 Logistic Regression,wavelet-HHL_glcm_ClusterShade,4,80.0
Variance,wavelet-HHL_glcm_ClusterShade,3,60.0
Mutual Information,wavelet-HHL_glcm_ClusterShade,2,40.0
Anova,wavelet-HHL_glcm_ClusterShade,1,20.0
RFE (SVM),wavelet-HHL_glcm_ClusterShade,1,20.0
Vanilla RF,wavelet-HHL_glcm_ClusterTendency,5,100.0
L1 Logistic Regression,wavelet-HHL_glcm_ClusterTendency,4,80.0
Variance,wavelet-HHL_glcm_ClusterTendency,3,60.0
Mutual Information,wavelet-HHL_glcm_ClusterTendency,2,40.0
Anova,wavelet-HHL_glcm_ClusterTendency,1,20.0
Boruta,wavelet-HHL_glcm_ClusterTendency,1,20.0
Vanilla RF,wavelet-HHL_glcm_Contrast,5,100.0
L1 Logistic Regression,wavelet-HHL_glcm_Contrast,4,80.0
Variance,wavelet-HHL_glcm_Contrast,3,60.0
Mutual Information,wavelet-HHL_glcm_Contrast,2,40.0
Anova,wavelet-HHL_glcm_Contrast,1,20.0
RFE (SVM),wavelet-HHL_glcm_Contrast,1,20.0
Boruta,wavelet-HHL_glcm_Contrast,1,20.0
Vanilla RF,wavelet-HHL_glcm_Correlation,5,100.0
L1 Logistic Regression,wavelet-HHL_glcm_Correlation,4,80.0
Variance,wavelet-HHL_glcm_Correlation,3,60.0
Mutual Information,wavelet-HHL_glcm_Correlation,2,40.0
Anova,wavelet-HHL_glcm_Correlation,1,20.0
Boruta,wavelet-HHL_glcm_Correlation,1,20.0
Vanilla RF,wavelet-HHL_glcm_DifferenceAverage,5,100.0
L1 Logistic Regression,wavelet-HHL_glcm_DifferenceAverage,4,80.0
Variance,wavelet-HHL_glcm_DifferenceAverage,3,60.0
Mutual Information,wavelet-HHL_glcm_DifferenceAverage,2,40.0
Anova,wavelet-HHL_glcm_DifferenceAverage,1,20.0
RFE (SVM),wavelet-HHL_glcm_DifferenceAverage,1,20.0
Vanilla RF,wavelet-HHL_glcm_DifferenceEntropy,5,100.0
L1 Logistic Regression,wavelet-HHL_glcm_DifferenceEntropy,4,80.0
Anova,wavelet-HHL_glcm_DifferenceEntropy,3,60.0
RFE (SVM),wavelet-HHL_glcm_DifferenceEntropy,2,40.0
Variance,wavelet-HHL_glcm_DifferenceEntropy,1,20.0
Mutual Information,wavelet-HHL_glcm_DifferenceEntropy,1,20.0
Vanilla RF,wavelet-HHL_glcm_DifferenceVariance,5,100.0
L1 Logistic Regression,wavelet-HHL_glcm_DifferenceVariance,4,80.0
Anova,wavelet-HHL_glcm_DifferenceVariance,3,60.0
RFE (SVM),wavelet-HHL_glcm_DifferenceVariance,2,40.0
GFSIR,wavelet-HHL_glcm_DifferenceVariance,1,20.0
Vanilla RF,wavelet-HHL_glcm_Id,5,100.0
L1 Logistic Regression,wavelet-HHL_glcm_Id,4,80.0
Mutual Information,wavelet-HHL_glcm_Id,2,40.0
Variance,wavelet-HHL_glcm_Id,1,20.0
Anova,wavelet-HHL_glcm_Id,1,20.0
RFE (SVM),wavelet-HHL_glcm_Id,1,20.0
Boruta,wavelet-HHL_glcm_Id,1,20.0
Vanilla RF,wavelet-HHL_glcm_Idm,5,100.0
L1 Logistic Regression,wavelet-HHL_glcm_Idm,4,80.0
Mutual Information,wavelet-HHL_glcm_Idm,2,40.0
Variance,wavelet-HHL_glcm_Idm,1,20.0
Anova,wavelet-HHL_glcm_Idm,1,20.0
RFE (SVM),wavelet-HHL_glcm_Idm,1,20.0
Vanilla RF,wavelet-HHL_glcm_Idmn,5,100.0
L1 Logistic Regression,wavelet-HHL_glcm_Idmn,4,80.0
Mutual Information,wavelet-HHL_glcm_Idmn,2,40.0
Anova,wavelet-HHL_glcm_Idmn,1,20.0
Boruta,wavelet-HHL_glcm_Idmn,1,20.0
Vanilla RF,wavelet-HHL_glcm_Idn,5,100.0
L1 Logistic Regression,wavelet-HHL_glcm_Idn,4,80.0
Mutual Information,wavelet-HHL_glcm_Idn,2,40.0
Variance,wavelet-HHL_glcm_Idn,1,20.0
Anova,wavelet-HHL_glcm_Idn,1,20.0
RFE (SVM),wavelet-HHL_glcm_Idn,1,20.0
Vanilla RF,wavelet-HHL_glcm_Imc1,5,100.0
L1 Logistic Regression,wavelet-HHL_glcm_Imc1,4,80.0
Anova,wavelet-HHL_glcm_Imc1,3,60.0
Variance,wavelet-HHL_glcm_Imc1,1,20.0
Mutual Information,wavelet-HHL_glcm_Imc1,1,20.0
RFE (SVM),wavelet-HHL_glcm_Imc1,1,20.0
Vanilla RF,wavelet-HHL_glcm_Imc2,5,100.0
L1 Logistic Regression,wavelet-HHL_glcm_Imc2,5,100.0
Variance,wavelet-HHL_glcm_Imc2,4,80.0
RFE (SVM),wavelet-HHL_glcm_Imc2,4,80.0
Anova,wavelet-HHL_glcm_Imc2,3,60.0
DyGraFS,wavelet-HHL_glcm_Imc2,2,40.0
Vanilla RF,wavelet-HHL_glcm_InverseVariance,5,100.0
L1 Logistic Regression,wavelet-HHL_glcm_InverseVariance,4,80.0
Variance,wavelet-HHL_glcm_InverseVariance,3,60.0
Mutual Information,wavelet-HHL_glcm_InverseVariance,2,40.0
Anova,wavelet-HHL_glcm_InverseVariance,1,20.0
RFE (SVM),wavelet-HHL_glcm_InverseVariance,1,20.0
GFSIR,wavelet-HHL_glcm_InverseVariance,1,20.0
Vanilla RF,wavelet-HHL_glcm_JointAverage,5,100.0
L1 Logistic Regression,wavelet-HHL_glcm_JointAverage,4,80.0
Variance,wavelet-HHL_glcm_JointAverage,3,60.0
Anova,wavelet-HHL_glcm_JointAverage,1,20.0
Mutual Information,wavelet-HHL_glcm_JointAverage,1,20.0
RFE (SVM),wavelet-HHL_glcm_JointAverage,1,20.0
Vanilla RF,wavelet-HHL_glcm_JointEnergy,5,100.0
L1 Logistic Regression,wavelet-HHL_glcm_JointEnergy,4,80.0
Anova,wavelet-HHL_glcm_JointEnergy,3,60.0
Mutual Information,wavelet-HHL_glcm_JointEnergy,2,40.0
RFE (SVM),wavelet-HHL_glcm_JointEnergy,1,20.0
Vanilla RF,wavelet-HHL_glcm_JointEntropy,5,100.0
L1 Logistic Regression,wavelet-HHL_glcm_JointEntropy,4,80.0
Variance,wavelet-HHL_glcm_JointEntropy,3,60.0
Anova,wavelet-HHL_glcm_JointEntropy,3,60.0
Mutual Information,wavelet-HHL_glcm_JointEntropy,2,40.0
RFE (SVM),wavelet-HHL_glcm_JointEntropy,1,20.0
Vanilla RF,wavelet-HHL_glcm_MCC,5,100.0
L1 Logistic Regression,wavelet-HHL_glcm_MCC,5,100.0
RFE (SVM),wavelet-HHL_glcm_MCC,5,100.0
Variance,wavelet-HHL_glcm_MCC,3,60.0
Anova,wavelet-HHL_glcm_MCC,3,60.0
Mutual Information,wavelet-HHL_glcm_MCC,2,40.0
DyGraFS,wavelet-HHL_glcm_MCC,1,20.0
Vanilla RF,wavelet-HHL_glcm_MaximumProbability,5,100.0
L1 Logistic Regression,wavelet-HHL_glcm_MaximumProbability,5,100.0
RFE (SVM),wavelet-HHL_glcm_MaximumProbability,4,80.0
Variance,wavelet-HHL_glcm_MaximumProbability,3,60.0
Anova,wavelet-HHL_glcm_MaximumProbability,3,60.0
Mutual Information,wavelet-HHL_glcm_MaximumProbability,2,40.0
Vanilla RF,wavelet-HHL_glcm_SumAverage,5,100.0
L1 Logistic Regression,wavelet-HHL_glcm_SumAverage,4,80.0
Variance,wavelet-HHL_glcm_SumAverage,3,60.0
Anova,wavelet-HHL_glcm_SumAverage,1,20.0
Mutual Information,wavelet-HHL_glcm_SumAverage,1,20.0
RFE (SVM),wavelet-HHL_glcm_SumAverage,1,20.0
Vanilla RF,wavelet-HHL_glcm_SumEntropy,5,100.0
L1 Logistic Regression,wavelet-HHL_glcm_SumEntropy,4,80.0
Variance,wavelet-HHL_glcm_SumEntropy,3,60.0
Mutual Information,wavelet-HHL_glcm_SumEntropy,2,40.0
RFE (SVM),wavelet-HHL_glcm_SumEntropy,2,40.0
Anova,wavelet-HHL_glcm_SumEntropy,1,20.0
GFSIR,wavelet-HHL_glcm_SumEntropy,1,20.0
Vanilla RF,wavelet-HHL_glcm_SumSquares,5,100.0
L1 Logistic Regression,wavelet-HHL_glcm_SumSquares,4,80.0
Anova,wavelet-HHL_glcm_SumSquares,2,40.0
RFE (SVM),wavelet-HHL_glcm_SumSquares,1,20.0
Vanilla RF,wavelet-HHL_gldm_DependenceEntropy,5,100.0
Variance,wavelet-HHL_gldm_DependenceEntropy,5,100.0
L1 Logistic Regression,wavelet-HHL_gldm_DependenceEntropy,4,80.0
Anova,wavelet-HHL_gldm_DependenceEntropy,3,60.0
Mutual Information,wavelet-HHL_gldm_DependenceEntropy,2,40.0
RFE (SVM),wavelet-HHL_gldm_DependenceEntropy,1,20.0
Vanilla RF,wavelet-HHL_gldm_DependenceNonUniformity,5,100.0
Variance,wavelet-HHL_gldm_DependenceNonUniformity,5,100.0
Mutual Information,wavelet-HHL_gldm_DependenceNonUniformity,5,100.0
L1 Logistic Regression,wavelet-HHL_gldm_DependenceNonUniformity,4,80.0
Anova,wavelet-HHL_gldm_DependenceNonUniformity,3,60.0
Vanilla RF,wavelet-HHL_gldm_DependenceNonUniformityNormalized,5,100.0
Anova,wavelet-HHL_gldm_DependenceNonUniformityNormalized,4,80.0
L1 Logistic Regression,wavelet-HHL_gldm_DependenceNonUniformityNormalized,4,80.0
Variance,wavelet-HHL_gldm_DependenceNonUniformityNormalized,3,60.0
Mutual Information,wavelet-HHL_gldm_DependenceNonUniformityNormalized,2,40.0
RFE (SVM),wavelet-HHL_gldm_DependenceNonUniformityNormalized,1,20.0
Vanilla RF,wavelet-HHL_gldm_DependenceVariance,5,100.0
Variance,wavelet-HHL_gldm_DependenceVariance,5,100.0
L1 Logistic Regression,wavelet-HHL_gldm_DependenceVariance,4,80.0
Anova,wavelet-HHL_gldm_DependenceVariance,3,60.0
Mutual Information,wavelet-HHL_gldm_DependenceVariance,2,40.0
DyGraFS,wavelet-HHL_gldm_DependenceVariance,1,20.0
RFE (SVM),wavelet-HHL_gldm_DependenceVariance,1,20.0
Vanilla RF,wavelet-HHL_gldm_GrayLevelNonUniformity,5,100.0
Variance,wavelet-HHL_gldm_GrayLevelNonUniformity,5,100.0
Mutual Information,wavelet-HHL_gldm_GrayLevelNonUniformity,5,100.0
Anova,wavelet-HHL_gldm_GrayLevelNonUniformity,4,80.0
L1 Logistic Regression,wavelet-HHL_gldm_GrayLevelNonUniformity,4,80.0
Vanilla RF,wavelet-HHL_gldm_GrayLevelVariance,5,100.0
L1 Logistic Regression,wavelet-HHL_gldm_GrayLevelVariance,4,80.0
Anova,wavelet-HHL_gldm_GrayLevelVariance,2,40.0
RFE (SVM),wavelet-HHL_gldm_GrayLevelVariance,2,40.0
Vanilla RF,wavelet-HHL_gldm_HighGrayLevelEmphasis,5,100.0
Variance,wavelet-HHL_gldm_HighGrayLevelEmphasis,3,60.0
L1 Logistic Regression,wavelet-HHL_gldm_HighGrayLevelEmphasis,3,60.0
GFSIR,wavelet-HHL_gldm_HighGrayLevelEmphasis,2,40.0
Anova,wavelet-HHL_gldm_HighGrayLevelEmphasis,1,20.0
RFE (SVM),wavelet-HHL_gldm_HighGrayLevelEmphasis,1,20.0
Vanilla RF,wavelet-HHL_gldm_LargeDependenceEmphasis,5,100.0
Variance,wavelet-HHL_gldm_LargeDependenceEmphasis,5,100.0
Anova,wavelet-HHL_gldm_LargeDependenceEmphasis,4,80.0
L1 Logistic Regression,wavelet-HHL_gldm_LargeDependenceEmphasis,3,60.0
Mutual Information,wavelet-HHL_gldm_LargeDependenceEmphasis,2,40.0
Vanilla RF,wavelet-HHL_gldm_LargeDependenceHighGrayLevelEmphasis,5,100.0
Variance,wavelet-HHL_gldm_LargeDependenceHighGrayLevelEmphasis,5,100.0
Anova,wavelet-HHL_gldm_LargeDependenceHighGrayLevelEmphasis,4,80.0
Mutual Information,wavelet-HHL_gldm_LargeDependenceHighGrayLevelEmphasis,4,80.0
L1 Logistic Regression,wavelet-HHL_gldm_LargeDependenceHighGrayLevelEmphasis,3,60.0
Vanilla RF,wavelet-HHL_gldm_LargeDependenceLowGrayLevelEmphasis,5,100.0
Variance,wavelet-HHL_gldm_LargeDependenceLowGrayLevelEmphasis,5,100.0
Anova,wavelet-HHL_gldm_LargeDependenceLowGrayLevelEmphasis,3,60.0
L1 Logistic Regression,wavelet-HHL_gldm_LargeDependenceLowGrayLevelEmphasis,3,60.0
Mutual Information,wavelet-HHL_gldm_LargeDependenceLowGrayLevelEmphasis,2,40.0
Vanilla RF,wavelet-HHL_gldm_LowGrayLevelEmphasis,5,100.0
L1 Logistic Regression,wavelet-HHL_gldm_LowGrayLevelEmphasis,3,60.0
Variance,wavelet-HHL_gldm_LowGrayLevelEmphasis,1,20.0
Anova,wavelet-HHL_gldm_LowGrayLevelEmphasis,1,20.0
RFE (SVM),wavelet-HHL_gldm_LowGrayLevelEmphasis,1,20.0
Vanilla RF,wavelet-HHL_gldm_SmallDependenceEmphasis,5,100.0
Anova,wavelet-HHL_gldm_SmallDependenceEmphasis,3,60.0
L1 Logistic Regression,wavelet-HHL_gldm_SmallDependenceEmphasis,3,60.0
Mutual Information,wavelet-HHL_gldm_SmallDependenceEmphasis,2,40.0
Variance,wavelet-HHL_gldm_SmallDependenceEmphasis,1,20.0
Vanilla RF,wavelet-HHL_gldm_SmallDependenceHighGrayLevelEmphasis,5,100.0
L1 Logistic Regression,wavelet-HHL_gldm_SmallDependenceHighGrayLevelEmphasis,4,80.0
Anova,wavelet-HHL_gldm_SmallDependenceHighGrayLevelEmphasis,3,60.0
Mutual Information,wavelet-HHL_gldm_SmallDependenceHighGrayLevelEmphasis,3,60.0
Variance,wavelet-HHL_gldm_SmallDependenceHighGrayLevelEmphasis,1,20.0
Vanilla RF,wavelet-HHL_gldm_SmallDependenceLowGrayLevelEmphasis,5,100.0
L1 Logistic Regression,wavelet-HHL_gldm_SmallDependenceLowGrayLevelEmphasis,4,80.0
Anova,wavelet-HHL_gldm_SmallDependenceLowGrayLevelEmphasis,3,60.0
Mutual Information,wavelet-HHL_gldm_SmallDependenceLowGrayLevelEmphasis,2,40.0
Vanilla RF,wavelet-HHL_glrlm_GrayLevelNonUniformity,5,100.0
Variance,wavelet-HHL_glrlm_GrayLevelNonUniformity,5,100.0
Mutual Information,wavelet-HHL_glrlm_GrayLevelNonUniformity,5,100.0
Anova,wavelet-HHL_glrlm_GrayLevelNonUniformity,4,80.0
L1 Logistic Regression,wavelet-HHL_glrlm_GrayLevelNonUniformity,4,80.0
Vanilla RF,wavelet-HHL_glrlm_GrayLevelNonUniformityNormalized,5,100.0
Mutual Information,wavelet-HHL_glrlm_GrayLevelNonUniformityNormalized,5,100.0
L1 Logistic Regression,wavelet-HHL_glrlm_GrayLevelNonUniformityNormalized,4,80.0
Boruta,wavelet-HHL_glrlm_GrayLevelNonUniformityNormalized,4,80.0
Anova,wavelet-HHL_glrlm_GrayLevelNonUniformityNormalized,3,60.0
RFE (SVM),wavelet-HHL_glrlm_GrayLevelNonUniformityNormalized,1,20.0
Vanilla RF,wavelet-HHL_glrlm_GrayLevelVariance,5,100.0
Mutual Information,wavelet-HHL_glrlm_GrayLevelVariance,5,100.0
L1 Logistic Regression,wavelet-HHL_glrlm_GrayLevelVariance,4,80.0
Anova,wavelet-HHL_glrlm_GrayLevelVariance,3,60.0
RFE (SVM),wavelet-HHL_glrlm_GrayLevelVariance,2,40.0
Boruta,wavelet-HHL_glrlm_GrayLevelVariance,1,20.0
Vanilla RF,wavelet-HHL_glrlm_HighGrayLevelRunEmphasis,5,100.0
L1 Logistic Regression,wavelet-HHL_glrlm_HighGrayLevelRunEmphasis,5,100.0
Variance,wavelet-HHL_glrlm_HighGrayLevelRunEmphasis,3,60.0
Mutual Information,wavelet-HHL_glrlm_HighGrayLevelRunEmphasis,2,40.0
RFE (SVM),wavelet-HHL_glrlm_HighGrayLevelRunEmphasis,2,40.0
Anova,wavelet-HHL_glrlm_HighGrayLevelRunEmphasis,1,20.0
Vanilla RF,wavelet-HHL_glrlm_LongRunEmphasis,5,100.0
Variance,wavelet-HHL_glrlm_LongRunEmphasis,5,100.0
L1 Logistic Regression,wavelet-HHL_glrlm_LongRunEmphasis,4,80.0
Anova,wavelet-HHL_glrlm_LongRunEmphasis,3,60.0
Mutual Information,wavelet-HHL_glrlm_LongRunEmphasis,2,40.0
RFE (SVM),wavelet-HHL_glrlm_LongRunEmphasis,1,20.0
Vanilla RF,wavelet-HHL_glrlm_LongRunHighGrayLevelEmphasis,5,100.0
Variance,wavelet-HHL_glrlm_LongRunHighGrayLevelEmphasis,5,100.0
L1 Logistic Regression,wavelet-HHL_glrlm_LongRunHighGrayLevelEmphasis,4,80.0
Anova,wavelet-HHL_glrlm_LongRunHighGrayLevelEmphasis,3,60.0
Mutual Information,wavelet-HHL_glrlm_LongRunHighGrayLevelEmphasis,2,40.0
Vanilla RF,wavelet-HHL_glrlm_LongRunLowGrayLevelEmphasis,5,100.0
Variance,wavelet-HHL_glrlm_LongRunLowGrayLevelEmphasis,5,100.0
L1 Logistic Regression,wavelet-HHL_glrlm_LongRunLowGrayLevelEmphasis,4,80.0
Anova,wavelet-HHL_glrlm_LongRunLowGrayLevelEmphasis,3,60.0
Mutual Information,wavelet-HHL_glrlm_LongRunLowGrayLevelEmphasis,2,40.0
RFE (SVM),wavelet-HHL_glrlm_LongRunLowGrayLevelEmphasis,1,20.0
Vanilla RF,wavelet-HHL_glrlm_LowGrayLevelRunEmphasis,5,100.0
L1 Logistic Regression,wavelet-HHL_glrlm_LowGrayLevelRunEmphasis,5,100.0
RFE (SVM),wavelet-HHL_glrlm_LowGrayLevelRunEmphasis,3,60.0
Mutual Information,wavelet-HHL_glrlm_LowGrayLevelRunEmphasis,2,40.0
Variance,wavelet-HHL_glrlm_LowGrayLevelRunEmphasis,1,20.0
Anova,wavelet-HHL_glrlm_LowGrayLevelRunEmphasis,1,20.0
Vanilla RF,wavelet-HHL_glrlm_RunEntropy,5,100.0
Variance,wavelet-HHL_glrlm_RunEntropy,5,100.0
Anova,wavelet-HHL_glrlm_RunEntropy,4,80.0
Mutual Information,wavelet-HHL_glrlm_RunEntropy,2,40.0
L1 Logistic Regression,wavelet-HHL_glrlm_RunEntropy,2,40.0
Vanilla RF,wavelet-HHL_glrlm_RunLengthNonUniformity,5,100.0
Variance,wavelet-HHL_glrlm_RunLengthNonUniformity,5,100.0
Mutual Information,wavelet-HHL_glrlm_RunLengthNonUniformity,5,100.0
Anova,wavelet-HHL_glrlm_RunLengthNonUniformity,4,80.0
L1 Logistic Regression,wavelet-HHL_glrlm_RunLengthNonUniformity,4,80.0
Boruta,wavelet-HHL_glrlm_RunLengthNonUniformity,1,20.0
Vanilla RF,wavelet-HHL_glrlm_RunLengthNonUniformityNormalized,5,100.0
Variance,wavelet-HHL_glrlm_RunLengthNonUniformityNormalized,4,80.0
L1 Logistic Regression,wavelet-HHL_glrlm_RunLengthNonUniformityNormalized,4,80.0
Anova,wavelet-HHL_glrlm_RunLengthNonUniformityNormalized,3,60.0
Mutual Information,wavelet-HHL_glrlm_RunLengthNonUniformityNormalized,2,40.0
Vanilla RF,wavelet-HHL_glrlm_RunPercentage,5,100.0
Variance,wavelet-HHL_glrlm_RunPercentage,4,80.0
Anova,wavelet-HHL_glrlm_RunPercentage,4,80.0
Mutual Information,wavelet-HHL_glrlm_RunPercentage,2,40.0
L1 Logistic Regression,wavelet-HHL_glrlm_RunPercentage,2,40.0
Vanilla RF,wavelet-HHL_glrlm_RunVariance,5,100.0
Variance,wavelet-HHL_glrlm_RunVariance,5,100.0
L1 Logistic Regression,wavelet-HHL_glrlm_RunVariance,4,80.0
Anova,wavelet-HHL_glrlm_RunVariance,3,60.0
Mutual Information,wavelet-HHL_glrlm_RunVariance,2,40.0
RFE (SVM),wavelet-HHL_glrlm_RunVariance,1,20.0
Vanilla RF,wavelet-HHL_glrlm_ShortRunEmphasis,5,100.0
Variance,wavelet-HHL_glrlm_ShortRunEmphasis,3,60.0
Anova,wavelet-HHL_glrlm_ShortRunEmphasis,3,60.0
Mutual Information,wavelet-HHL_glrlm_ShortRunEmphasis,2,40.0
L1 Logistic Regression,wavelet-HHL_glrlm_ShortRunEmphasis,2,40.0
Vanilla RF,wavelet-HHL_glrlm_ShortRunHighGrayLevelEmphasis,5,100.0
Variance,wavelet-HHL_glrlm_ShortRunHighGrayLevelEmphasis,4,80.0
Anova,wavelet-HHL_glrlm_ShortRunHighGrayLevelEmphasis,3,60.0
L1 Logistic Regression,wavelet-HHL_glrlm_ShortRunHighGrayLevelEmphasis,3,60.0
Mutual Information,wavelet-HHL_glrlm_ShortRunHighGrayLevelEmphasis,2,40.0
Vanilla RF,wavelet-HHL_glrlm_ShortRunLowGrayLevelEmphasis,5,100.0
Variance,wavelet-HHL_glrlm_ShortRunLowGrayLevelEmphasis,3,60.0
Anova,wavelet-HHL_glrlm_ShortRunLowGrayLevelEmphasis,3,60.0
L1 Logistic Regression,wavelet-HHL_glrlm_ShortRunLowGrayLevelEmphasis,3,60.0
Mutual Information,wavelet-HHL_glrlm_ShortRunLowGrayLevelEmphasis,2,40.0
Vanilla RF,wavelet-HHL_glszm_GrayLevelNonUniformity,5,100.0
Variance,wavelet-HHL_glszm_GrayLevelNonUniformity,5,100.0
Anova,wavelet-HHL_glszm_GrayLevelNonUniformity,4,80.0
Mutual Information,wavelet-HHL_glszm_GrayLevelNonUniformity,4,80.0
L1 Logistic Regression,wavelet-HHL_glszm_GrayLevelNonUniformity,4,80.0
RFE (SVM),wavelet-HHL_glszm_GrayLevelNonUniformity,2,40.0
Boruta,wavelet-HHL_glszm_GrayLevelNonUniformity,1,20.0
Vanilla RF,wavelet-HHL_glszm_GrayLevelNonUniformityNormalized,5,100.0
Variance,wavelet-HHL_glszm_GrayLevelNonUniformityNormalized,4,80.0
L1 Logistic Regression,wavelet-HHL_glszm_GrayLevelNonUniformityNormalized,4,80.0
DyGraFS,wavelet-HHL_glszm_GrayLevelNonUniformityNormalized,3,60.0
Mutual Information,wavelet-HHL_glszm_GrayLevelNonUniformityNormalized,2,40.0
RFE (SVM),wavelet-HHL_glszm_GrayLevelNonUniformityNormalized,2,40.0
Anova,wavelet-HHL_glszm_GrayLevelNonUniformityNormalized,1,20.0
Vanilla RF,wavelet-HHL_glszm_GrayLevelVariance,5,100.0
L1 Logistic Regression,wavelet-HHL_glszm_GrayLevelVariance,4,80.0
Variance,wavelet-HHL_glszm_GrayLevelVariance,3,60.0
Mutual Information,wavelet-HHL_glszm_GrayLevelVariance,2,40.0
RFE (SVM),wavelet-HHL_glszm_GrayLevelVariance,2,40.0
GFSIR,wavelet-HHL_glszm_GrayLevelVariance,2,40.0
Anova,wavelet-HHL_glszm_GrayLevelVariance,1,20.0
Vanilla RF,wavelet-HHL_glszm_HighGrayLevelZoneEmphasis,5,100.0
Variance,wavelet-HHL_glszm_HighGrayLevelZoneEmphasis,5,100.0
L1 Logistic Regression,wavelet-HHL_glszm_HighGrayLevelZoneEmphasis,5,100.0
DyGraFS,wavelet-HHL_glszm_HighGrayLevelZoneEmphasis,3,60.0
Mutual Information,wavelet-HHL_glszm_HighGrayLevelZoneEmphasis,2,40.0
RFE (SVM),wavelet-HHL_glszm_HighGrayLevelZoneEmphasis,2,40.0
Anova,wavelet-HHL_glszm_HighGrayLevelZoneEmphasis,1,20.0
Vanilla RF,wavelet-HHL_glszm_LargeAreaEmphasis,5,100.0
Variance,wavelet-HHL_glszm_LargeAreaEmphasis,5,100.0
Mutual Information,wavelet-HHL_glszm_LargeAreaEmphasis,5,100.0
L1 Logistic Regression,wavelet-HHL_glszm_LargeAreaEmphasis,4,80.0
Anova,wavelet-HHL_glszm_LargeAreaEmphasis,2,40.0
Vanilla RF,wavelet-HHL_glszm_LargeAreaHighGrayLevelEmphasis,5,100.0
Variance,wavelet-HHL_glszm_LargeAreaHighGrayLevelEmphasis,5,100.0
Mutual Information,wavelet-HHL_glszm_LargeAreaHighGrayLevelEmphasis,5,100.0
L1 Logistic Regression,wavelet-HHL_glszm_LargeAreaHighGrayLevelEmphasis,4,80.0
Anova,wavelet-HHL_glszm_LargeAreaHighGrayLevelEmphasis,2,40.0
RFE (SVM),wavelet-HHL_glszm_LargeAreaHighGrayLevelEmphasis,1,20.0
Vanilla RF,wavelet-HHL_glszm_LargeAreaLowGrayLevelEmphasis,5,100.0
Variance,wavelet-HHL_glszm_LargeAreaLowGrayLevelEmphasis,5,100.0
Mutual Information,wavelet-HHL_glszm_LargeAreaLowGrayLevelEmphasis,5,100.0
L1 Logistic Regression,wavelet-HHL_glszm_LargeAreaLowGrayLevelEmphasis,4,80.0
Anova,wavelet-HHL_glszm_LargeAreaLowGrayLevelEmphasis,2,40.0
Vanilla RF,wavelet-HHL_glszm_LowGrayLevelZoneEmphasis,5,100.0
Variance,wavelet-HHL_glszm_LowGrayLevelZoneEmphasis,5,100.0
L1 Logistic Regression,wavelet-HHL_glszm_LowGrayLevelZoneEmphasis,5,100.0
DyGraFS,wavelet-HHL_glszm_LowGrayLevelZoneEmphasis,2,40.0
Mutual Information,wavelet-HHL_glszm_LowGrayLevelZoneEmphasis,2,40.0
Anova,wavelet-HHL_glszm_LowGrayLevelZoneEmphasis,1,20.0
RFE (SVM),wavelet-HHL_glszm_LowGrayLevelZoneEmphasis,1,20.0
GFSIR,wavelet-HHL_glszm_LowGrayLevelZoneEmphasis,1,20.0
Vanilla RF,wavelet-HHL_glszm_SizeZoneNonUniformity,5,100.0
Variance,wavelet-HHL_glszm_SizeZoneNonUniformity,5,100.0
Anova,wavelet-HHL_glszm_SizeZoneNonUniformity,4,80.0
Mutual Information,wavelet-HHL_glszm_SizeZoneNonUniformity,4,80.0
L1 Logistic Regression,wavelet-HHL_glszm_SizeZoneNonUniformity,4,80.0
RFE (SVM),wavelet-HHL_glszm_SizeZoneNonUniformity,2,40.0
Vanilla RF,wavelet-HHL_glszm_SizeZoneNonUniformityNormalized,5,100.0
L1 Logistic Regression,wavelet-HHL_glszm_SizeZoneNonUniformityNormalized,5,100.0
Variance,wavelet-HHL_glszm_SizeZoneNonUniformityNormalized,4,80.0
DyGraFS,wavelet-HHL_glszm_SizeZoneNonUniformityNormalized,3,60.0
Mutual Information,wavelet-HHL_glszm_SizeZoneNonUniformityNormalized,2,40.0
RFE (SVM),wavelet-HHL_glszm_SizeZoneNonUniformityNormalized,2,40.0
Anova,wavelet-HHL_glszm_SizeZoneNonUniformityNormalized,1,20.0
Vanilla RF,wavelet-HHL_glszm_SmallAreaEmphasis,5,100.0
Variance,wavelet-HHL_glszm_SmallAreaEmphasis,5,100.0
L1 Logistic Regression,wavelet-HHL_glszm_SmallAreaEmphasis,5,100.0
Anova,wavelet-HHL_glszm_SmallAreaEmphasis,4,80.0
DyGraFS,wavelet-HHL_glszm_SmallAreaEmphasis,2,40.0
Mutual Information,wavelet-HHL_glszm_SmallAreaEmphasis,2,40.0
GFSIR,wavelet-HHL_glszm_SmallAreaEmphasis,1,20.0
Vanilla RF,wavelet-HHL_glszm_SmallAreaHighGrayLevelEmphasis,5,100.0
Variance,wavelet-HHL_glszm_SmallAreaHighGrayLevelEmphasis,5,100.0
L1 Logistic Regression,wavelet-HHL_glszm_SmallAreaHighGrayLevelEmphasis,4,80.0
DyGraFS,wavelet-HHL_glszm_SmallAreaHighGrayLevelEmphasis,3,60.0
Anova,wavelet-HHL_glszm_SmallAreaHighGrayLevelEmphasis,2,40.0
Mutual Information,wavelet-HHL_glszm_SmallAreaHighGrayLevelEmphasis,2,40.0
RFE (SVM),wavelet-HHL_glszm_SmallAreaHighGrayLevelEmphasis,2,40.0
Vanilla RF,wavelet-HHL_glszm_SmallAreaLowGrayLevelEmphasis,5,100.0
Variance,wavelet-HHL_glszm_SmallAreaLowGrayLevelEmphasis,5,100.0
L1 Logistic Regression,wavelet-HHL_glszm_SmallAreaLowGrayLevelEmphasis,4,80.0
Anova,wavelet-HHL_glszm_SmallAreaLowGrayLevelEmphasis,3,60.0
RFE (SVM),wavelet-HHL_glszm_SmallAreaLowGrayLevelEmphasis,3,60.0
DyGraFS,wavelet-HHL_glszm_SmallAreaLowGrayLevelEmphasis,2,40.0
Mutual Information,wavelet-HHL_glszm_SmallAreaLowGrayLevelEmphasis,2,40.0
Boruta,wavelet-HHL_glszm_SmallAreaLowGrayLevelEmphasis,1,20.0
Vanilla RF,wavelet-HHL_glszm_ZoneEntropy,5,100.0
Variance,wavelet-HHL_glszm_ZoneEntropy,5,100.0
Anova,wavelet-HHL_glszm_ZoneEntropy,4,80.0
L1 Logistic Regression,wavelet-HHL_glszm_ZoneEntropy,4,80.0
RFE (SVM),wavelet-HHL_glszm_ZoneEntropy,4,80.0
DyGraFS,wavelet-HHL_glszm_ZoneEntropy,2,40.0
Mutual Information,wavelet-HHL_glszm_ZoneEntropy,2,40.0
Vanilla RF,wavelet-HHL_glszm_ZonePercentage,5,100.0
L1 Logistic Regression,wavelet-HHL_glszm_ZonePercentage,4,80.0
Anova,wavelet-HHL_glszm_ZonePercentage,3,60.0
Mutual Information,wavelet-HHL_glszm_ZonePercentage,2,40.0
RFE (SVM),wavelet-HHL_glszm_ZonePercentage,1,20.0
Vanilla RF,wavelet-HHL_glszm_ZoneVariance,5,100.0
Variance,wavelet-HHL_glszm_ZoneVariance,5,100.0
Mutual Information,wavelet-HHL_glszm_ZoneVariance,5,100.0
Anova,wavelet-HHL_glszm_ZoneVariance,3,60.0
L1 Logistic Regression,wavelet-HHL_glszm_ZoneVariance,3,60.0
Vanilla RF,wavelet-HHL_ngtdm_Busyness,5,100.0
Variance,wavelet-HHL_ngtdm_Busyness,5,100.0
Mutual Information,wavelet-HHL_ngtdm_Busyness,5,100.0
Anova,wavelet-HHL_ngtdm_Busyness,4,80.0
L1 Logistic Regression,wavelet-HHL_ngtdm_Busyness,4,80.0
Vanilla RF,wavelet-HHL_ngtdm_Coarseness,5,100.0
Mutual Information,wavelet-HHL_ngtdm_Coarseness,5,100.0
L1 Logistic Regression,wavelet-HHL_ngtdm_Coarseness,4,80.0
Anova,wavelet-HHL_ngtdm_Coarseness,3,60.0
Vanilla RF,wavelet-HHL_ngtdm_Complexity,5,100.0
L1 Logistic Regression,wavelet-HHL_ngtdm_Complexity,4,80.0
Variance,wavelet-HHL_ngtdm_Complexity,3,60.0
Anova,wavelet-HHL_ngtdm_Complexity,3,60.0
Mutual Information,wavelet-HHL_ngtdm_Complexity,2,40.0
RFE (SVM),wavelet-HHL_ngtdm_Complexity,1,20.0
Vanilla RF,wavelet-HHL_ngtdm_Contrast,5,100.0
L1 Logistic Regression,wavelet-HHL_ngtdm_Contrast,4,80.0
Anova,wavelet-HHL_ngtdm_Contrast,3,60.0
Mutual Information,wavelet-HHL_ngtdm_Contrast,2,40.0
Variance,wavelet-HHL_ngtdm_Contrast,1,20.0
RFE (SVM),wavelet-HHL_ngtdm_Contrast,1,20.0
Vanilla RF,wavelet-HHL_ngtdm_Strength,5,100.0
Mutual Information,wavelet-HHL_ngtdm_Strength,5,100.0
L1 Logistic Regression,wavelet-HHL_ngtdm_Strength,4,80.0
Anova,wavelet-HHL_ngtdm_Strength,3,60.0
Vanilla RF,wavelet-HLH_firstorder_10Percentile,5,100.0
Variance,wavelet-HLH_firstorder_10Percentile,4,80.0
L1 Logistic Regression,wavelet-HLH_firstorder_10Percentile,4,80.0
Anova,wavelet-HLH_firstorder_10Percentile,3,60.0
Mutual Information,wavelet-HLH_firstorder_10Percentile,2,40.0
RFE (SVM),wavelet-HLH_firstorder_10Percentile,1,20.0
Vanilla RF,wavelet-HLH_firstorder_90Percentile,5,100.0
Variance,wavelet-HLH_firstorder_90Percentile,4,80.0
L1 Logistic Regression,wavelet-HLH_firstorder_90Percentile,4,80.0
Anova,wavelet-HLH_firstorder_90Percentile,3,60.0
Mutual Information,wavelet-HLH_firstorder_90Percentile,2,40.0
DyGraFS,wavelet-HLH_firstorder_90Percentile,1,20.0
Vanilla RF,wavelet-HLH_firstorder_Energy,5,100.0
Variance,wavelet-HLH_firstorder_Energy,5,100.0
Mutual Information,wavelet-HLH_firstorder_Energy,5,100.0
L1 Logistic Regression,wavelet-HLH_firstorder_Energy,4,80.0
Anova,wavelet-HLH_firstorder_Energy,3,60.0
RFE (SVM),wavelet-HLH_firstorder_Energy,3,60.0
Vanilla RF,wavelet-HLH_firstorder_Entropy,5,100.0
L1 Logistic Regression,wavelet-HLH_firstorder_Entropy,5,100.0
Anova,wavelet-HLH_firstorder_Entropy,3,60.0
Mutual Information,wavelet-HLH_firstorder_Entropy,2,40.0
GFSIR,wavelet-HLH_firstorder_Entropy,1,20.0
Vanilla RF,wavelet-HLH_firstorder_InterquartileRange,5,100.0
Variance,wavelet-HLH_firstorder_InterquartileRange,4,80.0
L1 Logistic Regression,wavelet-HLH_firstorder_InterquartileRange,4,80.0
Anova,wavelet-HLH_firstorder_InterquartileRange,3,60.0
Mutual Information,wavelet-HLH_firstorder_InterquartileRange,2,40.0
RFE (SVM),wavelet-HLH_firstorder_InterquartileRange,1,20.0
Vanilla RF,wavelet-HLH_firstorder_Kurtosis,5,100.0
Variance,wavelet-HLH_firstorder_Kurtosis,5,100.0
Mutual Information,wavelet-HLH_firstorder_Kurtosis,5,100.0
L1 Logistic Regression,wavelet-HLH_firstorder_Kurtosis,4,80.0
DyGraFS,wavelet-HLH_firstorder_Kurtosis,2,40.0
Boruta,wavelet-HLH_firstorder_Kurtosis,2,40.0
Anova,wavelet-HLH_firstorder_Kurtosis,1,20.0
RFE (SVM),wavelet-HLH_firstorder_Kurtosis,1,20.0
Vanilla RF,wavelet-HLH_firstorder_Maximum,5,100.0
Variance,wavelet-HLH_firstorder_Maximum,5,100.0
L1 Logistic Regression,wavelet-HLH_firstorder_Maximum,4,80.0
RFE (SVM),wavelet-HLH_firstorder_Maximum,3,60.0
Mutual Information,wavelet-HLH_firstorder_Maximum,2,40.0
Anova,wavelet-HLH_firstorder_Maximum,1,20.0
Vanilla RF,wavelet-HLH_firstorder_Mean,5,100.0
Mutual Information,wavelet-HLH_firstorder_Mean,4,80.0
L1 Logistic Regression,wavelet-HLH_firstorder_Mean,4,80.0
RFE (SVM),wavelet-HLH_firstorder_Mean,2,40.0
Anova,wavelet-HLH_firstorder_Mean,1,20.0
Vanilla RF,wavelet-HLH_firstorder_MeanAbsoluteDeviation,5,100.0
L1 Logistic Regression,wavelet-HLH_firstorder_MeanAbsoluteDeviation,4,80.0
Variance,wavelet-HLH_firstorder_MeanAbsoluteDeviation,3,60.0
Anova,wavelet-HLH_firstorder_MeanAbsoluteDeviation,3,60.0
Mutual Information,wavelet-HLH_firstorder_MeanAbsoluteDeviation,2,40.0
Vanilla RF,wavelet-HLH_firstorder_Median,5,100.0
L1 Logistic Regression,wavelet-HLH_firstorder_Median,4,80.0
Mutual Information,wavelet-HLH_firstorder_Median,2,40.0
Anova,wavelet-HLH_firstorder_Median,1,20.0
RFE (SVM),wavelet-HLH_firstorder_Median,1,20.0
Boruta,wavelet-HLH_firstorder_Median,1,20.0
GFSIR,wavelet-HLH_firstorder_Median,1,20.0
Vanilla RF,wavelet-HLH_firstorder_Minimum,5,100.0
Variance,wavelet-HLH_firstorder_Minimum,5,100.0
L1 Logistic Regression,wavelet-HLH_firstorder_Minimum,4,80.0
DyGraFS,wavelet-HLH_firstorder_Minimum,1,20.0
Anova,wavelet-HLH_firstorder_Minimum,1,20.0
Mutual Information,wavelet-HLH_firstorder_Minimum,1,20.0
RFE (SVM),wavelet-HLH_firstorder_Minimum,1,20.0
Boruta,wavelet-HLH_firstorder_Minimum,1,20.0
Vanilla RF,wavelet-HLH_firstorder_Range,5,100.0
Variance,wavelet-HLH_firstorder_Range,5,100.0
L1 Logistic Regression,wavelet-HLH_firstorder_Range,4,80.0
DyGraFS,wavelet-HLH_firstorder_Range,2,40.0
Mutual Information,wavelet-HLH_firstorder_Range,2,40.0
Anova,wavelet-HLH_firstorder_Range,1,20.0
RFE (SVM),wavelet-HLH_firstorder_Range,1,20.0
Vanilla RF,wavelet-HLH_firstorder_RobustMeanAbsoluteDeviation,5,100.0
Variance,wavelet-HLH_firstorder_RobustMeanAbsoluteDeviation,3,60.0
Anova,wavelet-HLH_firstorder_RobustMeanAbsoluteDeviation,3,60.0
L1 Logistic Regression,wavelet-HLH_firstorder_RobustMeanAbsoluteDeviation,3,60.0
Mutual Information,wavelet-HLH_firstorder_RobustMeanAbsoluteDeviation,2,40.0
Vanilla RF,wavelet-HLH_firstorder_RootMeanSquared,5,100.0
L1 Logistic Regression,wavelet-HLH_firstorder_RootMeanSquared,4,80.0
Variance,wavelet-HLH_firstorder_RootMeanSquared,3,60.0
Anova,wavelet-HLH_firstorder_RootMeanSquared,3,60.0
Mutual Information,wavelet-HLH_firstorder_RootMeanSquared,2,40.0
Vanilla RF,wavelet-HLH_firstorder_Skewness,5,100.0
Variance,wavelet-HLH_firstorder_Skewness,5,100.0
L1 Logistic Regression,wavelet-HLH_firstorder_Skewness,5,100.0
RFE (SVM),wavelet-HLH_firstorder_Skewness,3,60.0
DyGraFS,wavelet-HLH_firstorder_Skewness,2,40.0
GFSIR,wavelet-HLH_firstorder_Skewness,2,40.0
Anova,wavelet-HLH_firstorder_Skewness,1,20.0
Mutual Information,wavelet-HLH_firstorder_Skewness,1,20.0
Vanilla RF,wavelet-HLH_firstorder_TotalEnergy,5,100.0
Variance,wavelet-HLH_firstorder_TotalEnergy,5,100.0
Mutual Information,wavelet-HLH_firstorder_TotalEnergy,5,100.0
L1 Logistic Regression,wavelet-HLH_firstorder_TotalEnergy,4,80.0
Anova,wavelet-HLH_firstorder_TotalEnergy,3,60.0
RFE (SVM),wavelet-HLH_firstorder_TotalEnergy,3,60.0
Vanilla RF,wavelet-HLH_firstorder_Uniformity,5,100.0
L1 Logistic Regression,wavelet-HLH_firstorder_Uniformity,5,100.0
Anova,wavelet-HLH_firstorder_Uniformity,3,60.0
Mutual Information,wavelet-HLH_firstorder_Uniformity,2,40.0
RFE (SVM),wavelet-HLH_firstorder_Uniformity,1,20.0
Vanilla RF,wavelet-HLH_firstorder_Variance,5,100.0
L1 Logistic Regression,wavelet-HLH_firstorder_Variance,4,80.0
Anova,wavelet-HLH_firstorder_Variance,3,60.0
Mutual Information,wavelet-HLH_firstorder_Variance,2,40.0
RFE (SVM),wavelet-HLH_firstorder_Variance,2,40.0
Variance,wavelet-HLH_firstorder_Variance,1,20.0
Vanilla RF,wavelet-HLH_glcm_Autocorrelation,5,100.0
L1 Logistic Regression,wavelet-HLH_glcm_Autocorrelation,5,100.0
Variance,wavelet-HLH_glcm_Autocorrelation,4,80.0
RFE (SVM),wavelet-HLH_glcm_Autocorrelation,3,60.0
DyGraFS,wavelet-HLH_glcm_Autocorrelation,2,40.0
Mutual Information,wavelet-HLH_glcm_Autocorrelation,2,40.0
Anova,wavelet-HLH_glcm_Autocorrelation,1,20.0
Vanilla RF,wavelet-HLH_glcm_ClusterProminence,5,100.0
L1 Logistic Regression,wavelet-HLH_glcm_ClusterProminence,4,80.0
Variance,wavelet-HLH_glcm_ClusterProminence,3,60.0
Mutual Information,wavelet-HLH_glcm_ClusterProminence,2,40.0
RFE (SVM),wavelet-HLH_glcm_ClusterProminence,2,40.0
Anova,wavelet-HLH_glcm_ClusterProminence,1,20.0
Vanilla RF,wavelet-HLH_glcm_ClusterShade,5,100.0
L1 Logistic Regression,wavelet-HLH_glcm_ClusterShade,4,80.0
Variance,wavelet-HLH_glcm_ClusterShade,3,60.0
Mutual Information,wavelet-HLH_glcm_ClusterShade,2,40.0
RFE (SVM),wavelet-HLH_glcm_ClusterShade,2,40.0
Anova,wavelet-HLH_glcm_ClusterShade,1,20.0
Vanilla RF,wavelet-HLH_glcm_ClusterTendency,5,100.0
L1 Logistic Regression,wavelet-HLH_glcm_ClusterTendency,5,100.0
Variance,wavelet-HLH_glcm_ClusterTendency,2,40.0
RFE (SVM),wavelet-HLH_glcm_ClusterTendency,2,40.0
Anova,wavelet-HLH_glcm_ClusterTendency,1,20.0
Vanilla RF,wavelet-HLH_glcm_Contrast,5,100.0
L1 Logistic Regression,wavelet-HLH_glcm_Contrast,4,80.0
Variance,wavelet-HLH_glcm_Contrast,3,60.0
Anova,wavelet-HLH_glcm_Contrast,1,20.0
Mutual Information,wavelet-HLH_glcm_Contrast,1,20.0
Vanilla RF,wavelet-HLH_glcm_Correlation,5,100.0
L1 Logistic Regression,wavelet-HLH_glcm_Correlation,5,100.0
Variance,wavelet-HLH_glcm_Correlation,3,60.0
Mutual Information,wavelet-HLH_glcm_Correlation,2,40.0
Anova,wavelet-HLH_glcm_Correlation,1,20.0
RFE (SVM),wavelet-HLH_glcm_Correlation,1,20.0
Vanilla RF,wavelet-HLH_glcm_DifferenceAverage,5,100.0
L1 Logistic Regression,wavelet-HLH_glcm_DifferenceAverage,4,80.0
Variance,wavelet-HLH_glcm_DifferenceAverage,3,60.0
Anova,wavelet-HLH_glcm_DifferenceAverage,1,20.0
Mutual Information,wavelet-HLH_glcm_DifferenceAverage,1,20.0
RFE (SVM),wavelet-HLH_glcm_DifferenceAverage,1,20.0
Vanilla RF,wavelet-HLH_glcm_DifferenceEntropy,5,100.0
L1 Logistic Regression,wavelet-HLH_glcm_DifferenceEntropy,4,80.0
Anova,wavelet-HLH_glcm_DifferenceEntropy,3,60.0
Mutual Information,wavelet-HLH_glcm_DifferenceEntropy,2,40.0
Variance,wavelet-HLH_glcm_DifferenceEntropy,1,20.0
RFE (SVM),wavelet-HLH_glcm_DifferenceEntropy,1,20.0
Vanilla RF,wavelet-HLH_glcm_DifferenceVariance,5,100.0
L1 Logistic Regression,wavelet-HLH_glcm_DifferenceVariance,4,80.0
Anova,wavelet-HLH_glcm_DifferenceVariance,3,60.0
Mutual Information,wavelet-HLH_glcm_DifferenceVariance,2,40.0
RFE (SVM),wavelet-HLH_glcm_DifferenceVariance,1,20.0
Vanilla RF,wavelet-HLH_glcm_Id,5,100.0
L1 Logistic Regression,wavelet-HLH_glcm_Id,4,80.0
Variance,wavelet-HLH_glcm_Id,1,20.0
Anova,wavelet-HLH_glcm_Id,1,20.0
Mutual Information,wavelet-HLH_glcm_Id,1,20.0
Vanilla RF,wavelet-HLH_glcm_Idm,5,100.0
L1 Logistic Regression,wavelet-HLH_glcm_Idm,4,80.0
Variance,wavelet-HLH_glcm_Idm,1,20.0
Anova,wavelet-HLH_glcm_Idm,1,20.0
Mutual Information,wavelet-HLH_glcm_Idm,1,20.0
Vanilla RF,wavelet-HLH_glcm_Idmn,5,100.0
L1 Logistic Regression,wavelet-HLH_glcm_Idmn,4,80.0
Anova,wavelet-HLH_glcm_Idmn,1,20.0
Mutual Information,wavelet-HLH_glcm_Idmn,1,20.0
RFE (SVM),wavelet-HLH_glcm_Idmn,1,20.0
Vanilla RF,wavelet-HLH_glcm_Idn,5,100.0
L1 Logistic Regression,wavelet-HLH_glcm_Idn,4,80.0
RFE (SVM),wavelet-HLH_glcm_Idn,3,60.0
Variance,wavelet-HLH_glcm_Idn,1,20.0
Anova,wavelet-HLH_glcm_Idn,1,20.0
Mutual Information,wavelet-HLH_glcm_Idn,1,20.0
Vanilla RF,wavelet-HLH_glcm_Imc1,5,100.0
L1 Logistic Regression,wavelet-HLH_glcm_Imc1,4,80.0
Anova,wavelet-HLH_glcm_Imc1,3,60.0
Mutual Information,wavelet-HLH_glcm_Imc1,2,40.0
Variance,wavelet-HLH_glcm_Imc1,1,20.0
RFE (SVM),wavelet-HLH_glcm_Imc1,1,20.0
Vanilla RF,wavelet-HLH_glcm_Imc2,5,100.0
Variance,wavelet-HLH_glcm_Imc2,4,80.0
L1 Logistic Regression,wavelet-HLH_glcm_Imc2,4,80.0
RFE (SVM),wavelet-HLH_glcm_Imc2,4,80.0
Anova,wavelet-HLH_glcm_Imc2,3,60.0
DyGraFS,wavelet-HLH_glcm_Imc2,2,40.0
Mutual Information,wavelet-HLH_glcm_Imc2,2,40.0
GFSIR,wavelet-HLH_glcm_Imc2,2,40.0
Vanilla RF,wavelet-HLH_glcm_InverseVariance,5,100.0
L1 Logistic Regression,wavelet-HLH_glcm_InverseVariance,4,80.0
Variance,wavelet-HLH_glcm_InverseVariance,3,60.0
RFE (SVM),wavelet-HLH_glcm_InverseVariance,2,40.0
Anova,wavelet-HLH_glcm_InverseVariance,1,20.0
Mutual Information,wavelet-HLH_glcm_InverseVariance,1,20.0
Vanilla RF,wavelet-HLH_glcm_JointAverage,5,100.0
L1 Logistic Regression,wavelet-HLH_glcm_JointAverage,4,80.0
Variance,wavelet-HLH_glcm_JointAverage,3,60.0
Mutual Information,wavelet-HLH_glcm_JointAverage,2,40.0
RFE (SVM),wavelet-HLH_glcm_JointAverage,2,40.0
Anova,wavelet-HLH_glcm_JointAverage,1,20.0
Vanilla RF,wavelet-HLH_glcm_JointEnergy,5,100.0
Anova,wavelet-HLH_glcm_JointEnergy,4,80.0
L1 Logistic Regression,wavelet-HLH_glcm_JointEnergy,4,80.0
Mutual Information,wavelet-HLH_glcm_JointEnergy,3,60.0
Variance,wavelet-HLH_glcm_JointEnergy,1,20.0
RFE (SVM),wavelet-HLH_glcm_JointEnergy,1,20.0
Vanilla RF,wavelet-HLH_glcm_JointEntropy,5,100.0
Anova,wavelet-HLH_glcm_JointEntropy,4,80.0
Variance,wavelet-HLH_glcm_JointEntropy,3,60.0
Mutual Information,wavelet-HLH_glcm_JointEntropy,3,60.0
L1 Logistic Regression,wavelet-HLH_glcm_JointEntropy,3,60.0
RFE (SVM),wavelet-HLH_glcm_JointEntropy,1,20.0
Vanilla RF,wavelet-HLH_glcm_MCC,5,100.0
Variance,wavelet-HLH_glcm_MCC,4,80.0
L1 Logistic Regression,wavelet-HLH_glcm_MCC,4,80.0
Anova,wavelet-HLH_glcm_MCC,3,60.0
DyGraFS,wavelet-HLH_glcm_MCC,2,40.0
Mutual Information,wavelet-HLH_glcm_MCC,2,40.0
RFE (SVM),wavelet-HLH_glcm_MCC,1,20.0
Vanilla RF,wavelet-HLH_glcm_MaximumProbability,5,100.0
Anova,wavelet-HLH_glcm_MaximumProbability,5,100.0
L1 Logistic Regression,wavelet-HLH_glcm_MaximumProbability,4,80.0
Variance,wavelet-HLH_glcm_MaximumProbability,3,60.0
Mutual Information,wavelet-HLH_glcm_MaximumProbability,3,60.0
RFE (SVM),wavelet-HLH_glcm_MaximumProbability,3,60.0
Boruta,wavelet-HLH_glcm_MaximumProbability,1,20.0
Vanilla RF,wavelet-HLH_glcm_SumAverage,5,100.0
L1 Logistic Regression,wavelet-HLH_glcm_SumAverage,4,80.0
Variance,wavelet-HLH_glcm_SumAverage,3,60.0
RFE (SVM),wavelet-HLH_glcm_SumAverage,3,60.0
Mutual Information,wavelet-HLH_glcm_SumAverage,2,40.0
Anova,wavelet-HLH_glcm_SumAverage,1,20.0
Vanilla RF,wavelet-HLH_glcm_SumEntropy,5,100.0
L1 Logistic Regression,wavelet-HLH_glcm_SumEntropy,4,80.0
Variance,wavelet-HLH_glcm_SumEntropy,3,60.0
Anova,wavelet-HLH_glcm_SumEntropy,1,20.0
RFE (SVM),wavelet-HLH_glcm_SumEntropy,1,20.0
Vanilla RF,wavelet-HLH_glcm_SumSquares,5,100.0
L1 Logistic Regression,wavelet-HLH_glcm_SumSquares,4,80.0
Anova,wavelet-HLH_glcm_SumSquares,3,60.0
Mutual Information,wavelet-HLH_glcm_SumSquares,2,40.0
RFE (SVM),wavelet-HLH_glcm_SumSquares,2,40.0
Vanilla RF,wavelet-HLH_gldm_DependenceEntropy,5,100.0
Variance,wavelet-HLH_gldm_DependenceEntropy,5,100.0
L1 Logistic Regression,wavelet-HLH_gldm_DependenceEntropy,4,80.0
Anova,wavelet-HLH_gldm_DependenceEntropy,3,60.0
Mutual Information,wavelet-HLH_gldm_DependenceEntropy,2,40.0
RFE (SVM),wavelet-HLH_gldm_DependenceEntropy,2,40.0
DyGraFS,wavelet-HLH_gldm_DependenceEntropy,1,20.0
Vanilla RF,wavelet-HLH_gldm_DependenceNonUniformity,5,100.0
Variance,wavelet-HLH_gldm_DependenceNonUniformity,5,100.0
Mutual Information,wavelet-HLH_gldm_DependenceNonUniformity,5,100.0
L1 Logistic Regression,wavelet-HLH_gldm_DependenceNonUniformity,4,80.0
Anova,wavelet-HLH_gldm_DependenceNonUniformity,3,60.0
Vanilla RF,wavelet-HLH_gldm_DependenceNonUniformityNormalized,5,100.0
Anova,wavelet-HLH_gldm_DependenceNonUniformityNormalized,4,80.0
L1 Logistic Regression,wavelet-HLH_gldm_DependenceNonUniformityNormalized,4,80.0
Variance,wavelet-HLH_gldm_DependenceNonUniformityNormalized,3,60.0
Mutual Information,wavelet-HLH_gldm_DependenceNonUniformityNormalized,2,40.0
Vanilla RF,wavelet-HLH_gldm_DependenceVariance,5,100.0
Variance,wavelet-HLH_gldm_DependenceVariance,5,100.0
L1 Logistic Regression,wavelet-HLH_gldm_DependenceVariance,4,80.0
Anova,wavelet-HLH_gldm_DependenceVariance,3,60.0
Mutual Information,wavelet-HLH_gldm_DependenceVariance,2,40.0
RFE (SVM),wavelet-HLH_gldm_DependenceVariance,1,20.0
Vanilla RF,wavelet-HLH_gldm_GrayLevelNonUniformity,5,100.0
Variance,wavelet-HLH_gldm_GrayLevelNonUniformity,5,100.0
Mutual Information,wavelet-HLH_gldm_GrayLevelNonUniformity,5,100.0
Anova,wavelet-HLH_gldm_GrayLevelNonUniformity,4,80.0
L1 Logistic Regression,wavelet-HLH_gldm_GrayLevelNonUniformity,4,80.0
Vanilla RF,wavelet-HLH_gldm_GrayLevelVariance,5,100.0
L1 Logistic Regression,wavelet-HLH_gldm_GrayLevelVariance,5,100.0
Anova,wavelet-HLH_gldm_GrayLevelVariance,3,60.0
Mutual Information,wavelet-HLH_gldm_GrayLevelVariance,2,40.0
RFE (SVM),wavelet-HLH_gldm_GrayLevelVariance,1,20.0
Vanilla RF,wavelet-HLH_gldm_HighGrayLevelEmphasis,5,100.0
L1 Logistic Regression,wavelet-HLH_gldm_HighGrayLevelEmphasis,4,80.0
Variance,wavelet-HLH_gldm_HighGrayLevelEmphasis,3,60.0
DyGraFS,wavelet-HLH_gldm_HighGrayLevelEmphasis,2,40.0
Mutual Information,wavelet-HLH_gldm_HighGrayLevelEmphasis,2,40.0
RFE (SVM),wavelet-HLH_gldm_HighGrayLevelEmphasis,2,40.0
Anova,wavelet-HLH_gldm_HighGrayLevelEmphasis,1,20.0
GFSIR,wavelet-HLH_gldm_HighGrayLevelEmphasis,1,20.0
Vanilla RF,wavelet-HLH_gldm_LargeDependenceEmphasis,5,100.0
Variance,wavelet-HLH_gldm_LargeDependenceEmphasis,5,100.0
Anova,wavelet-HLH_gldm_LargeDependenceEmphasis,4,80.0
L1 Logistic Regression,wavelet-HLH_gldm_LargeDependenceEmphasis,3,60.0
Mutual Information,wavelet-HLH_gldm_LargeDependenceEmphasis,2,40.0
Vanilla RF,wavelet-HLH_gldm_LargeDependenceHighGrayLevelEmphasis,5,100.0
Variance,wavelet-HLH_gldm_LargeDependenceHighGrayLevelEmphasis,5,100.0
Anova,wavelet-HLH_gldm_LargeDependenceHighGrayLevelEmphasis,5,100.0
Mutual Information,wavelet-HLH_gldm_LargeDependenceHighGrayLevelEmphasis,5,100.0
L1 Logistic Regression,wavelet-HLH_gldm_LargeDependenceHighGrayLevelEmphasis,4,80.0
Boruta,wavelet-HLH_gldm_LargeDependenceHighGrayLevelEmphasis,2,40.0
Vanilla RF,wavelet-HLH_gldm_LargeDependenceLowGrayLevelEmphasis,5,100.0
Variance,wavelet-HLH_gldm_LargeDependenceLowGrayLevelEmphasis,5,100.0
L1 Logistic Regression,wavelet-HLH_gldm_LargeDependenceLowGrayLevelEmphasis,4,80.0
Anova,wavelet-HLH_gldm_LargeDependenceLowGrayLevelEmphasis,3,60.0
Mutual Information,wavelet-HLH_gldm_LargeDependenceLowGrayLevelEmphasis,2,40.0
Vanilla RF,wavelet-HLH_gldm_LowGrayLevelEmphasis,5,100.0
L1 Logistic Regression,wavelet-HLH_gldm_LowGrayLevelEmphasis,4,80.0
Mutual Information,wavelet-HLH_gldm_LowGrayLevelEmphasis,2,40.0
RFE (SVM),wavelet-HLH_gldm_LowGrayLevelEmphasis,2,40.0
Variance,wavelet-HLH_gldm_LowGrayLevelEmphasis,1,20.0
Anova,wavelet-HLH_gldm_LowGrayLevelEmphasis,1,20.0
Vanilla RF,wavelet-HLH_gldm_SmallDependenceEmphasis,5,100.0
L1 Logistic Regression,wavelet-HLH_gldm_SmallDependenceEmphasis,4,80.0
Anova,wavelet-HLH_gldm_SmallDependenceEmphasis,3,60.0
Mutual Information,wavelet-HLH_gldm_SmallDependenceEmphasis,2,40.0
Variance,wavelet-HLH_gldm_SmallDependenceEmphasis,1,20.0
RFE (SVM),wavelet-HLH_gldm_SmallDependenceEmphasis,1,20.0
Vanilla RF,wavelet-HLH_gldm_SmallDependenceHighGrayLevelEmphasis,5,100.0
L1 Logistic Regression,wavelet-HLH_gldm_SmallDependenceHighGrayLevelEmphasis,4,80.0
Anova,wavelet-HLH_gldm_SmallDependenceHighGrayLevelEmphasis,3,60.0
Variance,wavelet-HLH_gldm_SmallDependenceHighGrayLevelEmphasis,2,40.0
Mutual Information,wavelet-HLH_gldm_SmallDependenceHighGrayLevelEmphasis,2,40.0
RFE (SVM),wavelet-HLH_gldm_SmallDependenceHighGrayLevelEmphasis,1,20.0
Vanilla RF,wavelet-HLH_gldm_SmallDependenceLowGrayLevelEmphasis,5,100.0
L1 Logistic Regression,wavelet-HLH_gldm_SmallDependenceLowGrayLevelEmphasis,4,80.0
Anova,wavelet-HLH_gldm_SmallDependenceLowGrayLevelEmphasis,3,60.0
Mutual Information,wavelet-HLH_gldm_SmallDependenceLowGrayLevelEmphasis,3,60.0
RFE (SVM),wavelet-HLH_gldm_SmallDependenceLowGrayLevelEmphasis,1,20.0
Vanilla RF,wavelet-HLH_glrlm_GrayLevelNonUniformity,5,100.0
Variance,wavelet-HLH_glrlm_GrayLevelNonUniformity,5,100.0
Mutual Information,wavelet-HLH_glrlm_GrayLevelNonUniformity,5,100.0
Anova,wavelet-HLH_glrlm_GrayLevelNonUniformity,4,80.0
L1 Logistic Regression,wavelet-HLH_glrlm_GrayLevelNonUniformity,4,80.0
Vanilla RF,wavelet-HLH_glrlm_GrayLevelNonUniformityNormalized,5,100.0
Mutual Information,wavelet-HLH_glrlm_GrayLevelNonUniformityNormalized,5,100.0
L1 Logistic Regression,wavelet-HLH_glrlm_GrayLevelNonUniformityNormalized,4,80.0
Anova,wavelet-HLH_glrlm_GrayLevelNonUniformityNormalized,3,60.0
RFE (SVM),wavelet-HLH_glrlm_GrayLevelNonUniformityNormalized,2,40.0
Boruta,wavelet-HLH_glrlm_GrayLevelNonUniformityNormalized,1,20.0
Vanilla RF,wavelet-HLH_glrlm_GrayLevelVariance,5,100.0
Mutual Information,wavelet-HLH_glrlm_GrayLevelVariance,5,100.0
L1 Logistic Regression,wavelet-HLH_glrlm_GrayLevelVariance,4,80.0
Anova,wavelet-HLH_glrlm_GrayLevelVariance,3,60.0
RFE (SVM),wavelet-HLH_glrlm_GrayLevelVariance,2,40.0
Boruta,wavelet-HLH_glrlm_GrayLevelVariance,1,20.0
Vanilla RF,wavelet-HLH_glrlm_HighGrayLevelRunEmphasis,5,100.0
L1 Logistic Regression,wavelet-HLH_glrlm_HighGrayLevelRunEmphasis,4,80.0
Variance,wavelet-HLH_glrlm_HighGrayLevelRunEmphasis,3,60.0
Mutual Information,wavelet-HLH_glrlm_HighGrayLevelRunEmphasis,2,40.0
Anova,wavelet-HLH_glrlm_HighGrayLevelRunEmphasis,1,20.0
RFE (SVM),wavelet-HLH_glrlm_HighGrayLevelRunEmphasis,1,20.0
Vanilla RF,wavelet-HLH_glrlm_LongRunEmphasis,5,100.0
Variance,wavelet-HLH_glrlm_LongRunEmphasis,5,100.0
L1 Logistic Regression,wavelet-HLH_glrlm_LongRunEmphasis,4,80.0
Anova,wavelet-HLH_glrlm_LongRunEmphasis,3,60.0
DyGraFS,wavelet-HLH_glrlm_LongRunEmphasis,2,40.0
Mutual Information,wavelet-HLH_glrlm_LongRunEmphasis,2,40.0
RFE (SVM),wavelet-HLH_glrlm_LongRunEmphasis,1,20.0
Vanilla RF,wavelet-HLH_glrlm_LongRunHighGrayLevelEmphasis,5,100.0
Variance,wavelet-HLH_glrlm_LongRunHighGrayLevelEmphasis,5,100.0
Anova,wavelet-HLH_glrlm_LongRunHighGrayLevelEmphasis,4,80.0
L1 Logistic Regression,wavelet-HLH_glrlm_LongRunHighGrayLevelEmphasis,4,80.0
RFE (SVM),wavelet-HLH_glrlm_LongRunHighGrayLevelEmphasis,3,60.0
Mutual Information,wavelet-HLH_glrlm_LongRunHighGrayLevelEmphasis,2,40.0
Vanilla RF,wavelet-HLH_glrlm_LongRunLowGrayLevelEmphasis,5,100.0
Variance,wavelet-HLH_glrlm_LongRunLowGrayLevelEmphasis,5,100.0
L1 Logistic Regression,wavelet-HLH_glrlm_LongRunLowGrayLevelEmphasis,4,80.0
Anova,wavelet-HLH_glrlm_LongRunLowGrayLevelEmphasis,3,60.0
Mutual Information,wavelet-HLH_glrlm_LongRunLowGrayLevelEmphasis,2,40.0
RFE (SVM),wavelet-HLH_glrlm_LongRunLowGrayLevelEmphasis,1,20.0
Vanilla RF,wavelet-HLH_glrlm_LowGrayLevelRunEmphasis,5,100.0
L1 Logistic Regression,wavelet-HLH_glrlm_LowGrayLevelRunEmphasis,4,80.0
Mutual Information,wavelet-HLH_glrlm_LowGrayLevelRunEmphasis,2,40.0
RFE (SVM),wavelet-HLH_glrlm_LowGrayLevelRunEmphasis,2,40.0
Variance,wavelet-HLH_glrlm_LowGrayLevelRunEmphasis,1,20.0
Anova,wavelet-HLH_glrlm_LowGrayLevelRunEmphasis,1,20.0
Vanilla RF,wavelet-HLH_glrlm_RunEntropy,5,100.0
Variance,wavelet-HLH_glrlm_RunEntropy,5,100.0
Anova,wavelet-HLH_glrlm_RunEntropy,4,80.0
L1 Logistic Regression,wavelet-HLH_glrlm_RunEntropy,4,80.0
Mutual Information,wavelet-HLH_glrlm_RunEntropy,2,40.0
Vanilla RF,wavelet-HLH_glrlm_RunLengthNonUniformity,5,100.0
Variance,wavelet-HLH_glrlm_RunLengthNonUniformity,5,100.0
Mutual Information,wavelet-HLH_glrlm_RunLengthNonUniformity,5,100.0
Anova,wavelet-HLH_glrlm_RunLengthNonUniformity,4,80.0
L1 Logistic Regression,wavelet-HLH_glrlm_RunLengthNonUniformity,4,80.0
Boruta,wavelet-HLH_glrlm_RunLengthNonUniformity,1,20.0
Vanilla RF,wavelet-HLH_glrlm_RunLengthNonUniformityNormalized,5,100.0
Variance,wavelet-HLH_glrlm_RunLengthNonUniformityNormalized,4,80.0
Anova,wavelet-HLH_glrlm_RunLengthNonUniformityNormalized,4,80.0
L1 Logistic Regression,wavelet-HLH_glrlm_RunLengthNonUniformityNormalized,4,80.0
Mutual Information,wavelet-HLH_glrlm_RunLengthNonUniformityNormalized,2,40.0
DyGraFS,wavelet-HLH_glrlm_RunLengthNonUniformityNormalized,1,20.0
Vanilla RF,wavelet-HLH_glrlm_RunPercentage,5,100.0
Variance,wavelet-HLH_glrlm_RunPercentage,4,80.0
Anova,wavelet-HLH_glrlm_RunPercentage,4,80.0
Mutual Information,wavelet-HLH_glrlm_RunPercentage,3,60.0
L1 Logistic Regression,wavelet-HLH_glrlm_RunPercentage,3,60.0
Vanilla RF,wavelet-HLH_glrlm_RunVariance,5,100.0
Variance,wavelet-HLH_glrlm_RunVariance,5,100.0
Anova,wavelet-HLH_glrlm_RunVariance,4,80.0
L1 Logistic Regression,wavelet-HLH_glrlm_RunVariance,4,80.0
DyGraFS,wavelet-HLH_glrlm_RunVariance,2,40.0
Mutual Information,wavelet-HLH_glrlm_RunVariance,2,40.0
RFE (SVM),wavelet-HLH_glrlm_RunVariance,1,20.0
Vanilla RF,wavelet-HLH_glrlm_ShortRunEmphasis,5,100.0
L1 Logistic Regression,wavelet-HLH_glrlm_ShortRunEmphasis,4,80.0
Variance,wavelet-HLH_glrlm_ShortRunEmphasis,3,60.0
Anova,wavelet-HLH_glrlm_ShortRunEmphasis,3,60.0
Mutual Information,wavelet-HLH_glrlm_ShortRunEmphasis,2,40.0
Vanilla RF,wavelet-HLH_glrlm_ShortRunHighGrayLevelEmphasis,5,100.0
Variance,wavelet-HLH_glrlm_ShortRunHighGrayLevelEmphasis,4,80.0
Anova,wavelet-HLH_glrlm_ShortRunHighGrayLevelEmphasis,4,80.0
L1 Logistic Regression,wavelet-HLH_glrlm_ShortRunHighGrayLevelEmphasis,4,80.0
Mutual Information,wavelet-HLH_glrlm_ShortRunHighGrayLevelEmphasis,2,40.0
Vanilla RF,wavelet-HLH_glrlm_ShortRunLowGrayLevelEmphasis,5,100.0
Variance,wavelet-HLH_glrlm_ShortRunLowGrayLevelEmphasis,3,60.0
Anova,wavelet-HLH_glrlm_ShortRunLowGrayLevelEmphasis,3,60.0
L1 Logistic Regression,wavelet-HLH_glrlm_ShortRunLowGrayLevelEmphasis,3,60.0
Mutual Information,wavelet-HLH_glrlm_ShortRunLowGrayLevelEmphasis,2,40.0
Vanilla RF,wavelet-HLH_glszm_GrayLevelNonUniformity,5,100.0
Variance,wavelet-HLH_glszm_GrayLevelNonUniformity,5,100.0
Mutual Information,wavelet-HLH_glszm_GrayLevelNonUniformity,5,100.0
Anova,wavelet-HLH_glszm_GrayLevelNonUniformity,4,80.0
L1 Logistic Regression,wavelet-HLH_glszm_GrayLevelNonUniformity,4,80.0
RFE (SVM),wavelet-HLH_glszm_GrayLevelNonUniformity,3,60.0
Boruta,wavelet-HLH_glszm_GrayLevelNonUniformity,3,60.0
DyGraFS,wavelet-HLH_glszm_GrayLevelNonUniformity,2,40.0
Vanilla RF,wavelet-HLH_glszm_GrayLevelNonUniformityNormalized,5,100.0
Variance,wavelet-HLH_glszm_GrayLevelNonUniformityNormalized,4,80.0
L1 Logistic Regression,wavelet-HLH_glszm_GrayLevelNonUniformityNormalized,4,80.0
DyGraFS,wavelet-HLH_glszm_GrayLevelNonUniformityNormalized,3,60.0
Mutual Information,wavelet-HLH_glszm_GrayLevelNonUniformityNormalized,2,40.0
RFE (SVM),wavelet-HLH_glszm_GrayLevelNonUniformityNormalized,2,40.0
GFSIR,wavelet-HLH_glszm_GrayLevelNonUniformityNormalized,2,40.0
Anova,wavelet-HLH_glszm_GrayLevelNonUniformityNormalized,1,20.0
Vanilla RF,wavelet-HLH_glszm_GrayLevelVariance,5,100.0
L1 Logistic Regression,wavelet-HLH_glszm_GrayLevelVariance,4,80.0
Variance,wavelet-HLH_glszm_GrayLevelVariance,3,60.0
Mutual Information,wavelet-HLH_glszm_GrayLevelVariance,3,60.0
RFE (SVM),wavelet-HLH_glszm_GrayLevelVariance,2,40.0
Anova,wavelet-HLH_glszm_GrayLevelVariance,1,20.0
Vanilla RF,wavelet-HLH_glszm_HighGrayLevelZoneEmphasis,5,100.0
Variance,wavelet-HLH_glszm_HighGrayLevelZoneEmphasis,5,100.0
L1 Logistic Regression,wavelet-HLH_glszm_HighGrayLevelZoneEmphasis,4,80.0
DyGraFS,wavelet-HLH_glszm_HighGrayLevelZoneEmphasis,3,60.0
Mutual Information,wavelet-HLH_glszm_HighGrayLevelZoneEmphasis,3,60.0
RFE (SVM),wavelet-HLH_glszm_HighGrayLevelZoneEmphasis,2,40.0
Anova,wavelet-HLH_glszm_HighGrayLevelZoneEmphasis,1,20.0
Vanilla RF,wavelet-HLH_glszm_LargeAreaEmphasis,5,100.0
Variance,wavelet-HLH_glszm_LargeAreaEmphasis,5,100.0
Mutual Information,wavelet-HLH_glszm_LargeAreaEmphasis,5,100.0
L1 Logistic Regression,wavelet-HLH_glszm_LargeAreaEmphasis,4,80.0
RFE (SVM),wavelet-HLH_glszm_LargeAreaEmphasis,4,80.0
Anova,wavelet-HLH_glszm_LargeAreaEmphasis,1,20.0
Vanilla RF,wavelet-HLH_glszm_LargeAreaHighGrayLevelEmphasis,5,100.0
Variance,wavelet-HLH_glszm_LargeAreaHighGrayLevelEmphasis,5,100.0
Mutual Information,wavelet-HLH_glszm_LargeAreaHighGrayLevelEmphasis,5,100.0
L1 Logistic Regression,wavelet-HLH_glszm_LargeAreaHighGrayLevelEmphasis,4,80.0
RFE (SVM),wavelet-HLH_glszm_LargeAreaHighGrayLevelEmphasis,4,80.0
Anova,wavelet-HLH_glszm_LargeAreaHighGrayLevelEmphasis,1,20.0
GFSIR,wavelet-HLH_glszm_LargeAreaHighGrayLevelEmphasis,1,20.0
Vanilla RF,wavelet-HLH_glszm_LargeAreaLowGrayLevelEmphasis,5,100.0
Variance,wavelet-HLH_glszm_LargeAreaLowGrayLevelEmphasis,5,100.0
Mutual Information,wavelet-HLH_glszm_LargeAreaLowGrayLevelEmphasis,5,100.0
L1 Logistic Regression,wavelet-HLH_glszm_LargeAreaLowGrayLevelEmphasis,4,80.0
RFE (SVM),wavelet-HLH_glszm_LargeAreaLowGrayLevelEmphasis,2,40.0
Anova,wavelet-HLH_glszm_LargeAreaLowGrayLevelEmphasis,1,20.0
Vanilla RF,wavelet-HLH_glszm_LowGrayLevelZoneEmphasis,5,100.0
Variance,wavelet-HLH_glszm_LowGrayLevelZoneEmphasis,5,100.0
L1 Logistic Regression,wavelet-HLH_glszm_LowGrayLevelZoneEmphasis,4,80.0
RFE (SVM),wavelet-HLH_glszm_LowGrayLevelZoneEmphasis,3,60.0
GFSIR,wavelet-HLH_glszm_LowGrayLevelZoneEmphasis,3,60.0
DyGraFS,wavelet-HLH_glszm_LowGrayLevelZoneEmphasis,2,40.0
Mutual Information,wavelet-HLH_glszm_LowGrayLevelZoneEmphasis,2,40.0
Anova,wavelet-HLH_glszm_LowGrayLevelZoneEmphasis,1,20.0
Vanilla RF,wavelet-HLH_glszm_SizeZoneNonUniformity,5,100.0
Variance,wavelet-HLH_glszm_SizeZoneNonUniformity,5,100.0
Mutual Information,wavelet-HLH_glszm_SizeZoneNonUniformity,5,100.0
Anova,wavelet-HLH_glszm_SizeZoneNonUniformity,4,80.0
L1 Logistic Regression,wavelet-HLH_glszm_SizeZoneNonUniformity,4,80.0
RFE (SVM),wavelet-HLH_glszm_SizeZoneNonUniformity,4,80.0
Boruta,wavelet-HLH_glszm_SizeZoneNonUniformity,2,40.0
Vanilla RF,wavelet-HLH_glszm_SizeZoneNonUniformityNormalized,5,100.0
L1 Logistic Regression,wavelet-HLH_glszm_SizeZoneNonUniformityNormalized,5,100.0
Variance,wavelet-HLH_glszm_SizeZoneNonUniformityNormalized,4,80.0
RFE (SVM),wavelet-HLH_glszm_SizeZoneNonUniformityNormalized,4,80.0
DyGraFS,wavelet-HLH_glszm_SizeZoneNonUniformityNormalized,3,60.0
Mutual Information,wavelet-HLH_glszm_SizeZoneNonUniformityNormalized,2,40.0
Anova,wavelet-HLH_glszm_SizeZoneNonUniformityNormalized,1,20.0
Boruta,wavelet-HLH_glszm_SizeZoneNonUniformityNormalized,1,20.0
Vanilla RF,wavelet-HLH_glszm_SmallAreaEmphasis,5,100.0
Variance,wavelet-HLH_glszm_SmallAreaEmphasis,5,100.0
L1 Logistic Regression,wavelet-HLH_glszm_SmallAreaEmphasis,5,100.0
Anova,wavelet-HLH_glszm_SmallAreaEmphasis,4,80.0
RFE (SVM),wavelet-HLH_glszm_SmallAreaEmphasis,3,60.0
DyGraFS,wavelet-HLH_glszm_SmallAreaEmphasis,2,40.0
Mutual Information,wavelet-HLH_glszm_SmallAreaEmphasis,2,40.0
GFSIR,wavelet-HLH_glszm_SmallAreaEmphasis,1,20.0
Vanilla RF,wavelet-HLH_glszm_SmallAreaHighGrayLevelEmphasis,5,100.0
Variance,wavelet-HLH_glszm_SmallAreaHighGrayLevelEmphasis,5,100.0
L1 Logistic Regression,wavelet-HLH_glszm_SmallAreaHighGrayLevelEmphasis,5,100.0
DyGraFS,wavelet-HLH_glszm_SmallAreaHighGrayLevelEmphasis,3,60.0
Anova,wavelet-HLH_glszm_SmallAreaHighGrayLevelEmphasis,3,60.0
Mutual Information,wavelet-HLH_glszm_SmallAreaHighGrayLevelEmphasis,2,40.0
RFE (SVM),wavelet-HLH_glszm_SmallAreaHighGrayLevelEmphasis,1,20.0
Vanilla RF,wavelet-HLH_glszm_SmallAreaLowGrayLevelEmphasis,5,100.0
Variance,wavelet-HLH_glszm_SmallAreaLowGrayLevelEmphasis,5,100.0
L1 Logistic Regression,wavelet-HLH_glszm_SmallAreaLowGrayLevelEmphasis,5,100.0
Anova,wavelet-HLH_glszm_SmallAreaLowGrayLevelEmphasis,4,80.0
RFE (SVM),wavelet-HLH_glszm_SmallAreaLowGrayLevelEmphasis,4,80.0
DyGraFS,wavelet-HLH_glszm_SmallAreaLowGrayLevelEmphasis,2,40.0
Mutual Information,wavelet-HLH_glszm_SmallAreaLowGrayLevelEmphasis,2,40.0
Boruta,wavelet-HLH_glszm_SmallAreaLowGrayLevelEmphasis,2,40.0
Vanilla RF,wavelet-HLH_glszm_ZoneEntropy,5,100.0
Variance,wavelet-HLH_glszm_ZoneEntropy,5,100.0
Anova,wavelet-HLH_glszm_ZoneEntropy,5,100.0
L1 Logistic Regression,wavelet-HLH_glszm_ZoneEntropy,5,100.0
Mutual Information,wavelet-HLH_glszm_ZoneEntropy,3,60.0
DyGraFS,wavelet-HLH_glszm_ZoneEntropy,2,40.0
RFE (SVM),wavelet-HLH_glszm_ZoneEntropy,1,20.0
Vanilla RF,wavelet-HLH_glszm_ZonePercentage,5,100.0
L1 Logistic Regression,wavelet-HLH_glszm_ZonePercentage,4,80.0
Anova,wavelet-HLH_glszm_ZonePercentage,3,60.0
Mutual Information,wavelet-HLH_glszm_ZonePercentage,2,40.0
Vanilla RF,wavelet-HLH_glszm_ZoneVariance,5,100.0
Variance,wavelet-HLH_glszm_ZoneVariance,5,100.0
Mutual Information,wavelet-HLH_glszm_ZoneVariance,5,100.0
L1 Logistic Regression,wavelet-HLH_glszm_ZoneVariance,4,80.0
Anova,wavelet-HLH_glszm_ZoneVariance,3,60.0
RFE (SVM),wavelet-HLH_glszm_ZoneVariance,3,60.0
Vanilla RF,wavelet-HLH_ngtdm_Busyness,5,100.0
Variance,wavelet-HLH_ngtdm_Busyness,5,100.0
Mutual Information,wavelet-HLH_ngtdm_Busyness,5,100.0
Anova,wavelet-HLH_ngtdm_Busyness,4,80.0
L1 Logistic Regression,wavelet-HLH_ngtdm_Busyness,4,80.0
Vanilla RF,wavelet-HLH_ngtdm_Coarseness,5,100.0
Mutual Information,wavelet-HLH_ngtdm_Coarseness,5,100.0
L1 Logistic Regression,wavelet-HLH_ngtdm_Coarseness,4,80.0
Anova,wavelet-HLH_ngtdm_Coarseness,3,60.0
Vanilla RF,wavelet-HLH_ngtdm_Complexity,5,100.0
L1 Logistic Regression,wavelet-HLH_ngtdm_Complexity,4,80.0
Variance,wavelet-HLH_ngtdm_Complexity,3,60.0
Anova,wavelet-HLH_ngtdm_Complexity,3,60.0
Mutual Information,wavelet-HLH_ngtdm_Complexity,2,40.0
RFE (SVM),wavelet-HLH_ngtdm_Complexity,1,20.0
Vanilla RF,wavelet-HLH_ngtdm_Contrast,5,100.0
L1 Logistic Regression,wavelet-HLH_ngtdm_Contrast,4,80.0
Anova,wavelet-HLH_ngtdm_Contrast,3,60.0
Mutual Information,wavelet-HLH_ngtdm_Contrast,2,40.0
Variance,wavelet-HLH_ngtdm_Contrast,1,20.0
Vanilla RF,wavelet-HLH_ngtdm_Strength,5,100.0
Mutual Information,wavelet-HLH_ngtdm_Strength,5,100.0
L1 Logistic Regression,wavelet-HLH_ngtdm_Strength,4,80.0
Anova,wavelet-HLH_ngtdm_Strength,3,60.0
Vanilla RF,wavelet-HLL_firstorder_10Percentile,5,100.0
Variance,wavelet-HLL_firstorder_10Percentile,5,100.0
Anova,wavelet-HLL_firstorder_10Percentile,5,100.0
Mutual Information,wavelet-HLL_firstorder_10Percentile,5,100.0
L1 Logistic Regression,wavelet-HLL_firstorder_10Percentile,4,80.0
DyGraFS,wavelet-HLL_firstorder_10Percentile,1,20.0
RFE (SVM),wavelet-HLL_firstorder_10Percentile,1,20.0
Boruta,wavelet-HLL_firstorder_10Percentile,1,20.0
Vanilla RF,wavelet-HLL_firstorder_90Percentile,5,100.0
Variance,wavelet-HLL_firstorder_90Percentile,5,100.0
Anova,wavelet-HLL_firstorder_90Percentile,5,100.0
Mutual Information,wavelet-HLL_firstorder_90Percentile,4,80.0
L1 Logistic Regression,wavelet-HLL_firstorder_90Percentile,4,80.0
RFE (SVM),wavelet-HLL_firstorder_90Percentile,1,20.0
Boruta,wavelet-HLL_firstorder_90Percentile,1,20.0
Vanilla RF,wavelet-HLL_firstorder_Energy,5,100.0
Variance,wavelet-HLL_firstorder_Energy,5,100.0
Mutual Information,wavelet-HLL_firstorder_Energy,4,80.0
L1 Logistic Regression,wavelet-HLL_firstorder_Energy,4,80.0
Anova,wavelet-HLL_firstorder_Energy,3,60.0
RFE (SVM),wavelet-HLL_firstorder_Energy,3,60.0
Vanilla RF,wavelet-HLL_firstorder_Entropy,5,100.0
Anova,wavelet-HLL_firstorder_Entropy,4,80.0
L1 Logistic Regression,wavelet-HLL_firstorder_Entropy,4,80.0
Variance,wavelet-HLL_firstorder_Entropy,3,60.0
Mutual Information,wavelet-HLL_firstorder_Entropy,2,40.0
RFE (SVM),wavelet-HLL_firstorder_Entropy,1,20.0
Vanilla RF,wavelet-HLL_firstorder_InterquartileRange,5,100.0
Variance,wavelet-HLL_firstorder_InterquartileRange,5,100.0
Anova,wavelet-HLL_firstorder_InterquartileRange,5,100.0
Mutual Information,wavelet-HLL_firstorder_InterquartileRange,5,100.0
L1 Logistic Regression,wavelet-HLL_firstorder_InterquartileRange,4,80.0
Boruta,wavelet-HLL_firstorder_InterquartileRange,4,80.0
DyGraFS,wavelet-HLL_firstorder_InterquartileRange,1,20.0
Vanilla RF,wavelet-HLL_firstorder_Kurtosis,5,100.0
Variance,wavelet-HLL_firstorder_Kurtosis,5,100.0
Mutual Information,wavelet-HLL_firstorder_Kurtosis,5,100.0
Boruta,wavelet-HLL_firstorder_Kurtosis,5,100.0
L1 Logistic Regression,wavelet-HLL_firstorder_Kurtosis,4,80.0
RFE (SVM),wavelet-HLL_firstorder_Kurtosis,2,40.0
DyGraFS,wavelet-HLL_firstorder_Kurtosis,1,20.0
Anova,wavelet-HLL_firstorder_Kurtosis,1,20.0
Vanilla RF,wavelet-HLL_firstorder_Maximum,5,100.0
Variance,wavelet-HLL_firstorder_Maximum,5,100.0
L1 Logistic Regression,wavelet-HLL_firstorder_Maximum,5,100.0
Anova,wavelet-HLL_firstorder_Maximum,4,80.0
RFE (SVM),wavelet-HLL_firstorder_Maximum,4,80.0
DyGraFS,wavelet-HLL_firstorder_Maximum,2,40.0
Mutual Information,wavelet-HLL_firstorder_Maximum,2,40.0
Vanilla RF,wavelet-HLL_firstorder_Mean,5,100.0
Anova,wavelet-HLL_firstorder_Mean,5,100.0
Mutual Information,wavelet-HLL_firstorder_Mean,5,100.0
L1 Logistic Regression,wavelet-HLL_firstorder_Mean,5,100.0
Variance,wavelet-HLL_firstorder_Mean,4,80.0
RFE (SVM),wavelet-HLL_firstorder_Mean,3,60.0
DyGraFS,wavelet-HLL_firstorder_Mean,2,40.0
Boruta,wavelet-HLL_firstorder_Mean,2,40.0
Vanilla RF,wavelet-HLL_firstorder_MeanAbsoluteDeviation,5,100.0
Variance,wavelet-HLL_firstorder_MeanAbsoluteDeviation,5,100.0
Anova,wavelet-HLL_firstorder_MeanAbsoluteDeviation,5,100.0
L1 Logistic Regression,wavelet-HLL_firstorder_MeanAbsoluteDeviation,4,80.0
Mutual Information,wavelet-HLL_firstorder_MeanAbsoluteDeviation,3,60.0
DyGraFS,wavelet-HLL_firstorder_MeanAbsoluteDeviation,2,40.0
Vanilla RF,wavelet-HLL_firstorder_Median,5,100.0
Anova,wavelet-HLL_firstorder_Median,5,100.0
Mutual Information,wavelet-HLL_firstorder_Median,5,100.0
Boruta,wavelet-HLL_firstorder_Median,5,100.0
Variance,wavelet-HLL_firstorder_Median,4,80.0
L1 Logistic Regression,wavelet-HLL_firstorder_Median,3,60.0
DyGraFS,wavelet-HLL_firstorder_Median,2,40.0
Vanilla RF,wavelet-HLL_firstorder_Minimum,5,100.0
Variance,wavelet-HLL_firstorder_Minimum,5,100.0
L1 Logistic Regression,wavelet-HLL_firstorder_Minimum,4,80.0
DyGraFS,wavelet-HLL_firstorder_Minimum,2,40.0
Mutual Information,wavelet-HLL_firstorder_Minimum,2,40.0
RFE (SVM),wavelet-HLL_firstorder_Minimum,2,40.0
Anova,wavelet-HLL_firstorder_Minimum,1,20.0
Vanilla RF,wavelet-HLL_firstorder_Range,5,100.0
Variance,wavelet-HLL_firstorder_Range,5,100.0
L1 Logistic Regression,wavelet-HLL_firstorder_Range,4,80.0
Anova,wavelet-HLL_firstorder_Range,2,40.0
Mutual Information,wavelet-HLL_firstorder_Range,2,40.0
RFE (SVM),wavelet-HLL_firstorder_Range,1,20.0
Vanilla RF,wavelet-HLL_firstorder_RobustMeanAbsoluteDeviation,5,100.0
Variance,wavelet-HLL_firstorder_RobustMeanAbsoluteDeviation,5,100.0
Anova,wavelet-HLL_firstorder_RobustMeanAbsoluteDeviation,5,100.0
Mutual Information,wavelet-HLL_firstorder_RobustMeanAbsoluteDeviation,5,100.0
L1 Logistic Regression,wavelet-HLL_firstorder_RobustMeanAbsoluteDeviation,4,80.0
Boruta,wavelet-HLL_firstorder_RobustMeanAbsoluteDeviation,1,20.0
Vanilla RF,wavelet-HLL_firstorder_RootMeanSquared,5,100.0
Variance,wavelet-HLL_firstorder_RootMeanSquared,5,100.0
Anova,wavelet-HLL_firstorder_RootMeanSquared,5,100.0
L1 Logistic Regression,wavelet-HLL_firstorder_RootMeanSquared,4,80.0
Mutual Information,wavelet-HLL_firstorder_RootMeanSquared,2,40.0
RFE (SVM),wavelet-HLL_firstorder_RootMeanSquared,1,20.0
Vanilla RF,wavelet-HLL_firstorder_Skewness,5,100.0
Variance,wavelet-HLL_firstorder_Skewness,5,100.0
L1 Logistic Regression,wavelet-HLL_firstorder_Skewness,5,100.0
RFE (SVM),wavelet-HLL_firstorder_Skewness,4,80.0
DyGraFS,wavelet-HLL_firstorder_Skewness,2,40.0
Mutual Information,wavelet-HLL_firstorder_Skewness,2,40.0
Boruta,wavelet-HLL_firstorder_Skewness,2,40.0
Anova,wavelet-HLL_firstorder_Skewness,1,20.0
Vanilla RF,wavelet-HLL_firstorder_TotalEnergy,5,100.0
Variance,wavelet-HLL_firstorder_TotalEnergy,5,100.0
Mutual Information,wavelet-HLL_firstorder_TotalEnergy,4,80.0
L1 Logistic Regression,wavelet-HLL_firstorder_TotalEnergy,4,80.0
Anova,wavelet-HLL_firstorder_TotalEnergy,3,60.0
RFE (SVM),wavelet-HLL_firstorder_TotalEnergy,3,60.0
Vanilla RF,wavelet-HLL_firstorder_Uniformity,5,100.0
Anova,wavelet-HLL_firstorder_Uniformity,4,80.0
L1 Logistic Regression,wavelet-HLL_firstorder_Uniformity,4,80.0
Variance,wavelet-HLL_firstorder_Uniformity,3,60.0
Mutual Information,wavelet-HLL_firstorder_Uniformity,2,40.0
RFE (SVM),wavelet-HLL_firstorder_Uniformity,1,20.0
Vanilla RF,wavelet-HLL_firstorder_Variance,5,100.0
Variance,wavelet-HLL_firstorder_Variance,5,100.0
Anova,wavelet-HLL_firstorder_Variance,4,80.0
L1 Logistic Regression,wavelet-HLL_firstorder_Variance,4,80.0
Mutual Information,wavelet-HLL_firstorder_Variance,2,40.0
RFE (SVM),wavelet-HLL_firstorder_Variance,1,20.0
Vanilla RF,wavelet-HLL_glcm_Autocorrelation,5,100.0
Variance,wavelet-HLL_glcm_Autocorrelation,5,100.0
L1 Logistic Regression,wavelet-HLL_glcm_Autocorrelation,4,80.0
Anova,wavelet-HLL_glcm_Autocorrelation,3,60.0
Mutual Information,wavelet-HLL_glcm_Autocorrelation,2,40.0
RFE (SVM),wavelet-HLL_glcm_Autocorrelation,1,20.0
Vanilla RF,wavelet-HLL_glcm_ClusterProminence,5,100.0
Variance,wavelet-HLL_glcm_ClusterProminence,4,80.0
L1 Logistic Regression,wavelet-HLL_glcm_ClusterProminence,4,80.0
DyGraFS,wavelet-HLL_glcm_ClusterProminence,2,40.0
Anova,wavelet-HLL_glcm_ClusterProminence,2,40.0
Mutual Information,wavelet-HLL_glcm_ClusterProminence,1,20.0
RFE (SVM),wavelet-HLL_glcm_ClusterProminence,1,20.0
Vanilla RF,wavelet-HLL_glcm_ClusterShade,5,100.0
Mutual Information,wavelet-HLL_glcm_ClusterShade,5,100.0
Variance,wavelet-HLL_glcm_ClusterShade,4,80.0
L1 Logistic Regression,wavelet-HLL_glcm_ClusterShade,4,80.0
RFE (SVM),wavelet-HLL_glcm_ClusterShade,4,80.0
DyGraFS,wavelet-HLL_glcm_ClusterShade,3,60.0
Anova,wavelet-HLL_glcm_ClusterShade,3,60.0
Vanilla RF,wavelet-HLL_glcm_ClusterTendency,5,100.0
Variance,wavelet-HLL_glcm_ClusterTendency,4,80.0
L1 Logistic Regression,wavelet-HLL_glcm_ClusterTendency,4,80.0
DyGraFS,wavelet-HLL_glcm_ClusterTendency,2,40.0
Anova,wavelet-HLL_glcm_ClusterTendency,1,20.0
Vanilla RF,wavelet-HLL_glcm_Contrast,5,100.0
Anova,wavelet-HLL_glcm_Contrast,5,100.0
Variance,wavelet-HLL_glcm_Contrast,4,80.0
Mutual Information,wavelet-HLL_glcm_Contrast,4,80.0
L1 Logistic Regression,wavelet-HLL_glcm_Contrast,4,80.0
DyGraFS,wavelet-HLL_glcm_Contrast,2,40.0
Vanilla RF,wavelet-HLL_glcm_Correlation,5,100.0
Variance,wavelet-HLL_glcm_Correlation,4,80.0
Anova,wavelet-HLL_glcm_Correlation,4,80.0
L1 Logistic Regression,wavelet-HLL_glcm_Correlation,4,80.0
Mutual Information,wavelet-HLL_glcm_Correlation,2,40.0
DyGraFS,wavelet-HLL_glcm_Correlation,1,20.0
Vanilla RF,wavelet-HLL_glcm_DifferenceAverage,5,100.0
Anova,wavelet-HLL_glcm_DifferenceAverage,5,100.0
Variance,wavelet-HLL_glcm_DifferenceAverage,4,80.0
Mutual Information,wavelet-HLL_glcm_DifferenceAverage,4,80.0
L1 Logistic Regression,wavelet-HLL_glcm_DifferenceAverage,4,80.0
DyGraFS,wavelet-HLL_glcm_DifferenceAverage,1,20.0
Vanilla RF,wavelet-HLL_glcm_DifferenceEntropy,5,100.0
Anova,wavelet-HLL_glcm_DifferenceEntropy,5,100.0
Variance,wavelet-HLL_glcm_DifferenceEntropy,4,80.0
Mutual Information,wavelet-HLL_glcm_DifferenceEntropy,4,80.0
L1 Logistic Regression,wavelet-HLL_glcm_DifferenceEntropy,4,80.0
DyGraFS,wavelet-HLL_glcm_DifferenceEntropy,2,40.0
RFE (SVM),wavelet-HLL_glcm_DifferenceEntropy,1,20.0
Boruta,wavelet-HLL_glcm_DifferenceEntropy,1,20.0
Vanilla RF,wavelet-HLL_glcm_DifferenceVariance,5,100.0
Anova,wavelet-HLL_glcm_DifferenceVariance,5,100.0
Mutual Information,wavelet-HLL_glcm_DifferenceVariance,5,100.0
L1 Logistic Regression,wavelet-HLL_glcm_DifferenceVariance,4,80.0
Variance,wavelet-HLL_glcm_DifferenceVariance,3,60.0
RFE (SVM),wavelet-HLL_glcm_DifferenceVariance,2,40.0
Boruta,wavelet-HLL_glcm_DifferenceVariance,2,40.0
Vanilla RF,wavelet-HLL_glcm_Id,5,100.0
Anova,wavelet-HLL_glcm_Id,5,100.0
Mutual Information,wavelet-HLL_glcm_Id,4,80.0
L1 Logistic Regression,wavelet-HLL_glcm_Id,4,80.0
Variance,wavelet-HLL_glcm_Id,3,60.0
Vanilla RF,wavelet-HLL_glcm_Idm,5,100.0
Anova,wavelet-HLL_glcm_Idm,5,100.0
Mutual Information,wavelet-HLL_glcm_Idm,4,80.0
L1 Logistic Regression,wavelet-HLL_glcm_Idm,4,80.0
Variance,wavelet-HLL_glcm_Idm,3,60.0
RFE (SVM),wavelet-HLL_glcm_Idm,1,20.0
Vanilla RF,wavelet-HLL_glcm_Idmn,5,100.0
Anova,wavelet-HLL_glcm_Idmn,5,100.0
Mutual Information,wavelet-HLL_glcm_Idmn,4,80.0
L1 Logistic Regression,wavelet-HLL_glcm_Idmn,4,80.0
Variance,wavelet-HLL_glcm_Idmn,1,20.0
Vanilla RF,wavelet-HLL_glcm_Idn,5,100.0
Anova,wavelet-HLL_glcm_Idn,5,100.0
Mutual Information,wavelet-HLL_glcm_Idn,4,80.0
L1 Logistic Regression,wavelet-HLL_glcm_Idn,4,80.0
Variance,wavelet-HLL_glcm_Idn,3,60.0
Boruta,wavelet-HLL_glcm_Idn,1,20.0
Vanilla RF,wavelet-HLL_glcm_Imc1,5,100.0
Anova,wavelet-HLL_glcm_Imc1,5,100.0
Variance,wavelet-HLL_glcm_Imc1,4,80.0
Mutual Information,wavelet-HLL_glcm_Imc1,4,80.0
L1 Logistic Regression,wavelet-HLL_glcm_Imc1,4,80.0
DyGraFS,wavelet-HLL_glcm_Imc1,2,40.0
RFE (SVM),wavelet-HLL_glcm_Imc1,1,20.0
Vanilla RF,wavelet-HLL_glcm_Imc2,5,100.0
Variance,wavelet-HLL_glcm_Imc2,4,80.0
L1 Logistic Regression,wavelet-HLL_glcm_Imc2,4,80.0
Anova,wavelet-HLL_glcm_Imc2,3,60.0
DyGraFS,wavelet-HLL_glcm_Imc2,2,40.0
Mutual Information,wavelet-HLL_glcm_Imc2,2,40.0
RFE (SVM),wavelet-HLL_glcm_Imc2,2,40.0
Vanilla RF,wavelet-HLL_glcm_InverseVariance,5,100.0
Anova,wavelet-HLL_glcm_InverseVariance,5,100.0
Variance,wavelet-HLL_glcm_InverseVariance,4,80.0
Mutual Information,wavelet-HLL_glcm_InverseVariance,4,80.0
L1 Logistic Regression,wavelet-HLL_glcm_InverseVariance,4,80.0
Boruta,wavelet-HLL_glcm_InverseVariance,1,20.0
Vanilla RF,wavelet-HLL_glcm_JointAverage,5,100.0
Variance,wavelet-HLL_glcm_JointAverage,4,80.0
L1 Logistic Regression,wavelet-HLL_glcm_JointAverage,4,80.0
DyGraFS,wavelet-HLL_glcm_JointAverage,3,60.0
Anova,wavelet-HLL_glcm_JointAverage,3,60.0
Mutual Information,wavelet-HLL_glcm_JointAverage,2,40.0
Vanilla RF,wavelet-HLL_glcm_JointEnergy,5,100.0
Anova,wavelet-HLL_glcm_JointEnergy,5,100.0
Mutual Information,wavelet-HLL_glcm_JointEnergy,5,100.0
Variance,wavelet-HLL_glcm_JointEnergy,4,80.0
L1 Logistic Regression,wavelet-HLL_glcm_JointEnergy,4,80.0
Boruta,wavelet-HLL_glcm_JointEnergy,4,80.0
DyGraFS,wavelet-HLL_glcm_JointEnergy,2,40.0
RFE (SVM),wavelet-HLL_glcm_JointEnergy,1,20.0
Vanilla RF,wavelet-HLL_glcm_JointEntropy,5,100.0
Anova,wavelet-HLL_glcm_JointEntropy,5,100.0
Mutual Information,wavelet-HLL_glcm_JointEntropy,5,100.0
Variance,wavelet-HLL_glcm_JointEntropy,4,80.0
L1 Logistic Regression,wavelet-HLL_glcm_JointEntropy,4,80.0
Boruta,wavelet-HLL_glcm_JointEntropy,4,80.0
DyGraFS,wavelet-HLL_glcm_JointEntropy,1,20.0
Vanilla RF,wavelet-HLL_glcm_MCC,5,100.0
Variance,wavelet-HLL_glcm_MCC,4,80.0
L1 Logistic Regression,wavelet-HLL_glcm_MCC,4,80.0
Anova,wavelet-HLL_glcm_MCC,3,60.0
DyGraFS,wavelet-HLL_glcm_MCC,2,40.0
Mutual Information,wavelet-HLL_glcm_MCC,2,40.0
RFE (SVM),wavelet-HLL_glcm_MCC,2,40.0
Vanilla RF,wavelet-HLL_glcm_MaximumProbability,5,100.0
Anova,wavelet-HLL_glcm_MaximumProbability,5,100.0
Mutual Information,wavelet-HLL_glcm_MaximumProbability,5,100.0
Variance,wavelet-HLL_glcm_MaximumProbability,4,80.0
Boruta,wavelet-HLL_glcm_MaximumProbability,4,80.0
DyGraFS,wavelet-HLL_glcm_MaximumProbability,2,40.0
L1 Logistic Regression,wavelet-HLL_glcm_MaximumProbability,2,40.0
Vanilla RF,wavelet-HLL_glcm_SumAverage,5,100.0
Variance,wavelet-HLL_glcm_SumAverage,5,100.0
L1 Logistic Regression,wavelet-HLL_glcm_SumAverage,4,80.0
Anova,wavelet-HLL_glcm_SumAverage,3,60.0
Mutual Information,wavelet-HLL_glcm_SumAverage,2,40.0
Vanilla RF,wavelet-HLL_glcm_SumEntropy,5,100.0
Variance,wavelet-HLL_glcm_SumEntropy,4,80.0
L1 Logistic Regression,wavelet-HLL_glcm_SumEntropy,4,80.0
Anova,wavelet-HLL_glcm_SumEntropy,3,60.0
Mutual Information,wavelet-HLL_glcm_SumEntropy,2,40.0
DyGraFS,wavelet-HLL_glcm_SumEntropy,1,20.0
Vanilla RF,wavelet-HLL_glcm_SumSquares,5,100.0
Anova,wavelet-HLL_glcm_SumSquares,4,80.0
L1 Logistic Regression,wavelet-HLL_glcm_SumSquares,4,80.0
Variance,wavelet-HLL_glcm_SumSquares,3,60.0
Mutual Information,wavelet-HLL_glcm_SumSquares,2,40.0
RFE (SVM),wavelet-HLL_glcm_SumSquares,1,20.0
Boruta,wavelet-HLL_glcm_SumSquares,1,20.0
Vanilla RF,wavelet-HLL_gldm_DependenceEntropy,5,100.0
Variance,wavelet-HLL_gldm_DependenceEntropy,5,100.0
RFE (SVM),wavelet-HLL_gldm_DependenceEntropy,5,100.0
L1 Logistic Regression,wavelet-HLL_gldm_DependenceEntropy,4,80.0
DyGraFS,wavelet-HLL_gldm_DependenceEntropy,3,60.0
Mutual Information,wavelet-HLL_gldm_DependenceEntropy,2,40.0
Anova,wavelet-HLL_gldm_DependenceEntropy,1,20.0
Vanilla RF,wavelet-HLL_gldm_DependenceNonUniformity,5,100.0
Variance,wavelet-HLL_gldm_DependenceNonUniformity,5,100.0
Mutual Information,wavelet-HLL_gldm_DependenceNonUniformity,5,100.0
Anova,wavelet-HLL_gldm_DependenceNonUniformity,4,80.0
L1 Logistic Regression,wavelet-HLL_gldm_DependenceNonUniformity,4,80.0
Vanilla RF,wavelet-HLL_gldm_DependenceNonUniformityNormalized,5,100.0
L1 Logistic Regression,wavelet-HLL_gldm_DependenceNonUniformityNormalized,4,80.0
Mutual Information,wavelet-HLL_gldm_DependenceNonUniformityNormalized,2,40.0
RFE (SVM),wavelet-HLL_gldm_DependenceNonUniformityNormalized,2,40.0
Variance,wavelet-HLL_gldm_DependenceNonUniformityNormalized,1,20.0
Anova,wavelet-HLL_gldm_DependenceNonUniformityNormalized,1,20.0
Vanilla RF,wavelet-HLL_gldm_DependenceVariance,5,100.0
Variance,wavelet-HLL_gldm_DependenceVariance,5,100.0
Anova,wavelet-HLL_gldm_DependenceVariance,4,80.0
L1 Logistic Regression,wavelet-HLL_gldm_DependenceVariance,4,80.0
DyGraFS,wavelet-HLL_gldm_DependenceVariance,3,60.0
Mutual Information,wavelet-HLL_gldm_DependenceVariance,3,60.0
RFE (SVM),wavelet-HLL_gldm_DependenceVariance,3,60.0
Vanilla RF,wavelet-HLL_gldm_GrayLevelNonUniformity,5,100.0
Variance,wavelet-HLL_gldm_GrayLevelNonUniformity,5,100.0
Mutual Information,wavelet-HLL_gldm_GrayLevelNonUniformity,5,100.0
Anova,wavelet-HLL_gldm_GrayLevelNonUniformity,4,80.0
L1 Logistic Regression,wavelet-HLL_gldm_GrayLevelNonUniformity,4,80.0
Vanilla RF,wavelet-HLL_gldm_GrayLevelVariance,5,100.0
Anova,wavelet-HLL_gldm_GrayLevelVariance,4,80.0
L1 Logistic Regression,wavelet-HLL_gldm_GrayLevelVariance,4,80.0
Mutual Information,wavelet-HLL_gldm_GrayLevelVariance,2,40.0
Variance,wavelet-HLL_gldm_GrayLevelVariance,1,20.0
RFE (SVM),wavelet-HLL_gldm_GrayLevelVariance,1,20.0
Vanilla RF,wavelet-HLL_gldm_HighGrayLevelEmphasis,5,100.0
Variance,wavelet-HLL_gldm_HighGrayLevelEmphasis,5,100.0
L1 Logistic Regression,wavelet-HLL_gldm_HighGrayLevelEmphasis,4,80.0
Anova,wavelet-HLL_gldm_HighGrayLevelEmphasis,3,60.0
Mutual Information,wavelet-HLL_gldm_HighGrayLevelEmphasis,2,40.0
RFE (SVM),wavelet-HLL_gldm_HighGrayLevelEmphasis,1,20.0
Vanilla RF,wavelet-HLL_gldm_LargeDependenceEmphasis,5,100.0
Variance,wavelet-HLL_gldm_LargeDependenceEmphasis,5,100.0
L1 Logistic Regression,wavelet-HLL_gldm_LargeDependenceEmphasis,5,100.0
Mutual Information,wavelet-HLL_gldm_LargeDependenceEmphasis,2,40.0
RFE (SVM),wavelet-HLL_gldm_LargeDependenceEmphasis,2,40.0
Anova,wavelet-HLL_gldm_LargeDependenceEmphasis,1,20.0
Vanilla RF,wavelet-HLL_gldm_LargeDependenceHighGrayLevelEmphasis,5,100.0
Variance,wavelet-HLL_gldm_LargeDependenceHighGrayLevelEmphasis,5,100.0
L1 Logistic Regression,wavelet-HLL_gldm_LargeDependenceHighGrayLevelEmphasis,4,80.0
Anova,wavelet-HLL_gldm_LargeDependenceHighGrayLevelEmphasis,3,60.0
DyGraFS,wavelet-HLL_gldm_LargeDependenceHighGrayLevelEmphasis,2,40.0
Mutual Information,wavelet-HLL_gldm_LargeDependenceHighGrayLevelEmphasis,2,40.0
RFE (SVM),wavelet-HLL_gldm_LargeDependenceHighGrayLevelEmphasis,1,20.0
Vanilla RF,wavelet-HLL_gldm_LargeDependenceLowGrayLevelEmphasis,5,100.0
Variance,wavelet-HLL_gldm_LargeDependenceLowGrayLevelEmphasis,5,100.0
L1 Logistic Regression,wavelet-HLL_gldm_LargeDependenceLowGrayLevelEmphasis,4,80.0
DyGraFS,wavelet-HLL_gldm_LargeDependenceLowGrayLevelEmphasis,3,60.0
Anova,wavelet-HLL_gldm_LargeDependenceLowGrayLevelEmphasis,3,60.0
Mutual Information,wavelet-HLL_gldm_LargeDependenceLowGrayLevelEmphasis,2,40.0
RFE (SVM),wavelet-HLL_gldm_LargeDependenceLowGrayLevelEmphasis,1,20.0
Boruta,wavelet-HLL_gldm_LargeDependenceLowGrayLevelEmphasis,1,20.0
Vanilla RF,wavelet-HLL_gldm_LowGrayLevelEmphasis,5,100.0
Variance,wavelet-HLL_gldm_LowGrayLevelEmphasis,4,80.0
L1 Logistic Regression,wavelet-HLL_gldm_LowGrayLevelEmphasis,4,80.0
Anova,wavelet-HLL_gldm_LowGrayLevelEmphasis,3,60.0
Mutual Information,wavelet-HLL_gldm_LowGrayLevelEmphasis,2,40.0
Vanilla RF,wavelet-HLL_gldm_SmallDependenceEmphasis,5,100.0
L1 Logistic Regression,wavelet-HLL_gldm_SmallDependenceEmphasis,4,80.0
Anova,wavelet-HLL_gldm_SmallDependenceEmphasis,3,60.0
Mutual Information,wavelet-HLL_gldm_SmallDependenceEmphasis,2,40.0
Vanilla RF,wavelet-HLL_gldm_SmallDependenceHighGrayLevelEmphasis,5,100.0
Anova,wavelet-HLL_gldm_SmallDependenceHighGrayLevelEmphasis,4,80.0
L1 Logistic Regression,wavelet-HLL_gldm_SmallDependenceHighGrayLevelEmphasis,4,80.0
Mutual Information,wavelet-HLL_gldm_SmallDependenceHighGrayLevelEmphasis,3,60.0
Variance,wavelet-HLL_gldm_SmallDependenceHighGrayLevelEmphasis,1,20.0
RFE (SVM),wavelet-HLL_gldm_SmallDependenceHighGrayLevelEmphasis,1,20.0
Vanilla RF,wavelet-HLL_gldm_SmallDependenceLowGrayLevelEmphasis,5,100.0
L1 Logistic Regression,wavelet-HLL_gldm_SmallDependenceLowGrayLevelEmphasis,4,80.0
Anova,wavelet-HLL_gldm_SmallDependenceLowGrayLevelEmphasis,3,60.0
Mutual Information,wavelet-HLL_gldm_SmallDependenceLowGrayLevelEmphasis,2,40.0
RFE (SVM),wavelet-HLL_gldm_SmallDependenceLowGrayLevelEmphasis,1,20.0
Vanilla RF,wavelet-HLL_glrlm_GrayLevelNonUniformity,5,100.0
Variance,wavelet-HLL_glrlm_GrayLevelNonUniformity,5,100.0
Mutual Information,wavelet-HLL_glrlm_GrayLevelNonUniformity,5,100.0
Anova,wavelet-HLL_glrlm_GrayLevelNonUniformity,4,80.0
L1 Logistic Regression,wavelet-HLL_glrlm_GrayLevelNonUniformity,4,80.0
Boruta,wavelet-HLL_glrlm_GrayLevelNonUniformity,2,40.0
Vanilla RF,wavelet-HLL_glrlm_GrayLevelNonUniformityNormalized,5,100.0
L1 Logistic Regression,wavelet-HLL_glrlm_GrayLevelNonUniformityNormalized,4,80.0
Anova,wavelet-HLL_glrlm_GrayLevelNonUniformityNormalized,3,60.0
Mutual Information,wavelet-HLL_glrlm_GrayLevelNonUniformityNormalized,2,40.0
Variance,wavelet-HLL_glrlm_GrayLevelNonUniformityNormalized,1,20.0
GFSIR,wavelet-HLL_glrlm_GrayLevelNonUniformityNormalized,1,20.0
Vanilla RF,wavelet-HLL_glrlm_GrayLevelVariance,5,100.0
L1 Logistic Regression,wavelet-HLL_glrlm_GrayLevelVariance,4,80.0
Anova,wavelet-HLL_glrlm_GrayLevelVariance,3,60.0
Mutual Information,wavelet-HLL_glrlm_GrayLevelVariance,2,40.0
RFE (SVM),wavelet-HLL_glrlm_GrayLevelVariance,1,20.0
Vanilla RF,wavelet-HLL_glrlm_HighGrayLevelRunEmphasis,5,100.0
Variance,wavelet-HLL_glrlm_HighGrayLevelRunEmphasis,4,80.0
L1 Logistic Regression,wavelet-HLL_glrlm_HighGrayLevelRunEmphasis,4,80.0
DyGraFS,wavelet-HLL_glrlm_HighGrayLevelRunEmphasis,3,60.0
RFE (SVM),wavelet-HLL_glrlm_HighGrayLevelRunEmphasis,2,40.0
Anova,wavelet-HLL_glrlm_HighGrayLevelRunEmphasis,1,20.0
Mutual Information,wavelet-HLL_glrlm_HighGrayLevelRunEmphasis,1,20.0
GFSIR,wavelet-HLL_glrlm_HighGrayLevelRunEmphasis,1,20.0
Vanilla RF,wavelet-HLL_glrlm_LongRunEmphasis,5,100.0
Variance,wavelet-HLL_glrlm_LongRunEmphasis,5,100.0
L1 Logistic Regression,wavelet-HLL_glrlm_LongRunEmphasis,4,80.0
DyGraFS,wavelet-HLL_glrlm_LongRunEmphasis,3,60.0
Boruta,wavelet-HLL_glrlm_LongRunEmphasis,2,40.0
Anova,wavelet-HLL_glrlm_LongRunEmphasis,1,20.0
Mutual Information,wavelet-HLL_glrlm_LongRunEmphasis,1,20.0
RFE (SVM),wavelet-HLL_glrlm_LongRunEmphasis,1,20.0
Vanilla RF,wavelet-HLL_glrlm_LongRunHighGrayLevelEmphasis,5,100.0
Variance,wavelet-HLL_glrlm_LongRunHighGrayLevelEmphasis,5,100.0
L1 Logistic Regression,wavelet-HLL_glrlm_LongRunHighGrayLevelEmphasis,4,80.0
RFE (SVM),wavelet-HLL_glrlm_LongRunHighGrayLevelEmphasis,2,40.0
Boruta,wavelet-HLL_glrlm_LongRunHighGrayLevelEmphasis,2,40.0
DyGraFS,wavelet-HLL_glrlm_LongRunHighGrayLevelEmphasis,1,20.0
Anova,wavelet-HLL_glrlm_LongRunHighGrayLevelEmphasis,1,20.0
Vanilla RF,wavelet-HLL_glrlm_LongRunLowGrayLevelEmphasis,5,100.0
Variance,wavelet-HLL_glrlm_LongRunLowGrayLevelEmphasis,5,100.0
L1 Logistic Regression,wavelet-HLL_glrlm_LongRunLowGrayLevelEmphasis,5,100.0
RFE (SVM),wavelet-HLL_glrlm_LongRunLowGrayLevelEmphasis,5,100.0
Anova,wavelet-HLL_glrlm_LongRunLowGrayLevelEmphasis,3,60.0
DyGraFS,wavelet-HLL_glrlm_LongRunLowGrayLevelEmphasis,1,20.0
Mutual Information,wavelet-HLL_glrlm_LongRunLowGrayLevelEmphasis,1,20.0
Boruta,wavelet-HLL_glrlm_LongRunLowGrayLevelEmphasis,1,20.0
GFSIR,wavelet-HLL_glrlm_LongRunLowGrayLevelEmphasis,1,20.0
Vanilla RF,wavelet-HLL_glrlm_LowGrayLevelRunEmphasis,5,100.0
L1 Logistic Regression,wavelet-HLL_glrlm_LowGrayLevelRunEmphasis,4,80.0
Variance,wavelet-HLL_glrlm_LowGrayLevelRunEmphasis,3,60.0
RFE (SVM),wavelet-HLL_glrlm_LowGrayLevelRunEmphasis,2,40.0
Anova,wavelet-HLL_glrlm_LowGrayLevelRunEmphasis,1,20.0
Mutual Information,wavelet-HLL_glrlm_LowGrayLevelRunEmphasis,1,20.0
Vanilla RF,wavelet-HLL_glrlm_RunEntropy,5,100.0
Variance,wavelet-HLL_glrlm_RunEntropy,5,100.0
L1 Logistic Regression,wavelet-HLL_glrlm_RunEntropy,4,80.0
Anova,wavelet-HLL_glrlm_RunEntropy,3,60.0
DyGraFS,wavelet-HLL_glrlm_RunEntropy,1,20.0
Mutual Information,wavelet-HLL_glrlm_RunEntropy,1,20.0
Vanilla RF,wavelet-HLL_glrlm_RunLengthNonUniformity,5,100.0
Variance,wavelet-HLL_glrlm_RunLengthNonUniformity,5,100.0
Mutual Information,wavelet-HLL_glrlm_RunLengthNonUniformity,5,100.0
Anova,wavelet-HLL_glrlm_RunLengthNonUniformity,4,80.0
L1 Logistic Regression,wavelet-HLL_glrlm_RunLengthNonUniformity,4,80.0
Boruta,wavelet-HLL_glrlm_RunLengthNonUniformity,4,80.0
Vanilla RF,wavelet-HLL_glrlm_RunLengthNonUniformityNormalized,5,100.0
Variance,wavelet-HLL_glrlm_RunLengthNonUniformityNormalized,4,80.0
L1 Logistic Regression,wavelet-HLL_glrlm_RunLengthNonUniformityNormalized,4,80.0
DyGraFS,wavelet-HLL_glrlm_RunLengthNonUniformityNormalized,2,40.0
Mutual Information,wavelet-HLL_glrlm_RunLengthNonUniformityNormalized,2,40.0
Anova,wavelet-HLL_glrlm_RunLengthNonUniformityNormalized,1,20.0
RFE (SVM),wavelet-HLL_glrlm_RunLengthNonUniformityNormalized,1,20.0
GFSIR,wavelet-HLL_glrlm_RunLengthNonUniformityNormalized,1,20.0
Vanilla RF,wavelet-HLL_glrlm_RunPercentage,5,100.0
Variance,wavelet-HLL_glrlm_RunPercentage,4,80.0
L1 Logistic Regression,wavelet-HLL_glrlm_RunPercentage,4,80.0
DyGraFS,wavelet-HLL_glrlm_RunPercentage,2,40.0
RFE (SVM),wavelet-HLL_glrlm_RunPercentage,2,40.0
Anova,wavelet-HLL_glrlm_RunPercentage,1,20.0
Vanilla RF,wavelet-HLL_glrlm_RunVariance,5,100.0
Variance,wavelet-HLL_glrlm_RunVariance,5,100.0
RFE (SVM),wavelet-HLL_glrlm_RunVariance,5,100.0
L1 Logistic Regression,wavelet-HLL_glrlm_RunVariance,4,80.0
Boruta,wavelet-HLL_glrlm_RunVariance,3,60.0
Mutual Information,wavelet-HLL_glrlm_RunVariance,2,40.0
DyGraFS,wavelet-HLL_glrlm_RunVariance,1,20.0
Anova,wavelet-HLL_glrlm_RunVariance,1,20.0
Vanilla RF,wavelet-HLL_glrlm_ShortRunEmphasis,5,100.0
Variance,wavelet-HLL_glrlm_ShortRunEmphasis,4,80.0
L1 Logistic Regression,wavelet-HLL_glrlm_ShortRunEmphasis,4,80.0
RFE (SVM),wavelet-HLL_glrlm_ShortRunEmphasis,4,80.0
Anova,wavelet-HLL_glrlm_ShortRunEmphasis,1,20.0
Mutual Information,wavelet-HLL_glrlm_ShortRunEmphasis,1,20.0
Vanilla RF,wavelet-HLL_glrlm_ShortRunHighGrayLevelEmphasis,5,100.0
Variance,wavelet-HLL_glrlm_ShortRunHighGrayLevelEmphasis,4,80.0
L1 Logistic Regression,wavelet-HLL_glrlm_ShortRunHighGrayLevelEmphasis,4,80.0
DyGraFS,wavelet-HLL_glrlm_ShortRunHighGrayLevelEmphasis,2,40.0
Anova,wavelet-HLL_glrlm_ShortRunHighGrayLevelEmphasis,2,40.0
RFE (SVM),wavelet-HLL_glrlm_ShortRunHighGrayLevelEmphasis,1,20.0
Vanilla RF,wavelet-HLL_glrlm_ShortRunLowGrayLevelEmphasis,5,100.0
Variance,wavelet-HLL_glrlm_ShortRunLowGrayLevelEmphasis,4,80.0
L1 Logistic Regression,wavelet-HLL_glrlm_ShortRunLowGrayLevelEmphasis,4,80.0
Mutual Information,wavelet-HLL_glrlm_ShortRunLowGrayLevelEmphasis,3,60.0
RFE (SVM),wavelet-HLL_glrlm_ShortRunLowGrayLevelEmphasis,3,60.0
Boruta,wavelet-HLL_glrlm_ShortRunLowGrayLevelEmphasis,3,60.0
DyGraFS,wavelet-HLL_glrlm_ShortRunLowGrayLevelEmphasis,2,40.0
Anova,wavelet-HLL_glrlm_ShortRunLowGrayLevelEmphasis,1,20.0
Vanilla RF,wavelet-HLL_glszm_GrayLevelNonUniformity,5,100.0
Variance,wavelet-HLL_glszm_GrayLevelNonUniformity,5,100.0
Anova,wavelet-HLL_glszm_GrayLevelNonUniformity,4,80.0
L1 Logistic Regression,wavelet-HLL_glszm_GrayLevelNonUniformity,4,80.0
RFE (SVM),wavelet-HLL_glszm_GrayLevelNonUniformity,3,60.0
Mutual Information,wavelet-HLL_glszm_GrayLevelNonUniformity,2,40.0
Vanilla RF,wavelet-HLL_glszm_GrayLevelNonUniformityNormalized,5,100.0
Variance,wavelet-HLL_glszm_GrayLevelNonUniformityNormalized,4,80.0
L1 Logistic Regression,wavelet-HLL_glszm_GrayLevelNonUniformityNormalized,4,80.0
DyGraFS,wavelet-HLL_glszm_GrayLevelNonUniformityNormalized,3,60.0
RFE (SVM),wavelet-HLL_glszm_GrayLevelNonUniformityNormalized,2,40.0
Anova,wavelet-HLL_glszm_GrayLevelNonUniformityNormalized,1,20.0
GFSIR,wavelet-HLL_glszm_GrayLevelNonUniformityNormalized,1,20.0
Vanilla RF,wavelet-HLL_glszm_GrayLevelVariance,5,100.0
Variance,wavelet-HLL_glszm_GrayLevelVariance,4,80.0
L1 Logistic Regression,wavelet-HLL_glszm_GrayLevelVariance,4,80.0
RFE (SVM),wavelet-HLL_glszm_GrayLevelVariance,3,60.0
DyGraFS,wavelet-HLL_glszm_GrayLevelVariance,1,20.0
Anova,wavelet-HLL_glszm_GrayLevelVariance,1,20.0
Mutual Information,wavelet-HLL_glszm_GrayLevelVariance,1,20.0
Vanilla RF,wavelet-HLL_glszm_HighGrayLevelZoneEmphasis,5,100.0
Variance,wavelet-HLL_glszm_HighGrayLevelZoneEmphasis,5,100.0
L1 Logistic Regression,wavelet-HLL_glszm_HighGrayLevelZoneEmphasis,4,80.0
DyGraFS,wavelet-HLL_glszm_HighGrayLevelZoneEmphasis,3,60.0
RFE (SVM),wavelet-HLL_glszm_HighGrayLevelZoneEmphasis,2,40.0
Anova,wavelet-HLL_glszm_HighGrayLevelZoneEmphasis,1,20.0
Vanilla RF,wavelet-HLL_glszm_LargeAreaEmphasis,5,100.0
Variance,wavelet-HLL_glszm_LargeAreaEmphasis,5,100.0
Mutual Information,wavelet-HLL_glszm_LargeAreaEmphasis,5,100.0
L1 Logistic Regression,wavelet-HLL_glszm_LargeAreaEmphasis,4,80.0
Anova,wavelet-HLL_glszm_LargeAreaEmphasis,3,60.0
RFE (SVM),wavelet-HLL_glszm_LargeAreaEmphasis,2,40.0
Vanilla RF,wavelet-HLL_glszm_LargeAreaHighGrayLevelEmphasis,5,100.0
Variance,wavelet-HLL_glszm_LargeAreaHighGrayLevelEmphasis,5,100.0
Mutual Information,wavelet-HLL_glszm_LargeAreaHighGrayLevelEmphasis,5,100.0
L1 Logistic Regression,wavelet-HLL_glszm_LargeAreaHighGrayLevelEmphasis,4,80.0
Anova,wavelet-HLL_glszm_LargeAreaHighGrayLevelEmphasis,3,60.0
RFE (SVM),wavelet-HLL_glszm_LargeAreaHighGrayLevelEmphasis,1,20.0
Vanilla RF,wavelet-HLL_glszm_LargeAreaLowGrayLevelEmphasis,5,100.0
Variance,wavelet-HLL_glszm_LargeAreaLowGrayLevelEmphasis,5,100.0
Mutual Information,wavelet-HLL_glszm_LargeAreaLowGrayLevelEmphasis,5,100.0
L1 Logistic Regression,wavelet-HLL_glszm_LargeAreaLowGrayLevelEmphasis,4,80.0
Anova,wavelet-HLL_glszm_LargeAreaLowGrayLevelEmphasis,3,60.0
RFE (SVM),wavelet-HLL_glszm_LargeAreaLowGrayLevelEmphasis,1,20.0
Vanilla RF,wavelet-HLL_glszm_LowGrayLevelZoneEmphasis,5,100.0
Variance,wavelet-HLL_glszm_LowGrayLevelZoneEmphasis,5,100.0
L1 Logistic Regression,wavelet-HLL_glszm_LowGrayLevelZoneEmphasis,4,80.0
DyGraFS,wavelet-HLL_glszm_LowGrayLevelZoneEmphasis,2,40.0
Anova,wavelet-HLL_glszm_LowGrayLevelZoneEmphasis,1,20.0
Mutual Information,wavelet-HLL_glszm_LowGrayLevelZoneEmphasis,1,20.0
RFE (SVM),wavelet-HLL_glszm_LowGrayLevelZoneEmphasis,1,20.0
GFSIR,wavelet-HLL_glszm_LowGrayLevelZoneEmphasis,1,20.0
Vanilla RF,wavelet-HLL_glszm_SizeZoneNonUniformity,5,100.0
Variance,wavelet-HLL_glszm_SizeZoneNonUniformity,5,100.0
L1 Logistic Regression,wavelet-HLL_glszm_SizeZoneNonUniformity,5,100.0
Anova,wavelet-HLL_glszm_SizeZoneNonUniformity,4,80.0
Mutual Information,wavelet-HLL_glszm_SizeZoneNonUniformity,4,80.0
RFE (SVM),wavelet-HLL_glszm_SizeZoneNonUniformity,2,40.0
Vanilla RF,wavelet-HLL_glszm_SizeZoneNonUniformityNormalized,5,100.0
Variance,wavelet-HLL_glszm_SizeZoneNonUniformityNormalized,4,80.0
L1 Logistic Regression,wavelet-HLL_glszm_SizeZoneNonUniformityNormalized,4,80.0
DyGraFS,wavelet-HLL_glszm_SizeZoneNonUniformityNormalized,3,60.0
RFE (SVM),wavelet-HLL_glszm_SizeZoneNonUniformityNormalized,3,60.0
Mutual Information,wavelet-HLL_glszm_SizeZoneNonUniformityNormalized,2,40.0
Anova,wavelet-HLL_glszm_SizeZoneNonUniformityNormalized,1,20.0
Vanilla RF,wavelet-HLL_glszm_SmallAreaEmphasis,5,100.0
Variance,wavelet-HLL_glszm_SmallAreaEmphasis,5,100.0
L1 Logistic Regression,wavelet-HLL_glszm_SmallAreaEmphasis,4,80.0
RFE (SVM),wavelet-HLL_glszm_SmallAreaEmphasis,3,60.0
DyGraFS,wavelet-HLL_glszm_SmallAreaEmphasis,2,40.0
Anova,wavelet-HLL_glszm_SmallAreaEmphasis,1,20.0
Mutual Information,wavelet-HLL_glszm_SmallAreaEmphasis,1,20.0
GFSIR,wavelet-HLL_glszm_SmallAreaEmphasis,1,20.0
Vanilla RF,wavelet-HLL_glszm_SmallAreaHighGrayLevelEmphasis,5,100.0
Variance,wavelet-HLL_glszm_SmallAreaHighGrayLevelEmphasis,5,100.0
L1 Logistic Regression,wavelet-HLL_glszm_SmallAreaHighGrayLevelEmphasis,4,80.0
DyGraFS,wavelet-HLL_glszm_SmallAreaHighGrayLevelEmphasis,3,60.0
RFE (SVM),wavelet-HLL_glszm_SmallAreaHighGrayLevelEmphasis,3,60.0
Mutual Information,wavelet-HLL_glszm_SmallAreaHighGrayLevelEmphasis,2,40.0
Anova,wavelet-HLL_glszm_SmallAreaHighGrayLevelEmphasis,1,20.0
Vanilla RF,wavelet-HLL_glszm_SmallAreaLowGrayLevelEmphasis,5,100.0
Variance,wavelet-HLL_glszm_SmallAreaLowGrayLevelEmphasis,5,100.0
L1 Logistic Regression,wavelet-HLL_glszm_SmallAreaLowGrayLevelEmphasis,4,80.0
Anova,wavelet-HLL_glszm_SmallAreaLowGrayLevelEmphasis,3,60.0
DyGraFS,wavelet-HLL_glszm_SmallAreaLowGrayLevelEmphasis,2,40.0
Mutual Information,wavelet-HLL_glszm_SmallAreaLowGrayLevelEmphasis,2,40.0
RFE (SVM),wavelet-HLL_glszm_SmallAreaLowGrayLevelEmphasis,2,40.0
Vanilla RF,wavelet-HLL_glszm_ZoneEntropy,5,100.0
Variance,wavelet-HLL_glszm_ZoneEntropy,5,100.0
L1 Logistic Regression,wavelet-HLL_glszm_ZoneEntropy,4,80.0
Anova,wavelet-HLL_glszm_ZoneEntropy,3,60.0
DyGraFS,wavelet-HLL_glszm_ZoneEntropy,2,40.0
Mutual Information,wavelet-HLL_glszm_ZoneEntropy,2,40.0
RFE (SVM),wavelet-HLL_glszm_ZoneEntropy,2,40.0
Vanilla RF,wavelet-HLL_glszm_ZonePercentage,5,100.0
Mutual Information,wavelet-HLL_glszm_ZonePercentage,5,100.0
Anova,wavelet-HLL_glszm_ZonePercentage,4,80.0
L1 Logistic Regression,wavelet-HLL_glszm_ZonePercentage,4,80.0
RFE (SVM),wavelet-HLL_glszm_ZonePercentage,2,40.0
Boruta,wavelet-HLL_glszm_ZonePercentage,1,20.0
Vanilla RF,wavelet-HLL_glszm_ZoneVariance,5,100.0
Variance,wavelet-HLL_glszm_ZoneVariance,5,100.0
Mutual Information,wavelet-HLL_glszm_ZoneVariance,5,100.0
L1 Logistic Regression,wavelet-HLL_glszm_ZoneVariance,4,80.0
Anova,wavelet-HLL_glszm_ZoneVariance,3,60.0
RFE (SVM),wavelet-HLL_glszm_ZoneVariance,1,20.0
Boruta,wavelet-HLL_glszm_ZoneVariance,1,20.0
Vanilla RF,wavelet-HLL_ngtdm_Busyness,5,100.0
Variance,wavelet-HLL_ngtdm_Busyness,5,100.0
L1 Logistic Regression,wavelet-HLL_ngtdm_Busyness,4,80.0
DyGraFS,wavelet-HLL_ngtdm_Busyness,2,40.0
Anova,wavelet-HLL_ngtdm_Busyness,2,40.0
Mutual Information,wavelet-HLL_ngtdm_Busyness,2,40.0
RFE (SVM),wavelet-HLL_ngtdm_Busyness,2,40.0
Vanilla RF,wavelet-HLL_ngtdm_Coarseness,5,100.0
Mutual Information,wavelet-HLL_ngtdm_Coarseness,5,100.0
L1 Logistic Regression,wavelet-HLL_ngtdm_Coarseness,4,80.0
Anova,wavelet-HLL_ngtdm_Coarseness,3,60.0
Boruta,wavelet-HLL_ngtdm_Coarseness,2,40.0
Variance,wavelet-HLL_ngtdm_Coarseness,1,20.0
RFE (SVM),wavelet-HLL_ngtdm_Coarseness,1,20.0
Vanilla RF,wavelet-HLL_ngtdm_Complexity,5,100.0
Anova,wavelet-HLL_ngtdm_Complexity,5,100.0
Mutual Information,wavelet-HLL_ngtdm_Complexity,5,100.0
Variance,wavelet-HLL_ngtdm_Complexity,4,80.0
L1 Logistic Regression,wavelet-HLL_ngtdm_Complexity,4,80.0
Boruta,wavelet-HLL_ngtdm_Complexity,2,40.0
DyGraFS,wavelet-HLL_ngtdm_Complexity,1,20.0
RFE (SVM),wavelet-HLL_ngtdm_Complexity,1,20.0
Vanilla RF,wavelet-HLL_ngtdm_Contrast,5,100.0
Anova,wavelet-HLL_ngtdm_Contrast,5,100.0
Mutual Information,wavelet-HLL_ngtdm_Contrast,5,100.0
L1 Logistic Regression,wavelet-HLL_ngtdm_Contrast,4,80.0
Variance,wavelet-HLL_ngtdm_Contrast,3,60.0
Boruta,wavelet-HLL_ngtdm_Contrast,2,40.0
RFE (SVM),wavelet-HLL_ngtdm_Contrast,1,20.0
Vanilla RF,wavelet-HLL_ngtdm_Strength,5,100.0
Mutual Information,wavelet-HLL_ngtdm_Strength,5,100.0
L1 Logistic Regression,wavelet-HLL_ngtdm_Strength,4,80.0
Anova,wavelet-HLL_ngtdm_Strength,3,60.0
Boruta,wavelet-HLL_ngtdm_Strength,3,60.0
Variance,wavelet-HLL_ngtdm_Strength,1,20.0
RFE (SVM),wavelet-HLL_ngtdm_Strength,1,20.0
Vanilla RF,wavelet-LHH_firstorder_10Percentile,5,100.0
Variance,wavelet-LHH_firstorder_10Percentile,3,60.0
L1 Logistic Regression,wavelet-LHH_firstorder_10Percentile,3,60.0
Mutual Information,wavelet-LHH_firstorder_10Percentile,2,40.0
Anova,wavelet-LHH_firstorder_10Percentile,1,20.0
Vanilla RF,wavelet-LHH_firstorder_90Percentile,5,100.0
Variance,wavelet-LHH_firstorder_90Percentile,3,60.0
L1 Logistic Regression,wavelet-LHH_firstorder_90Percentile,3,60.0
Mutual Information,wavelet-LHH_firstorder_90Percentile,2,40.0
Anova,wavelet-LHH_firstorder_90Percentile,1,20.0
RFE (SVM),wavelet-LHH_firstorder_90Percentile,1,20.0
Vanilla RF,wavelet-LHH_firstorder_Energy,5,100.0
Variance,wavelet-LHH_firstorder_Energy,5,100.0
Mutual Information,wavelet-LHH_firstorder_Energy,4,80.0
L1 Logistic Regression,wavelet-LHH_firstorder_Energy,4,80.0
Anova,wavelet-LHH_firstorder_Energy,3,60.0
RFE (SVM),wavelet-LHH_firstorder_Energy,2,40.0
Vanilla RF,wavelet-LHH_firstorder_Entropy,5,100.0
L1 Logistic Regression,wavelet-LHH_firstorder_Entropy,4,80.0
Anova,wavelet-LHH_firstorder_Entropy,3,60.0
Mutual Information,wavelet-LHH_firstorder_Entropy,2,40.0
RFE (SVM),wavelet-LHH_firstorder_Entropy,1,20.0
Vanilla RF,wavelet-LHH_firstorder_InterquartileRange,5,100.0
L1 Logistic Regression,wavelet-LHH_firstorder_InterquartileRange,4,80.0
Variance,wavelet-LHH_firstorder_InterquartileRange,3,60.0
Anova,wavelet-LHH_firstorder_InterquartileRange,1,20.0
Vanilla RF,wavelet-LHH_firstorder_Kurtosis,5,100.0
Variance,wavelet-LHH_firstorder_Kurtosis,5,100.0
L1 Logistic Regression,wavelet-LHH_firstorder_Kurtosis,4,80.0
RFE (SVM),wavelet-LHH_firstorder_Kurtosis,4,80.0
Mutual Information,wavelet-LHH_firstorder_Kurtosis,2,40.0
DyGraFS,wavelet-LHH_firstorder_Kurtosis,1,20.0
Anova,wavelet-LHH_firstorder_Kurtosis,1,20.0
Vanilla RF,wavelet-LHH_firstorder_Maximum,5,100.0
Variance,wavelet-LHH_firstorder_Maximum,5,100.0
L1 Logistic Regression,wavelet-LHH_firstorder_Maximum,4,80.0
RFE (SVM),wavelet-LHH_firstorder_Maximum,2,40.0
DyGraFS,wavelet-LHH_firstorder_Maximum,1,20.0
Anova,wavelet-LHH_firstorder_Maximum,1,20.0
Mutual Information,wavelet-LHH_firstorder_Maximum,1,20.0
Vanilla RF,wavelet-LHH_firstorder_Mean,5,100.0
L1 Logistic Regression,wavelet-LHH_firstorder_Mean,4,80.0
Anova,wavelet-LHH_firstorder_Mean,3,60.0
Mutual Information,wavelet-LHH_firstorder_Mean,2,40.0
RFE (SVM),wavelet-LHH_firstorder_Mean,2,40.0
Vanilla RF,wavelet-LHH_firstorder_MeanAbsoluteDeviation,5,100.0
L1 Logistic Regression,wavelet-LHH_firstorder_MeanAbsoluteDeviation,4,80.0
Variance,wavelet-LHH_firstorder_MeanAbsoluteDeviation,3,60.0
Mutual Information,wavelet-LHH_firstorder_MeanAbsoluteDeviation,2,40.0
Anova,wavelet-LHH_firstorder_MeanAbsoluteDeviation,1,20.0
Vanilla RF,wavelet-LHH_firstorder_Median,5,100.0
L1 Logistic Regression,wavelet-LHH_firstorder_Median,3,60.0
RFE (SVM),wavelet-LHH_firstorder_Median,3,60.0
Mutual Information,wavelet-LHH_firstorder_Median,2,40.0
GFSIR,wavelet-LHH_firstorder_Median,2,40.0
Anova,wavelet-LHH_firstorder_Median,1,20.0
Vanilla RF,wavelet-LHH_firstorder_Minimum,5,100.0
Variance,wavelet-LHH_firstorder_Minimum,5,100.0
L1 Logistic Regression,wavelet-LHH_firstorder_Minimum,4,80.0
Mutual Information,wavelet-LHH_firstorder_Minimum,2,40.0
RFE (SVM),wavelet-LHH_firstorder_Minimum,2,40.0
DyGraFS,wavelet-LHH_firstorder_Minimum,1,20.0
Anova,wavelet-LHH_firstorder_Minimum,1,20.0
Vanilla RF,wavelet-LHH_firstorder_Range,5,100.0
Variance,wavelet-LHH_firstorder_Range,5,100.0
L1 Logistic Regression,wavelet-LHH_firstorder_Range,4,80.0
DyGraFS,wavelet-LHH_firstorder_Range,3,60.0
Mutual Information,wavelet-LHH_firstorder_Range,2,40.0
RFE (SVM),wavelet-LHH_firstorder_Range,2,40.0
Anova,wavelet-LHH_firstorder_Range,1,20.0
Vanilla RF,wavelet-LHH_firstorder_RobustMeanAbsoluteDeviation,5,100.0
L1 Logistic Regression,wavelet-LHH_firstorder_RobustMeanAbsoluteDeviation,4,80.0
Variance,wavelet-LHH_firstorder_RobustMeanAbsoluteDeviation,1,20.0
Anova,wavelet-LHH_firstorder_RobustMeanAbsoluteDeviation,1,20.0
Mutual Information,wavelet-LHH_firstorder_RobustMeanAbsoluteDeviation,1,20.0
GFSIR,wavelet-LHH_firstorder_RobustMeanAbsoluteDeviation,1,20.0
Vanilla RF,wavelet-LHH_firstorder_RootMeanSquared,5,100.0
L1 Logistic Regression,wavelet-LHH_firstorder_RootMeanSquared,4,80.0
Variance,wavelet-LHH_firstorder_RootMeanSquared,3,60.0
Mutual Information,wavelet-LHH_firstorder_RootMeanSquared,2,40.0
Anova,wavelet-LHH_firstorder_RootMeanSquared,1,20.0
RFE (SVM),wavelet-LHH_firstorder_RootMeanSquared,1,20.0
Vanilla RF,wavelet-LHH_firstorder_Skewness,5,100.0
Variance,wavelet-LHH_firstorder_Skewness,5,100.0
L1 Logistic Regression,wavelet-LHH_firstorder_Skewness,4,80.0
RFE (SVM),wavelet-LHH_firstorder_Skewness,3,60.0
DyGraFS,wavelet-LHH_firstorder_Skewness,2,40.0
Anova,wavelet-LHH_firstorder_Skewness,1,20.0
Mutual Information,wavelet-LHH_firstorder_Skewness,1,20.0
Vanilla RF,wavelet-LHH_firstorder_TotalEnergy,5,100.0
Variance,wavelet-LHH_firstorder_TotalEnergy,5,100.0
Mutual Information,wavelet-LHH_firstorder_TotalEnergy,4,80.0
L1 Logistic Regression,wavelet-LHH_firstorder_TotalEnergy,4,80.0
Anova,wavelet-LHH_firstorder_TotalEnergy,3,60.0
RFE (SVM),wavelet-LHH_firstorder_TotalEnergy,1,20.0
Vanilla RF,wavelet-LHH_firstorder_Uniformity,5,100.0
L1 Logistic Regression,wavelet-LHH_firstorder_Uniformity,4,80.0
Anova,wavelet-LHH_firstorder_Uniformity,3,60.0
Mutual Information,wavelet-LHH_firstorder_Uniformity,2,40.0
RFE (SVM),wavelet-LHH_firstorder_Uniformity,1,20.0
Boruta,wavelet-LHH_firstorder_Uniformity,1,20.0
Vanilla RF,wavelet-LHH_firstorder_Variance,5,100.0
L1 Logistic Regression,wavelet-LHH_firstorder_Variance,4,80.0
Mutual Information,wavelet-LHH_firstorder_Variance,2,40.0
RFE (SVM),wavelet-LHH_firstorder_Variance,2,40.0
Anova,wavelet-LHH_firstorder_Variance,1,20.0
Vanilla RF,wavelet-LHH_glcm_Autocorrelation,5,100.0
L1 Logistic Regression,wavelet-LHH_glcm_Autocorrelation,4,80.0
Variance,wavelet-LHH_glcm_Autocorrelation,3,60.0
Mutual Information,wavelet-LHH_glcm_Autocorrelation,2,40.0
RFE (SVM),wavelet-LHH_glcm_Autocorrelation,2,40.0
Anova,wavelet-LHH_glcm_Autocorrelation,1,20.0
Vanilla RF,wavelet-LHH_glcm_ClusterProminence,5,100.0
L1 Logistic Regression,wavelet-LHH_glcm_ClusterProminence,4,80.0
Variance,wavelet-LHH_glcm_ClusterProminence,3,60.0
Anova,wavelet-LHH_glcm_ClusterProminence,3,60.0
Mutual Information,wavelet-LHH_glcm_ClusterProminence,2,40.0
RFE (SVM),wavelet-LHH_glcm_ClusterProminence,1,20.0
Vanilla RF,wavelet-LHH_glcm_ClusterShade,5,100.0
L1 Logistic Regression,wavelet-LHH_glcm_ClusterShade,4,80.0
Mutual Information,wavelet-LHH_glcm_ClusterShade,2,40.0
RFE (SVM),wavelet-LHH_glcm_ClusterShade,2,40.0
Variance,wavelet-LHH_glcm_ClusterShade,1,20.0
Anova,wavelet-LHH_glcm_ClusterShade,1,20.0
Vanilla RF,wavelet-LHH_glcm_ClusterTendency,5,100.0
L1 Logistic Regression,wavelet-LHH_glcm_ClusterTendency,4,80.0
Variance,wavelet-LHH_glcm_ClusterTendency,3,60.0
Anova,wavelet-LHH_glcm_ClusterTendency,3,60.0
Mutual Information,wavelet-LHH_glcm_ClusterTendency,2,40.0
RFE (SVM),wavelet-LHH_glcm_ClusterTendency,1,20.0
Vanilla RF,wavelet-LHH_glcm_Contrast,5,100.0
L1 Logistic Regression,wavelet-LHH_glcm_Contrast,4,80.0
Variance,wavelet-LHH_glcm_Contrast,3,60.0
Anova,wavelet-LHH_glcm_Contrast,3,60.0
Mutual Information,wavelet-LHH_glcm_Contrast,2,40.0
RFE (SVM),wavelet-LHH_glcm_Contrast,1,20.0
Vanilla RF,wavelet-LHH_glcm_Correlation,5,100.0
Variance,wavelet-LHH_glcm_Correlation,4,80.0
L1 Logistic Regression,wavelet-LHH_glcm_Correlation,4,80.0
DyGraFS,wavelet-LHH_glcm_Correlation,3,60.0
Anova,wavelet-LHH_glcm_Correlation,3,60.0
Mutual Information,wavelet-LHH_glcm_Correlation,2,40.0
RFE (SVM),wavelet-LHH_glcm_Correlation,1,20.0
Vanilla RF,wavelet-LHH_glcm_DifferenceAverage,5,100.0
L1 Logistic Regression,wavelet-LHH_glcm_DifferenceAverage,4,80.0
Variance,wavelet-LHH_glcm_DifferenceAverage,3,60.0
Anova,wavelet-LHH_glcm_DifferenceAverage,3,60.0
Mutual Information,wavelet-LHH_glcm_DifferenceAverage,2,40.0
RFE (SVM),wavelet-LHH_glcm_DifferenceAverage,1,20.0
Vanilla RF,wavelet-LHH_glcm_DifferenceEntropy,5,100.0
L1 Logistic Regression,wavelet-LHH_glcm_DifferenceEntropy,4,80.0
RFE (SVM),wavelet-LHH_glcm_DifferenceEntropy,3,60.0
Mutual Information,wavelet-LHH_glcm_DifferenceEntropy,2,40.0
Variance,wavelet-LHH_glcm_DifferenceEntropy,1,20.0
Anova,wavelet-LHH_glcm_DifferenceEntropy,1,20.0
Vanilla RF,wavelet-LHH_glcm_DifferenceVariance,5,100.0
L1 Logistic Regression,wavelet-LHH_glcm_DifferenceVariance,4,80.0
Anova,wavelet-LHH_glcm_DifferenceVariance,1,20.0
Mutual Information,wavelet-LHH_glcm_DifferenceVariance,1,20.0
RFE (SVM),wavelet-LHH_glcm_DifferenceVariance,1,20.0
Vanilla RF,wavelet-LHH_glcm_Id,5,100.0
L1 Logistic Regression,wavelet-LHH_glcm_Id,4,80.0
Anova,wavelet-LHH_glcm_Id,3,60.0
Mutual Information,wavelet-LHH_glcm_Id,2,40.0
Variance,wavelet-LHH_glcm_Id,1,20.0
RFE (SVM),wavelet-LHH_glcm_Id,1,20.0
Vanilla RF,wavelet-LHH_glcm_Idm,5,100.0
L1 Logistic Regression,wavelet-LHH_glcm_Idm,4,80.0
Anova,wavelet-LHH_glcm_Idm,3,60.0
Mutual Information,wavelet-LHH_glcm_Idm,2,40.0
Variance,wavelet-LHH_glcm_Idm,1,20.0
RFE (SVM),wavelet-LHH_glcm_Idm,1,20.0
Vanilla RF,wavelet-LHH_glcm_Idmn,5,100.0
L1 Logistic Regression,wavelet-LHH_glcm_Idmn,4,80.0
Anova,wavelet-LHH_glcm_Idmn,3,60.0
Mutual Information,wavelet-LHH_glcm_Idmn,2,40.0
Variance,wavelet-LHH_glcm_Idmn,1,20.0
Vanilla RF,wavelet-LHH_glcm_Idn,5,100.0
L1 Logistic Regression,wavelet-LHH_glcm_Idn,4,80.0
Anova,wavelet-LHH_glcm_Idn,3,60.0
Mutual Information,wavelet-LHH_glcm_Idn,2,40.0
Variance,wavelet-LHH_glcm_Idn,1,20.0
RFE (SVM),wavelet-LHH_glcm_Idn,1,20.0
Vanilla RF,wavelet-LHH_glcm_Imc1,5,100.0
L1 Logistic Regression,wavelet-LHH_glcm_Imc1,4,80.0
Mutual Information,wavelet-LHH_glcm_Imc1,2,40.0
RFE (SVM),wavelet-LHH_glcm_Imc1,2,40.0
Variance,wavelet-LHH_glcm_Imc1,1,20.0
Anova,wavelet-LHH_glcm_Imc1,1,20.0
Vanilla RF,wavelet-LHH_glcm_Imc2,5,100.0
DyGraFS,wavelet-LHH_glcm_Imc2,4,80.0
Variance,wavelet-LHH_glcm_Imc2,4,80.0
L1 Logistic Regression,wavelet-LHH_glcm_Imc2,4,80.0
Anova,wavelet-LHH_glcm_Imc2,1,20.0
RFE (SVM),wavelet-LHH_glcm_Imc2,1,20.0
Vanilla RF,wavelet-LHH_glcm_InverseVariance,5,100.0
L1 Logistic Regression,wavelet-LHH_glcm_InverseVariance,4,80.0
Variance,wavelet-LHH_glcm_InverseVariance,3,60.0
Anova,wavelet-LHH_glcm_InverseVariance,3,60.0
Mutual Information,wavelet-LHH_glcm_InverseVariance,2,40.0
RFE (SVM),wavelet-LHH_glcm_InverseVariance,1,20.0
Vanilla RF,wavelet-LHH_glcm_JointAverage,5,100.0
L1 Logistic Regression,wavelet-LHH_glcm_JointAverage,4,80.0
Mutual Information,wavelet-LHH_glcm_JointAverage,2,40.0
RFE (SVM),wavelet-LHH_glcm_JointAverage,2,40.0
Variance,wavelet-LHH_glcm_JointAverage,1,20.0
Anova,wavelet-LHH_glcm_JointAverage,1,20.0
Vanilla RF,wavelet-LHH_glcm_JointEnergy,5,100.0
L1 Logistic Regression,wavelet-LHH_glcm_JointEnergy,3,60.0
RFE (SVM),wavelet-LHH_glcm_JointEnergy,2,40.0
Anova,wavelet-LHH_glcm_JointEnergy,1,20.0
Mutual Information,wavelet-LHH_glcm_JointEnergy,1,20.0
Vanilla RF,wavelet-LHH_glcm_JointEntropy,5,100.0
L1 Logistic Regression,wavelet-LHH_glcm_JointEntropy,3,60.0
Mutual Information,wavelet-LHH_glcm_JointEntropy,2,40.0
RFE (SVM),wavelet-LHH_glcm_JointEntropy,2,40.0
Variance,wavelet-LHH_glcm_JointEntropy,1,20.0
Anova,wavelet-LHH_glcm_JointEntropy,1,20.0
Vanilla RF,wavelet-LHH_glcm_MCC,5,100.0
Variance,wavelet-LHH_glcm_MCC,4,80.0
L1 Logistic Regression,wavelet-LHH_glcm_MCC,4,80.0
Anova,wavelet-LHH_glcm_MCC,1,20.0
Mutual Information,wavelet-LHH_glcm_MCC,1,20.0
RFE (SVM),wavelet-LHH_glcm_MCC,1,20.0
Vanilla RF,wavelet-LHH_glcm_MaximumProbability,5,100.0
L1 Logistic Regression,wavelet-LHH_glcm_MaximumProbability,5,100.0
Anova,wavelet-LHH_glcm_MaximumProbability,2,40.0
Mutual Information,wavelet-LHH_glcm_MaximumProbability,2,40.0
RFE (SVM),wavelet-LHH_glcm_MaximumProbability,2,40.0
Variance,wavelet-LHH_glcm_MaximumProbability,1,20.0
Vanilla RF,wavelet-LHH_glcm_SumAverage,5,100.0
L1 Logistic Regression,wavelet-LHH_glcm_SumAverage,4,80.0
Variance,wavelet-LHH_glcm_SumAverage,3,60.0
RFE (SVM),wavelet-LHH_glcm_SumAverage,3,60.0
Mutual Information,wavelet-LHH_glcm_SumAverage,2,40.0
Anova,wavelet-LHH_glcm_SumAverage,1,20.0
Vanilla RF,wavelet-LHH_glcm_SumEntropy,5,100.0
L1 Logistic Regression,wavelet-LHH_glcm_SumEntropy,4,80.0
Variance,wavelet-LHH_glcm_SumEntropy,3,60.0
Anova,wavelet-LHH_glcm_SumEntropy,3,60.0
RFE (SVM),wavelet-LHH_glcm_SumEntropy,2,40.0
Mutual Information,wavelet-LHH_glcm_SumEntropy,1,20.0
Vanilla RF,wavelet-LHH_glcm_SumSquares,5,100.0
L1 Logistic Regression,wavelet-LHH_glcm_SumSquares,4,80.0
Anova,wavelet-LHH_glcm_SumSquares,3,60.0
Mutual Information,wavelet-LHH_glcm_SumSquares,2,40.0
RFE (SVM),wavelet-LHH_glcm_SumSquares,2,40.0
GFSIR,wavelet-LHH_glcm_SumSquares,1,20.0
Vanilla RF,wavelet-LHH_gldm_DependenceEntropy,5,100.0
Variance,wavelet-LHH_gldm_DependenceEntropy,5,100.0
L1 Logistic Regression,wavelet-LHH_gldm_DependenceEntropy,4,80.0
DyGraFS,wavelet-LHH_gldm_DependenceEntropy,3,60.0
Anova,wavelet-LHH_gldm_DependenceEntropy,3,60.0
Mutual Information,wavelet-LHH_gldm_DependenceEntropy,2,40.0
Vanilla RF,wavelet-LHH_gldm_DependenceNonUniformity,5,100.0
Variance,wavelet-LHH_gldm_DependenceNonUniformity,5,100.0
Mutual Information,wavelet-LHH_gldm_DependenceNonUniformity,5,100.0
L1 Logistic Regression,wavelet-LHH_gldm_DependenceNonUniformity,4,80.0
Anova,wavelet-LHH_gldm_DependenceNonUniformity,3,60.0
DyGraFS,wavelet-LHH_gldm_DependenceNonUniformity,1,20.0
Vanilla RF,wavelet-LHH_gldm_DependenceNonUniformityNormalized,5,100.0
Anova,wavelet-LHH_gldm_DependenceNonUniformityNormalized,4,80.0
L1 Logistic Regression,wavelet-LHH_gldm_DependenceNonUniformityNormalized,4,80.0
Variance,wavelet-LHH_gldm_DependenceNonUniformityNormalized,3,60.0
Mutual Information,wavelet-LHH_gldm_DependenceNonUniformityNormalized,2,40.0
RFE (SVM),wavelet-LHH_gldm_DependenceNonUniformityNormalized,1,20.0
Vanilla RF,wavelet-LHH_gldm_DependenceVariance,5,100.0
Variance,wavelet-LHH_gldm_DependenceVariance,5,100.0
Anova,wavelet-LHH_gldm_DependenceVariance,3,60.0
L1 Logistic Regression,wavelet-LHH_gldm_DependenceVariance,3,60.0
Mutual Information,wavelet-LHH_gldm_DependenceVariance,2,40.0
RFE (SVM),wavelet-LHH_gldm_DependenceVariance,1,20.0
Vanilla RF,wavelet-LHH_gldm_GrayLevelNonUniformity,5,100.0
Variance,wavelet-LHH_gldm_GrayLevelNonUniformity,5,100.0
Mutual Information,wavelet-LHH_gldm_GrayLevelNonUniformity,5,100.0
Anova,wavelet-LHH_gldm_GrayLevelNonUniformity,4,80.0
L1 Logistic Regression,wavelet-LHH_gldm_GrayLevelNonUniformity,4,80.0
Vanilla RF,wavelet-LHH_gldm_GrayLevelVariance,5,100.0
L1 Logistic Regression,wavelet-LHH_gldm_GrayLevelVariance,4,80.0
Anova,wavelet-LHH_gldm_GrayLevelVariance,3,60.0
Mutual Information,wavelet-LHH_gldm_GrayLevelVariance,2,40.0
RFE (SVM),wavelet-LHH_gldm_GrayLevelVariance,1,20.0
Vanilla RF,wavelet-LHH_gldm_HighGrayLevelEmphasis,5,100.0
L1 Logistic Regression,wavelet-LHH_gldm_HighGrayLevelEmphasis,4,80.0
Variance,wavelet-LHH_gldm_HighGrayLevelEmphasis,3,60.0
Mutual Information,wavelet-LHH_gldm_HighGrayLevelEmphasis,2,40.0
RFE (SVM),wavelet-LHH_gldm_HighGrayLevelEmphasis,2,40.0
Anova,wavelet-LHH_gldm_HighGrayLevelEmphasis,1,20.0
Vanilla RF,wavelet-LHH_gldm_LargeDependenceEmphasis,5,100.0
Variance,wavelet-LHH_gldm_LargeDependenceEmphasis,5,100.0
Anova,wavelet-LHH_gldm_LargeDependenceEmphasis,3,60.0
Mutual Information,wavelet-LHH_gldm_LargeDependenceEmphasis,2,40.0
L1 Logistic Regression,wavelet-LHH_gldm_LargeDependenceEmphasis,2,40.0
Vanilla RF,wavelet-LHH_gldm_LargeDependenceHighGrayLevelEmphasis,5,100.0
Variance,wavelet-LHH_gldm_LargeDependenceHighGrayLevelEmphasis,5,100.0
Anova,wavelet-LHH_gldm_LargeDependenceHighGrayLevelEmphasis,3,60.0
Mutual Information,wavelet-LHH_gldm_LargeDependenceHighGrayLevelEmphasis,2,40.0
L1 Logistic Regression,wavelet-LHH_gldm_LargeDependenceHighGrayLevelEmphasis,2,40.0
Vanilla RF,wavelet-LHH_gldm_LargeDependenceLowGrayLevelEmphasis,5,100.0
Variance,wavelet-LHH_gldm_LargeDependenceLowGrayLevelEmphasis,5,100.0
L1 Logistic Regression,wavelet-LHH_gldm_LargeDependenceLowGrayLevelEmphasis,4,80.0
Anova,wavelet-LHH_gldm_LargeDependenceLowGrayLevelEmphasis,3,60.0
Mutual Information,wavelet-LHH_gldm_LargeDependenceLowGrayLevelEmphasis,2,40.0
DyGraFS,wavelet-LHH_gldm_LargeDependenceLowGrayLevelEmphasis,1,20.0
RFE (SVM),wavelet-LHH_gldm_LargeDependenceLowGrayLevelEmphasis,1,20.0
Vanilla RF,wavelet-LHH_gldm_LowGrayLevelEmphasis,5,100.0
L1 Logistic Regression,wavelet-LHH_gldm_LowGrayLevelEmphasis,4,80.0
RFE (SVM),wavelet-LHH_gldm_LowGrayLevelEmphasis,4,80.0
Mutual Information,wavelet-LHH_gldm_LowGrayLevelEmphasis,2,40.0
Variance,wavelet-LHH_gldm_LowGrayLevelEmphasis,1,20.0
Anova,wavelet-LHH_gldm_LowGrayLevelEmphasis,1,20.0
Vanilla RF,wavelet-LHH_gldm_SmallDependenceEmphasis,5,100.0
L1 Logistic Regression,wavelet-LHH_gldm_SmallDependenceEmphasis,4,80.0
Anova,wavelet-LHH_gldm_SmallDependenceEmphasis,3,60.0
Mutual Information,wavelet-LHH_gldm_SmallDependenceEmphasis,2,40.0
Variance,wavelet-LHH_gldm_SmallDependenceEmphasis,1,20.0
Vanilla RF,wavelet-LHH_gldm_SmallDependenceHighGrayLevelEmphasis,5,100.0
L1 Logistic Regression,wavelet-LHH_gldm_SmallDependenceHighGrayLevelEmphasis,4,80.0
Variance,wavelet-LHH_gldm_SmallDependenceHighGrayLevelEmphasis,3,60.0
Anova,wavelet-LHH_gldm_SmallDependenceHighGrayLevelEmphasis,3,60.0
Mutual Information,wavelet-LHH_gldm_SmallDependenceHighGrayLevelEmphasis,2,40.0
RFE (SVM),wavelet-LHH_gldm_SmallDependenceHighGrayLevelEmphasis,1,20.0
Vanilla RF,wavelet-LHH_gldm_SmallDependenceLowGrayLevelEmphasis,5,100.0
L1 Logistic Regression,wavelet-LHH_gldm_SmallDependenceLowGrayLevelEmphasis,4,80.0
Anova,wavelet-LHH_gldm_SmallDependenceLowGrayLevelEmphasis,3,60.0
Mutual Information,wavelet-LHH_gldm_SmallDependenceLowGrayLevelEmphasis,2,40.0
Vanilla RF,wavelet-LHH_glrlm_GrayLevelNonUniformity,5,100.0
Variance,wavelet-LHH_glrlm_GrayLevelNonUniformity,5,100.0
Mutual Information,wavelet-LHH_glrlm_GrayLevelNonUniformity,5,100.0
Anova,wavelet-LHH_glrlm_GrayLevelNonUniformity,4,80.0
L1 Logistic Regression,wavelet-LHH_glrlm_GrayLevelNonUniformity,4,80.0
Vanilla RF,wavelet-LHH_glrlm_GrayLevelNonUniformityNormalized,5,100.0
Mutual Information,wavelet-LHH_glrlm_GrayLevelNonUniformityNormalized,5,100.0
L1 Logistic Regression,wavelet-LHH_glrlm_GrayLevelNonUniformityNormalized,4,80.0
Anova,wavelet-LHH_glrlm_GrayLevelNonUniformityNormalized,3,60.0
RFE (SVM),wavelet-LHH_glrlm_GrayLevelNonUniformityNormalized,2,40.0
Boruta,wavelet-LHH_glrlm_GrayLevelNonUniformityNormalized,1,20.0
Vanilla RF,wavelet-LHH_glrlm_GrayLevelVariance,5,100.0
Mutual Information,wavelet-LHH_glrlm_GrayLevelVariance,5,100.0
L1 Logistic Regression,wavelet-LHH_glrlm_GrayLevelVariance,4,80.0
Anova,wavelet-LHH_glrlm_GrayLevelVariance,3,60.0
RFE (SVM),wavelet-LHH_glrlm_GrayLevelVariance,1,20.0
Boruta,wavelet-LHH_glrlm_GrayLevelVariance,1,20.0
Vanilla RF,wavelet-LHH_glrlm_HighGrayLevelRunEmphasis,5,100.0
L1 Logistic Regression,wavelet-LHH_glrlm_HighGrayLevelRunEmphasis,4,80.0
Variance,wavelet-LHH_glrlm_HighGrayLevelRunEmphasis,3,60.0
RFE (SVM),wavelet-LHH_glrlm_HighGrayLevelRunEmphasis,3,60.0
Mutual Information,wavelet-LHH_glrlm_HighGrayLevelRunEmphasis,2,40.0
Anova,wavelet-LHH_glrlm_HighGrayLevelRunEmphasis,1,20.0
Vanilla RF,wavelet-LHH_glrlm_LongRunEmphasis,5,100.0
Variance,wavelet-LHH_glrlm_LongRunEmphasis,5,100.0
Anova,wavelet-LHH_glrlm_LongRunEmphasis,4,80.0
L1 Logistic Regression,wavelet-LHH_glrlm_LongRunEmphasis,3,60.0
Mutual Information,wavelet-LHH_glrlm_LongRunEmphasis,2,40.0
Vanilla RF,wavelet-LHH_glrlm_LongRunHighGrayLevelEmphasis,5,100.0
Variance,wavelet-LHH_glrlm_LongRunHighGrayLevelEmphasis,5,100.0
Anova,wavelet-LHH_glrlm_LongRunHighGrayLevelEmphasis,4,80.0
L1 Logistic Regression,wavelet-LHH_glrlm_LongRunHighGrayLevelEmphasis,3,60.0
Mutual Information,wavelet-LHH_glrlm_LongRunHighGrayLevelEmphasis,2,40.0
Vanilla RF,wavelet-LHH_glrlm_LongRunLowGrayLevelEmphasis,5,100.0
Variance,wavelet-LHH_glrlm_LongRunLowGrayLevelEmphasis,5,100.0
Anova,wavelet-LHH_glrlm_LongRunLowGrayLevelEmphasis,4,80.0
L1 Logistic Regression,wavelet-LHH_glrlm_LongRunLowGrayLevelEmphasis,4,80.0
Mutual Information,wavelet-LHH_glrlm_LongRunLowGrayLevelEmphasis,2,40.0
Vanilla RF,wavelet-LHH_glrlm_LowGrayLevelRunEmphasis,5,100.0
L1 Logistic Regression,wavelet-LHH_glrlm_LowGrayLevelRunEmphasis,4,80.0
RFE (SVM),wavelet-LHH_glrlm_LowGrayLevelRunEmphasis,4,80.0
Mutual Information,wavelet-LHH_glrlm_LowGrayLevelRunEmphasis,2,40.0
Variance,wavelet-LHH_glrlm_LowGrayLevelRunEmphasis,1,20.0
Anova,wavelet-LHH_glrlm_LowGrayLevelRunEmphasis,1,20.0
Vanilla RF,wavelet-LHH_glrlm_RunEntropy,5,100.0
Variance,wavelet-LHH_glrlm_RunEntropy,5,100.0
Anova,wavelet-LHH_glrlm_RunEntropy,3,60.0
Mutual Information,wavelet-LHH_glrlm_RunEntropy,2,40.0
L1 Logistic Regression,wavelet-LHH_glrlm_RunEntropy,2,40.0
Vanilla RF,wavelet-LHH_glrlm_RunLengthNonUniformity,5,100.0
Variance,wavelet-LHH_glrlm_RunLengthNonUniformity,5,100.0
Mutual Information,wavelet-LHH_glrlm_RunLengthNonUniformity,5,100.0
Anova,wavelet-LHH_glrlm_RunLengthNonUniformity,4,80.0
L1 Logistic Regression,wavelet-LHH_glrlm_RunLengthNonUniformity,4,80.0
Vanilla RF,wavelet-LHH_glrlm_RunLengthNonUniformityNormalized,5,100.0
Variance,wavelet-LHH_glrlm_RunLengthNonUniformityNormalized,4,80.0
Anova,wavelet-LHH_glrlm_RunLengthNonUniformityNormalized,3,60.0
L1 Logistic Regression,wavelet-LHH_glrlm_RunLengthNonUniformityNormalized,3,60.0
Mutual Information,wavelet-LHH_glrlm_RunLengthNonUniformityNormalized,2,40.0
Vanilla RF,wavelet-LHH_glrlm_RunPercentage,5,100.0
Variance,wavelet-LHH_glrlm_RunPercentage,4,80.0
Anova,wavelet-LHH_glrlm_RunPercentage,3,60.0
Mutual Information,wavelet-LHH_glrlm_RunPercentage,2,40.0
L1 Logistic Regression,wavelet-LHH_glrlm_RunPercentage,2,40.0
Vanilla RF,wavelet-LHH_glrlm_RunVariance,5,100.0
Variance,wavelet-LHH_glrlm_RunVariance,5,100.0
Anova,wavelet-LHH_glrlm_RunVariance,5,100.0
L1 Logistic Regression,wavelet-LHH_glrlm_RunVariance,4,80.0
Mutual Information,wavelet-LHH_glrlm_RunVariance,3,60.0
Vanilla RF,wavelet-LHH_glrlm_ShortRunEmphasis,5,100.0
Variance,wavelet-LHH_glrlm_ShortRunEmphasis,3,60.0
Anova,wavelet-LHH_glrlm_ShortRunEmphasis,3,60.0
Mutual Information,wavelet-LHH_glrlm_ShortRunEmphasis,2,40.0
L1 Logistic Regression,wavelet-LHH_glrlm_ShortRunEmphasis,1,20.0
Vanilla RF,wavelet-LHH_glrlm_ShortRunHighGrayLevelEmphasis,5,100.0
Variance,wavelet-LHH_glrlm_ShortRunHighGrayLevelEmphasis,4,80.0
L1 Logistic Regression,wavelet-LHH_glrlm_ShortRunHighGrayLevelEmphasis,4,80.0
Anova,wavelet-LHH_glrlm_ShortRunHighGrayLevelEmphasis,3,60.0
Mutual Information,wavelet-LHH_glrlm_ShortRunHighGrayLevelEmphasis,1,20.0
Vanilla RF,wavelet-LHH_glrlm_ShortRunLowGrayLevelEmphasis,5,100.0
L1 Logistic Regression,wavelet-LHH_glrlm_ShortRunLowGrayLevelEmphasis,4,80.0
Variance,wavelet-LHH_glrlm_ShortRunLowGrayLevelEmphasis,3,60.0
Anova,wavelet-LHH_glrlm_ShortRunLowGrayLevelEmphasis,3,60.0
Mutual Information,wavelet-LHH_glrlm_ShortRunLowGrayLevelEmphasis,2,40.0
Vanilla RF,wavelet-LHH_glszm_GrayLevelNonUniformity,5,100.0
Variance,wavelet-LHH_glszm_GrayLevelNonUniformity,5,100.0
Mutual Information,wavelet-LHH_glszm_GrayLevelNonUniformity,5,100.0
L1 Logistic Regression,wavelet-LHH_glszm_GrayLevelNonUniformity,5,100.0
Anova,wavelet-LHH_glszm_GrayLevelNonUniformity,4,80.0
RFE (SVM),wavelet-LHH_glszm_GrayLevelNonUniformity,4,80.0
DyGraFS,wavelet-LHH_glszm_GrayLevelNonUniformity,3,60.0
Vanilla RF,wavelet-LHH_glszm_GrayLevelNonUniformityNormalized,5,100.0
Variance,wavelet-LHH_glszm_GrayLevelNonUniformityNormalized,4,80.0
L1 Logistic Regression,wavelet-LHH_glszm_GrayLevelNonUniformityNormalized,4,80.0
DyGraFS,wavelet-LHH_glszm_GrayLevelNonUniformityNormalized,3,60.0
Mutual Information,wavelet-LHH_glszm_GrayLevelNonUniformityNormalized,2,40.0
RFE (SVM),wavelet-LHH_glszm_GrayLevelNonUniformityNormalized,2,40.0
Anova,wavelet-LHH_glszm_GrayLevelNonUniformityNormalized,1,20.0
Vanilla RF,wavelet-LHH_glszm_GrayLevelVariance,5,100.0
L1 Logistic Regression,wavelet-LHH_glszm_GrayLevelVariance,4,80.0
Variance,wavelet-LHH_glszm_GrayLevelVariance,3,60.0
RFE (SVM),wavelet-LHH_glszm_GrayLevelVariance,3,60.0
Mutual Information,wavelet-LHH_glszm_GrayLevelVariance,2,40.0
GFSIR,wavelet-LHH_glszm_GrayLevelVariance,2,40.0
Anova,wavelet-LHH_glszm_GrayLevelVariance,1,20.0
Vanilla RF,wavelet-LHH_glszm_HighGrayLevelZoneEmphasis,5,100.0
Variance,wavelet-LHH_glszm_HighGrayLevelZoneEmphasis,5,100.0
L1 Logistic Regression,wavelet-LHH_glszm_HighGrayLevelZoneEmphasis,5,100.0
DyGraFS,wavelet-LHH_glszm_HighGrayLevelZoneEmphasis,3,60.0
Mutual Information,wavelet-LHH_glszm_HighGrayLevelZoneEmphasis,2,40.0
Anova,wavelet-LHH_glszm_HighGrayLevelZoneEmphasis,1,20.0
RFE (SVM),wavelet-LHH_glszm_HighGrayLevelZoneEmphasis,1,20.0
Vanilla RF,wavelet-LHH_glszm_LargeAreaEmphasis,5,100.0
Variance,wavelet-LHH_glszm_LargeAreaEmphasis,5,100.0
Mutual Information,wavelet-LHH_glszm_LargeAreaEmphasis,5,100.0
L1 Logistic Regression,wavelet-LHH_glszm_LargeAreaEmphasis,4,80.0
Anova,wavelet-LHH_glszm_LargeAreaEmphasis,3,60.0
RFE (SVM),wavelet-LHH_glszm_LargeAreaEmphasis,1,20.0
Vanilla RF,wavelet-LHH_glszm_LargeAreaHighGrayLevelEmphasis,5,100.0
Variance,wavelet-LHH_glszm_LargeAreaHighGrayLevelEmphasis,5,100.0
Mutual Information,wavelet-LHH_glszm_LargeAreaHighGrayLevelEmphasis,5,100.0
L1 Logistic Regression,wavelet-LHH_glszm_LargeAreaHighGrayLevelEmphasis,4,80.0
Anova,wavelet-LHH_glszm_LargeAreaHighGrayLevelEmphasis,3,60.0
RFE (SVM),wavelet-LHH_glszm_LargeAreaHighGrayLevelEmphasis,1,20.0
Vanilla RF,wavelet-LHH_glszm_LargeAreaLowGrayLevelEmphasis,5,100.0
Variance,wavelet-LHH_glszm_LargeAreaLowGrayLevelEmphasis,5,100.0
Mutual Information,wavelet-LHH_glszm_LargeAreaLowGrayLevelEmphasis,5,100.0
L1 Logistic Regression,wavelet-LHH_glszm_LargeAreaLowGrayLevelEmphasis,4,80.0
Anova,wavelet-LHH_glszm_LargeAreaLowGrayLevelEmphasis,3,60.0
RFE (SVM),wavelet-LHH_glszm_LargeAreaLowGrayLevelEmphasis,1,20.0
GFSIR,wavelet-LHH_glszm_LargeAreaLowGrayLevelEmphasis,1,20.0
Vanilla RF,wavelet-LHH_glszm_LowGrayLevelZoneEmphasis,5,100.0
Variance,wavelet-LHH_glszm_LowGrayLevelZoneEmphasis,5,100.0
L1 Logistic Regression,wavelet-LHH_glszm_LowGrayLevelZoneEmphasis,5,100.0
DyGraFS,wavelet-LHH_glszm_LowGrayLevelZoneEmphasis,2,40.0
Mutual Information,wavelet-LHH_glszm_LowGrayLevelZoneEmphasis,2,40.0
RFE (SVM),wavelet-LHH_glszm_LowGrayLevelZoneEmphasis,2,40.0
GFSIR,wavelet-LHH_glszm_LowGrayLevelZoneEmphasis,2,40.0
Anova,wavelet-LHH_glszm_LowGrayLevelZoneEmphasis,1,20.0
Vanilla RF,wavelet-LHH_glszm_SizeZoneNonUniformity,5,100.0
Variance,wavelet-LHH_glszm_SizeZoneNonUniformity,5,100.0
Anova,wavelet-LHH_glszm_SizeZoneNonUniformity,4,80.0
Mutual Information,wavelet-LHH_glszm_SizeZoneNonUniformity,4,80.0
L1 Logistic Regression,wavelet-LHH_glszm_SizeZoneNonUniformity,4,80.0
RFE (SVM),wavelet-LHH_glszm_SizeZoneNonUniformity,2,40.0
Vanilla RF,wavelet-LHH_glszm_SizeZoneNonUniformityNormalized,5,100.0
Variance,wavelet-LHH_glszm_SizeZoneNonUniformityNormalized,5,100.0
L1 Logistic Regression,wavelet-LHH_glszm_SizeZoneNonUniformityNormalized,4,80.0
DyGraFS,wavelet-LHH_glszm_SizeZoneNonUniformityNormalized,3,60.0
Mutual Information,wavelet-LHH_glszm_SizeZoneNonUniformityNormalized,2,40.0
RFE (SVM),wavelet-LHH_glszm_SizeZoneNonUniformityNormalized,2,40.0
Anova,wavelet-LHH_glszm_SizeZoneNonUniformityNormalized,1,20.0
Vanilla RF,wavelet-LHH_glszm_SmallAreaEmphasis,5,100.0
Variance,wavelet-LHH_glszm_SmallAreaEmphasis,5,100.0
Anova,wavelet-LHH_glszm_SmallAreaEmphasis,4,80.0
L1 Logistic Regression,wavelet-LHH_glszm_SmallAreaEmphasis,4,80.0
RFE (SVM),wavelet-LHH_glszm_SmallAreaEmphasis,3,60.0
DyGraFS,wavelet-LHH_glszm_SmallAreaEmphasis,2,40.0
Mutual Information,wavelet-LHH_glszm_SmallAreaEmphasis,2,40.0
Vanilla RF,wavelet-LHH_glszm_SmallAreaHighGrayLevelEmphasis,5,100.0
Variance,wavelet-LHH_glszm_SmallAreaHighGrayLevelEmphasis,5,100.0
L1 Logistic Regression,wavelet-LHH_glszm_SmallAreaHighGrayLevelEmphasis,4,80.0
Anova,wavelet-LHH_glszm_SmallAreaHighGrayLevelEmphasis,3,60.0
DyGraFS,wavelet-LHH_glszm_SmallAreaHighGrayLevelEmphasis,2,40.0
Mutual Information,wavelet-LHH_glszm_SmallAreaHighGrayLevelEmphasis,2,40.0
RFE (SVM),wavelet-LHH_glszm_SmallAreaHighGrayLevelEmphasis,2,40.0
Boruta,wavelet-LHH_glszm_SmallAreaHighGrayLevelEmphasis,1,20.0
Vanilla RF,wavelet-LHH_glszm_SmallAreaLowGrayLevelEmphasis,5,100.0
Variance,wavelet-LHH_glszm_SmallAreaLowGrayLevelEmphasis,5,100.0
L1 Logistic Regression,wavelet-LHH_glszm_SmallAreaLowGrayLevelEmphasis,4,80.0
DyGraFS,wavelet-LHH_glszm_SmallAreaLowGrayLevelEmphasis,3,60.0
Anova,wavelet-LHH_glszm_SmallAreaLowGrayLevelEmphasis,3,60.0
RFE (SVM),wavelet-LHH_glszm_SmallAreaLowGrayLevelEmphasis,3,60.0
Mutual Information,wavelet-LHH_glszm_SmallAreaLowGrayLevelEmphasis,2,40.0
Vanilla RF,wavelet-LHH_glszm_ZoneEntropy,5,100.0
Variance,wavelet-LHH_glszm_ZoneEntropy,5,100.0
L1 Logistic Regression,wavelet-LHH_glszm_ZoneEntropy,4,80.0
RFE (SVM),wavelet-LHH_glszm_ZoneEntropy,4,80.0
Anova,wavelet-LHH_glszm_ZoneEntropy,3,60.0
DyGraFS,wavelet-LHH_glszm_ZoneEntropy,2,40.0
Mutual Information,wavelet-LHH_glszm_ZoneEntropy,2,40.0
Vanilla RF,wavelet-LHH_glszm_ZonePercentage,5,100.0
L1 Logistic Regression,wavelet-LHH_glszm_ZonePercentage,4,80.0
Anova,wavelet-LHH_glszm_ZonePercentage,3,60.0
Mutual Information,wavelet-LHH_glszm_ZonePercentage,3,60.0
RFE (SVM),wavelet-LHH_glszm_ZonePercentage,3,60.0
Vanilla RF,wavelet-LHH_glszm_ZoneVariance,5,100.0
Variance,wavelet-LHH_glszm_ZoneVariance,5,100.0
Mutual Information,wavelet-LHH_glszm_ZoneVariance,5,100.0
L1 Logistic Regression,wavelet-LHH_glszm_ZoneVariance,4,80.0
Anova,wavelet-LHH_glszm_ZoneVariance,3,60.0
DyGraFS,wavelet-LHH_glszm_ZoneVariance,1,20.0
RFE (SVM),wavelet-LHH_glszm_ZoneVariance,1,20.0
Vanilla RF,wavelet-LHH_ngtdm_Busyness,5,100.0
Variance,wavelet-LHH_ngtdm_Busyness,5,100.0
Mutual Information,wavelet-LHH_ngtdm_Busyness,5,100.0
Anova,wavelet-LHH_ngtdm_Busyness,4,80.0
L1 Logistic Regression,wavelet-LHH_ngtdm_Busyness,3,60.0
Vanilla RF,wavelet-LHH_ngtdm_Coarseness,5,100.0
Mutual Information,wavelet-LHH_ngtdm_Coarseness,5,100.0
L1 Logistic Regression,wavelet-LHH_ngtdm_Coarseness,4,80.0
Anova,wavelet-LHH_ngtdm_Coarseness,3,60.0
Vanilla RF,wavelet-LHH_ngtdm_Complexity,5,100.0
L1 Logistic Regression,wavelet-LHH_ngtdm_Complexity,4,80.0
Variance,wavelet-LHH_ngtdm_Complexity,3,60.0
Anova,wavelet-LHH_ngtdm_Complexity,3,60.0
Mutual Information,wavelet-LHH_ngtdm_Complexity,1,20.0
Vanilla RF,wavelet-LHH_ngtdm_Contrast,5,100.0
L1 Logistic Regression,wavelet-LHH_ngtdm_Contrast,4,80.0
Anova,wavelet-LHH_ngtdm_Contrast,3,60.0
Variance,wavelet-LHH_ngtdm_Contrast,1,20.0
Vanilla RF,wavelet-LHH_ngtdm_Strength,5,100.0
Mutual Information,wavelet-LHH_ngtdm_Strength,5,100.0
L1 Logistic Regression,wavelet-LHH_ngtdm_Strength,4,80.0
Anova,wavelet-LHH_ngtdm_Strength,3,60.0
Vanilla RF,wavelet-LHL_firstorder_10Percentile,5,100.0
Variance,wavelet-LHL_firstorder_10Percentile,4,80.0
Anova,wavelet-LHL_firstorder_10Percentile,4,80.0
Mutual Information,wavelet-LHL_firstorder_10Percentile,4,80.0
L1 Logistic Regression,wavelet-LHL_firstorder_10Percentile,4,80.0
DyGraFS,wavelet-LHL_firstorder_10Percentile,1,20.0
Vanilla RF,wavelet-LHL_firstorder_90Percentile,5,100.0
Variance,wavelet-LHL_firstorder_90Percentile,4,80.0
L1 Logistic Regression,wavelet-LHL_firstorder_90Percentile,4,80.0
Anova,wavelet-LHL_firstorder_90Percentile,3,60.0
RFE (SVM),wavelet-LHL_firstorder_90Percentile,2,40.0
DyGraFS,wavelet-LHL_firstorder_90Percentile,1,20.0
Mutual Information,wavelet-LHL_firstorder_90Percentile,1,20.0
Vanilla RF,wavelet-LHL_firstorder_Energy,5,100.0
Variance,wavelet-LHL_firstorder_Energy,5,100.0
Mutual Information,wavelet-LHL_firstorder_Energy,5,100.0
L1 Logistic Regression,wavelet-LHL_firstorder_Energy,5,100.0
Anova,wavelet-LHL_firstorder_Energy,3,60.0
RFE (SVM),wavelet-LHL_firstorder_Energy,3,60.0
Vanilla RF,wavelet-LHL_firstorder_Entropy,5,100.0
Boruta,wavelet-LHL_firstorder_Entropy,5,100.0
Anova,wavelet-LHL_firstorder_Entropy,4,80.0
Mutual Information,wavelet-LHL_firstorder_Entropy,4,80.0
Variance,wavelet-LHL_firstorder_Entropy,3,60.0
L1 Logistic Regression,wavelet-LHL_firstorder_Entropy,3,60.0
Vanilla RF,wavelet-LHL_firstorder_InterquartileRange,5,100.0
Variance,wavelet-LHL_firstorder_InterquartileRange,4,80.0
Anova,wavelet-LHL_firstorder_InterquartileRange,4,80.0
L1 Logistic Regression,wavelet-LHL_firstorder_InterquartileRange,4,80.0
Mutual Information,wavelet-LHL_firstorder_InterquartileRange,2,40.0
RFE (SVM),wavelet-LHL_firstorder_InterquartileRange,1,20.0
Vanilla RF,wavelet-LHL_firstorder_Kurtosis,5,100.0
Variance,wavelet-LHL_firstorder_Kurtosis,5,100.0
L1 Logistic Regression,wavelet-LHL_firstorder_Kurtosis,4,80.0
Mutual Information,wavelet-LHL_firstorder_Kurtosis,2,40.0
RFE (SVM),wavelet-LHL_firstorder_Kurtosis,2,40.0
DyGraFS,wavelet-LHL_firstorder_Kurtosis,1,20.0
Anova,wavelet-LHL_firstorder_Kurtosis,1,20.0
Vanilla RF,wavelet-LHL_firstorder_Maximum,5,100.0
Variance,wavelet-LHL_firstorder_Maximum,5,100.0
L1 Logistic Regression,wavelet-LHL_firstorder_Maximum,5,100.0
RFE (SVM),wavelet-LHL_firstorder_Maximum,5,100.0
Anova,wavelet-LHL_firstorder_Maximum,3,60.0
DyGraFS,wavelet-LHL_firstorder_Maximum,2,40.0
Mutual Information,wavelet-LHL_firstorder_Maximum,2,40.0
Boruta,wavelet-LHL_firstorder_Maximum,1,20.0
Vanilla RF,wavelet-LHL_firstorder_Mean,5,100.0
Anova,wavelet-LHL_firstorder_Mean,5,100.0
Mutual Information,wavelet-LHL_firstorder_Mean,5,100.0
Boruta,wavelet-LHL_firstorder_Mean,5,100.0
L1 Logistic Regression,wavelet-LHL_firstorder_Mean,4,80.0
Variance,wavelet-LHL_firstorder_Mean,3,60.0
RFE (SVM),wavelet-LHL_firstorder_Mean,3,60.0
Vanilla RF,wavelet-LHL_firstorder_MeanAbsoluteDeviation,5,100.0
Variance,wavelet-LHL_firstorder_MeanAbsoluteDeviation,4,80.0
L1 Logistic Regression,wavelet-LHL_firstorder_MeanAbsoluteDeviation,4,80.0
DyGraFS,wavelet-LHL_firstorder_MeanAbsoluteDeviation,3,60.0
Anova,wavelet-LHL_firstorder_MeanAbsoluteDeviation,3,60.0
Mutual Information,wavelet-LHL_firstorder_MeanAbsoluteDeviation,2,40.0
RFE (SVM),wavelet-LHL_firstorder_MeanAbsoluteDeviation,1,20.0
Boruta,wavelet-LHL_firstorder_MeanAbsoluteDeviation,1,20.0
Vanilla RF,wavelet-LHL_firstorder_Median,5,100.0
Anova,wavelet-LHL_firstorder_Median,5,100.0
Mutual Information,wavelet-LHL_firstorder_Median,5,100.0
Boruta,wavelet-LHL_firstorder_Median,5,100.0
L1 Logistic Regression,wavelet-LHL_firstorder_Median,4,80.0
Variance,wavelet-LHL_firstorder_Median,3,60.0
RFE (SVM),wavelet-LHL_firstorder_Median,1,20.0
Vanilla RF,wavelet-LHL_firstorder_Minimum,5,100.0
Variance,wavelet-LHL_firstorder_Minimum,5,100.0
L1 Logistic Regression,wavelet-LHL_firstorder_Minimum,4,80.0
RFE (SVM),wavelet-LHL_firstorder_Minimum,3,60.0
DyGraFS,wavelet-LHL_firstorder_Minimum,1,20.0
Anova,wavelet-LHL_firstorder_Minimum,1,20.0
Mutual Information,wavelet-LHL_firstorder_Minimum,1,20.0
Vanilla RF,wavelet-LHL_firstorder_Range,5,100.0
Variance,wavelet-LHL_firstorder_Range,5,100.0
L1 Logistic Regression,wavelet-LHL_firstorder_Range,4,80.0
RFE (SVM),wavelet-LHL_firstorder_Range,3,60.0
DyGraFS,wavelet-LHL_firstorder_Range,2,40.0
Anova,wavelet-LHL_firstorder_Range,2,40.0
Mutual Information,wavelet-LHL_firstorder_Range,2,40.0
Boruta,wavelet-LHL_firstorder_Range,1,20.0
Vanilla RF,wavelet-LHL_firstorder_RobustMeanAbsoluteDeviation,5,100.0
Anova,wavelet-LHL_firstorder_RobustMeanAbsoluteDeviation,4,80.0
L1 Logistic Regression,wavelet-LHL_firstorder_RobustMeanAbsoluteDeviation,4,80.0
Variance,wavelet-LHL_firstorder_RobustMeanAbsoluteDeviation,3,60.0
Mutual Information,wavelet-LHL_firstorder_RobustMeanAbsoluteDeviation,2,40.0
RFE (SVM),wavelet-LHL_firstorder_RobustMeanAbsoluteDeviation,1,20.0
Boruta,wavelet-LHL_firstorder_RobustMeanAbsoluteDeviation,1,20.0
Vanilla RF,wavelet-LHL_firstorder_RootMeanSquared,5,100.0
Variance,wavelet-LHL_firstorder_RootMeanSquared,4,80.0
L1 Logistic Regression,wavelet-LHL_firstorder_RootMeanSquared,4,80.0
Boruta,wavelet-LHL_firstorder_RootMeanSquared,4,80.0
Anova,wavelet-LHL_firstorder_RootMeanSquared,3,60.0
Mutual Information,wavelet-LHL_firstorder_RootMeanSquared,2,40.0
Vanilla RF,wavelet-LHL_firstorder_Skewness,5,100.0
Variance,wavelet-LHL_firstorder_Skewness,5,100.0
L1 Logistic Regression,wavelet-LHL_firstorder_Skewness,4,80.0
RFE (SVM),wavelet-LHL_firstorder_Skewness,3,60.0
DyGraFS,wavelet-LHL_firstorder_Skewness,2,40.0
Anova,wavelet-LHL_firstorder_Skewness,1,20.0
Mutual Information,wavelet-LHL_firstorder_Skewness,1,20.0
Vanilla RF,wavelet-LHL_firstorder_TotalEnergy,5,100.0
Variance,wavelet-LHL_firstorder_TotalEnergy,5,100.0
Mutual Information,wavelet-LHL_firstorder_TotalEnergy,5,100.0
L1 Logistic Regression,wavelet-LHL_firstorder_TotalEnergy,5,100.0
Anova,wavelet-LHL_firstorder_TotalEnergy,3,60.0
RFE (SVM),wavelet-LHL_firstorder_TotalEnergy,2,40.0
Vanilla RF,wavelet-LHL_firstorder_Uniformity,5,100.0
Anova,wavelet-LHL_firstorder_Uniformity,5,100.0
Boruta,wavelet-LHL_firstorder_Uniformity,5,100.0
Mutual Information,wavelet-LHL_firstorder_Uniformity,4,80.0
Variance,wavelet-LHL_firstorder_Uniformity,3,60.0
L1 Logistic Regression,wavelet-LHL_firstorder_Uniformity,3,60.0
Vanilla RF,wavelet-LHL_firstorder_Variance,5,100.0
Boruta,wavelet-LHL_firstorder_Variance,5,100.0
L1 Logistic Regression,wavelet-LHL_firstorder_Variance,4,80.0
Variance,wavelet-LHL_firstorder_Variance,3,60.0
RFE (SVM),wavelet-LHL_firstorder_Variance,3,60.0
Anova,wavelet-LHL_firstorder_Variance,2,40.0
Mutual Information,wavelet-LHL_firstorder_Variance,2,40.0
Vanilla RF,wavelet-LHL_glcm_Autocorrelation,5,100.0
Variance,wavelet-LHL_glcm_Autocorrelation,5,100.0
Anova,wavelet-LHL_glcm_Autocorrelation,5,100.0
Mutual Information,wavelet-LHL_glcm_Autocorrelation,5,100.0
Boruta,wavelet-LHL_glcm_Autocorrelation,5,100.0
L1 Logistic Regression,wavelet-LHL_glcm_Autocorrelation,4,80.0
RFE (SVM),wavelet-LHL_glcm_Autocorrelation,2,40.0
DyGraFS,wavelet-LHL_glcm_Autocorrelation,1,20.0
Vanilla RF,wavelet-LHL_glcm_ClusterProminence,5,100.0
Variance,wavelet-LHL_glcm_ClusterProminence,4,80.0
L1 Logistic Regression,wavelet-LHL_glcm_ClusterProminence,4,80.0
Anova,wavelet-LHL_glcm_ClusterProminence,3,60.0
Mutual Information,wavelet-LHL_glcm_ClusterProminence,2,40.0
DyGraFS,wavelet-LHL_glcm_ClusterProminence,1,20.0
RFE (SVM),wavelet-LHL_glcm_ClusterProminence,1,20.0
Vanilla RF,wavelet-LHL_glcm_ClusterShade,5,100.0
Anova,wavelet-LHL_glcm_ClusterShade,5,100.0
Mutual Information,wavelet-LHL_glcm_ClusterShade,5,100.0
Variance,wavelet-LHL_glcm_ClusterShade,4,80.0
L1 Logistic Regression,wavelet-LHL_glcm_ClusterShade,4,80.0
Boruta,wavelet-LHL_glcm_ClusterShade,3,60.0
RFE (SVM),wavelet-LHL_glcm_ClusterShade,2,40.0
DyGraFS,wavelet-LHL_glcm_ClusterShade,1,20.0
Vanilla RF,wavelet-LHL_glcm_ClusterTendency,5,100.0
L1 Logistic Regression,wavelet-LHL_glcm_ClusterTendency,4,80.0
Variance,wavelet-LHL_glcm_ClusterTendency,3,60.0
Mutual Information,wavelet-LHL_glcm_ClusterTendency,2,40.0
Anova,wavelet-LHL_glcm_ClusterTendency,1,20.0
RFE (SVM),wavelet-LHL_glcm_ClusterTendency,1,20.0
Vanilla RF,wavelet-LHL_glcm_Contrast,5,100.0
Variance,wavelet-LHL_glcm_Contrast,4,80.0
Anova,wavelet-LHL_glcm_Contrast,4,80.0
L1 Logistic Regression,wavelet-LHL_glcm_Contrast,4,80.0
Mutual Information,wavelet-LHL_glcm_Contrast,3,60.0
DyGraFS,wavelet-LHL_glcm_Contrast,1,20.0
Vanilla RF,wavelet-LHL_glcm_Correlation,5,100.0
Variance,wavelet-LHL_glcm_Correlation,4,80.0
L1 Logistic Regression,wavelet-LHL_glcm_Correlation,4,80.0
Anova,wavelet-LHL_glcm_Correlation,3,60.0
Mutual Information,wavelet-LHL_glcm_Correlation,2,40.0
DyGraFS,wavelet-LHL_glcm_Correlation,1,20.0
RFE (SVM),wavelet-LHL_glcm_Correlation,1,20.0
Vanilla RF,wavelet-LHL_glcm_DifferenceAverage,5,100.0
Variance,wavelet-LHL_glcm_DifferenceAverage,4,80.0
Anova,wavelet-LHL_glcm_DifferenceAverage,4,80.0
L1 Logistic Regression,wavelet-LHL_glcm_DifferenceAverage,4,80.0
Mutual Information,wavelet-LHL_glcm_DifferenceAverage,3,60.0
Vanilla RF,wavelet-LHL_glcm_DifferenceEntropy,5,100.0
Anova,wavelet-LHL_glcm_DifferenceEntropy,4,80.0
L1 Logistic Regression,wavelet-LHL_glcm_DifferenceEntropy,4,80.0
Variance,wavelet-LHL_glcm_DifferenceEntropy,3,60.0
Mutual Information,wavelet-LHL_glcm_DifferenceEntropy,2,40.0
Vanilla RF,wavelet-LHL_glcm_DifferenceVariance,5,100.0
Anova,wavelet-LHL_glcm_DifferenceVariance,4,80.0
L1 Logistic Regression,wavelet-LHL_glcm_DifferenceVariance,4,80.0
Mutual Information,wavelet-LHL_glcm_DifferenceVariance,2,40.0
Variance,wavelet-LHL_glcm_DifferenceVariance,1,20.0
Vanilla RF,wavelet-LHL_glcm_Id,5,100.0
Anova,wavelet-LHL_glcm_Id,4,80.0
L1 Logistic Regression,wavelet-LHL_glcm_Id,4,80.0
Variance,wavelet-LHL_glcm_Id,3,60.0
Mutual Information,wavelet-LHL_glcm_Id,3,60.0
Vanilla RF,wavelet-LHL_glcm_Idm,5,100.0
Anova,wavelet-LHL_glcm_Idm,4,80.0
L1 Logistic Regression,wavelet-LHL_glcm_Idm,4,80.0
Variance,wavelet-LHL_glcm_Idm,3,60.0
Mutual Information,wavelet-LHL_glcm_Idm,3,60.0
RFE (SVM),wavelet-LHL_glcm_Idm,1,20.0
Vanilla RF,wavelet-LHL_glcm_Idmn,5,100.0
Anova,wavelet-LHL_glcm_Idmn,4,80.0
L1 Logistic Regression,wavelet-LHL_glcm_Idmn,4,80.0
Mutual Information,wavelet-LHL_glcm_Idmn,3,60.0
Variance,wavelet-LHL_glcm_Idmn,1,20.0
Vanilla RF,wavelet-LHL_glcm_Idn,5,100.0
Anova,wavelet-LHL_glcm_Idn,4,80.0
L1 Logistic Regression,wavelet-LHL_glcm_Idn,4,80.0
Variance,wavelet-LHL_glcm_Idn,3,60.0
Mutual Information,wavelet-LHL_glcm_Idn,3,60.0
Vanilla RF,wavelet-LHL_glcm_Imc1,5,100.0
L1 Logistic Regression,wavelet-LHL_glcm_Imc1,4,80.0
Variance,wavelet-LHL_glcm_Imc1,3,60.0
Anova,wavelet-LHL_glcm_Imc1,3,60.0
Mutual Information,wavelet-LHL_glcm_Imc1,2,40.0
Vanilla RF,wavelet-LHL_glcm_Imc2,5,100.0
DyGraFS,wavelet-LHL_glcm_Imc2,4,80.0
Variance,wavelet-LHL_glcm_Imc2,4,80.0
L1 Logistic Regression,wavelet-LHL_glcm_Imc2,4,80.0
RFE (SVM),wavelet-LHL_glcm_Imc2,4,80.0
Anova,wavelet-LHL_glcm_Imc2,3,60.0
Mutual Information,wavelet-LHL_glcm_Imc2,2,40.0
Vanilla RF,wavelet-LHL_glcm_InverseVariance,5,100.0
Variance,wavelet-LHL_glcm_InverseVariance,4,80.0
Anova,wavelet-LHL_glcm_InverseVariance,4,80.0
L1 Logistic Regression,wavelet-LHL_glcm_InverseVariance,4,80.0
Mutual Information,wavelet-LHL_glcm_InverseVariance,3,60.0
Vanilla RF,wavelet-LHL_glcm_JointAverage,5,100.0
Anova,wavelet-LHL_glcm_JointAverage,5,100.0
Boruta,wavelet-LHL_glcm_JointAverage,5,100.0
Variance,wavelet-LHL_glcm_JointAverage,4,80.0
Mutual Information,wavelet-LHL_glcm_JointAverage,4,80.0
L1 Logistic Regression,wavelet-LHL_glcm_JointAverage,4,80.0
DyGraFS,wavelet-LHL_glcm_JointAverage,2,40.0
RFE (SVM),wavelet-LHL_glcm_JointAverage,1,20.0
Vanilla RF,wavelet-LHL_glcm_JointEnergy,5,100.0
Anova,wavelet-LHL_glcm_JointEnergy,5,100.0
Mutual Information,wavelet-LHL_glcm_JointEnergy,5,100.0
Variance,wavelet-LHL_glcm_JointEnergy,3,60.0
L1 Logistic Regression,wavelet-LHL_glcm_JointEnergy,3,60.0
Boruta,wavelet-LHL_glcm_JointEnergy,1,20.0
Vanilla RF,wavelet-LHL_glcm_JointEntropy,5,100.0
Anova,wavelet-LHL_glcm_JointEntropy,5,100.0
Mutual Information,wavelet-LHL_glcm_JointEntropy,5,100.0
Variance,wavelet-LHL_glcm_JointEntropy,4,80.0
L1 Logistic Regression,wavelet-LHL_glcm_JointEntropy,3,60.0
Vanilla RF,wavelet-LHL_glcm_MCC,5,100.0
Variance,wavelet-LHL_glcm_MCC,4,80.0
L1 Logistic Regression,wavelet-LHL_glcm_MCC,4,80.0
Anova,wavelet-LHL_glcm_MCC,3,60.0
Mutual Information,wavelet-LHL_glcm_MCC,2,40.0
RFE (SVM),wavelet-LHL_glcm_MCC,1,20.0
Vanilla RF,wavelet-LHL_glcm_MaximumProbability,5,100.0
Anova,wavelet-LHL_glcm_MaximumProbability,5,100.0
Mutual Information,wavelet-LHL_glcm_MaximumProbability,5,100.0
Variance,wavelet-LHL_glcm_MaximumProbability,4,80.0
L1 Logistic Regression,wavelet-LHL_glcm_MaximumProbability,4,80.0
Boruta,wavelet-LHL_glcm_MaximumProbability,3,60.0
Vanilla RF,wavelet-LHL_glcm_SumAverage,5,100.0
Anova,wavelet-LHL_glcm_SumAverage,5,100.0
Boruta,wavelet-LHL_glcm_SumAverage,5,100.0
Variance,wavelet-LHL_glcm_SumAverage,4,80.0
Mutual Information,wavelet-LHL_glcm_SumAverage,4,80.0
L1 Logistic Regression,wavelet-LHL_glcm_SumAverage,4,80.0
RFE (SVM),wavelet-LHL_glcm_SumAverage,2,40.0
Vanilla RF,wavelet-LHL_glcm_SumEntropy,5,100.0
Variance,wavelet-LHL_glcm_SumEntropy,4,80.0
L1 Logistic Regression,wavelet-LHL_glcm_SumEntropy,4,80.0
DyGraFS,wavelet-LHL_glcm_SumEntropy,3,60.0
RFE (SVM),wavelet-LHL_glcm_SumEntropy,2,40.0
Anova,wavelet-LHL_glcm_SumEntropy,1,20.0
Mutual Information,wavelet-LHL_glcm_SumEntropy,1,20.0
Vanilla RF,wavelet-LHL_glcm_SumSquares,5,100.0
Mutual Information,wavelet-LHL_glcm_SumSquares,5,100.0
Boruta,wavelet-LHL_glcm_SumSquares,5,100.0
Anova,wavelet-LHL_glcm_SumSquares,4,80.0
L1 Logistic Regression,wavelet-LHL_glcm_SumSquares,3,60.0
Variance,wavelet-LHL_glcm_SumSquares,1,20.0
Vanilla RF,wavelet-LHL_gldm_DependenceEntropy,5,100.0
Variance,wavelet-LHL_gldm_DependenceEntropy,5,100.0
L1 Logistic Regression,wavelet-LHL_gldm_DependenceEntropy,4,80.0
DyGraFS,wavelet-LHL_gldm_DependenceEntropy,2,40.0
RFE (SVM),wavelet-LHL_gldm_DependenceEntropy,2,40.0
Anova,wavelet-LHL_gldm_DependenceEntropy,1,20.0
Mutual Information,wavelet-LHL_gldm_DependenceEntropy,1,20.0
Vanilla RF,wavelet-LHL_gldm_DependenceNonUniformity,5,100.0
Variance,wavelet-LHL_gldm_DependenceNonUniformity,5,100.0
Mutual Information,wavelet-LHL_gldm_DependenceNonUniformity,5,100.0
L1 Logistic Regression,wavelet-LHL_gldm_DependenceNonUniformity,4,80.0
Anova,wavelet-LHL_gldm_DependenceNonUniformity,3,60.0
Vanilla RF,wavelet-LHL_gldm_DependenceNonUniformityNormalized,5,100.0
L1 Logistic Regression,wavelet-LHL_gldm_DependenceNonUniformityNormalized,4,80.0
Anova,wavelet-LHL_gldm_DependenceNonUniformityNormalized,3,60.0
Mutual Information,wavelet-LHL_gldm_DependenceNonUniformityNormalized,2,40.0
RFE (SVM),wavelet-LHL_gldm_DependenceNonUniformityNormalized,2,40.0
Variance,wavelet-LHL_gldm_DependenceNonUniformityNormalized,1,20.0
GFSIR,wavelet-LHL_gldm_DependenceNonUniformityNormalized,1,20.0
Vanilla RF,wavelet-LHL_gldm_DependenceVariance,5,100.0
Variance,wavelet-LHL_gldm_DependenceVariance,5,100.0
L1 Logistic Regression,wavelet-LHL_gldm_DependenceVariance,4,80.0
Anova,wavelet-LHL_gldm_DependenceVariance,3,60.0
DyGraFS,wavelet-LHL_gldm_DependenceVariance,2,40.0
Mutual Information,wavelet-LHL_gldm_DependenceVariance,2,40.0
RFE (SVM),wavelet-LHL_gldm_DependenceVariance,2,40.0
Vanilla RF,wavelet-LHL_gldm_GrayLevelNonUniformity,5,100.0
Variance,wavelet-LHL_gldm_GrayLevelNonUniformity,5,100.0
Mutual Information,wavelet-LHL_gldm_GrayLevelNonUniformity,5,100.0
Anova,wavelet-LHL_gldm_GrayLevelNonUniformity,4,80.0
L1 Logistic Regression,wavelet-LHL_gldm_GrayLevelNonUniformity,4,80.0
Vanilla RF,wavelet-LHL_gldm_GrayLevelVariance,5,100.0
Anova,wavelet-LHL_gldm_GrayLevelVariance,5,100.0
Boruta,wavelet-LHL_gldm_GrayLevelVariance,5,100.0
Mutual Information,wavelet-LHL_gldm_GrayLevelVariance,4,80.0
L1 Logistic Regression,wavelet-LHL_gldm_GrayLevelVariance,3,60.0
Variance,wavelet-LHL_gldm_GrayLevelVariance,1,20.0
Vanilla RF,wavelet-LHL_gldm_HighGrayLevelEmphasis,5,100.0
Variance,wavelet-LHL_gldm_HighGrayLevelEmphasis,5,100.0
Anova,wavelet-LHL_gldm_HighGrayLevelEmphasis,5,100.0
L1 Logistic Regression,wavelet-LHL_gldm_HighGrayLevelEmphasis,5,100.0
Mutual Information,wavelet-LHL_gldm_HighGrayLevelEmphasis,4,80.0
Boruta,wavelet-LHL_gldm_HighGrayLevelEmphasis,4,80.0
RFE (SVM),wavelet-LHL_gldm_HighGrayLevelEmphasis,2,40.0
Vanilla RF,wavelet-LHL_gldm_LargeDependenceEmphasis,5,100.0
Variance,wavelet-LHL_gldm_LargeDependenceEmphasis,5,100.0
L1 Logistic Regression,wavelet-LHL_gldm_LargeDependenceEmphasis,4,80.0
DyGraFS,wavelet-LHL_gldm_LargeDependenceEmphasis,1,20.0
Anova,wavelet-LHL_gldm_LargeDependenceEmphasis,1,20.0
Vanilla RF,wavelet-LHL_gldm_LargeDependenceHighGrayLevelEmphasis,5,100.0
Variance,wavelet-LHL_gldm_LargeDependenceHighGrayLevelEmphasis,5,100.0
L1 Logistic Regression,wavelet-LHL_gldm_LargeDependenceHighGrayLevelEmphasis,5,100.0
Anova,wavelet-LHL_gldm_LargeDependenceHighGrayLevelEmphasis,4,80.0
Mutual Information,wavelet-LHL_gldm_LargeDependenceHighGrayLevelEmphasis,3,60.0
Boruta,wavelet-LHL_gldm_LargeDependenceHighGrayLevelEmphasis,2,40.0
DyGraFS,wavelet-LHL_gldm_LargeDependenceHighGrayLevelEmphasis,1,20.0
RFE (SVM),wavelet-LHL_gldm_LargeDependenceHighGrayLevelEmphasis,1,20.0
Vanilla RF,wavelet-LHL_gldm_LargeDependenceLowGrayLevelEmphasis,5,100.0
Variance,wavelet-LHL_gldm_LargeDependenceLowGrayLevelEmphasis,5,100.0
L1 Logistic Regression,wavelet-LHL_gldm_LargeDependenceLowGrayLevelEmphasis,4,80.0
Anova,wavelet-LHL_gldm_LargeDependenceLowGrayLevelEmphasis,2,40.0
Mutual Information,wavelet-LHL_gldm_LargeDependenceLowGrayLevelEmphasis,2,40.0
RFE (SVM),wavelet-LHL_gldm_LargeDependenceLowGrayLevelEmphasis,2,40.0
DyGraFS,wavelet-LHL_gldm_LargeDependenceLowGrayLevelEmphasis,1,20.0
Boruta,wavelet-LHL_gldm_LargeDependenceLowGrayLevelEmphasis,1,20.0
Vanilla RF,wavelet-LHL_gldm_LowGrayLevelEmphasis,5,100.0
Anova,wavelet-LHL_gldm_LowGrayLevelEmphasis,5,100.0
L1 Logistic Regression,wavelet-LHL_gldm_LowGrayLevelEmphasis,5,100.0
Mutual Information,wavelet-LHL_gldm_LowGrayLevelEmphasis,4,80.0
Boruta,wavelet-LHL_gldm_LowGrayLevelEmphasis,4,80.0
Variance,wavelet-LHL_gldm_LowGrayLevelEmphasis,3,60.0
RFE (SVM),wavelet-LHL_gldm_LowGrayLevelEmphasis,2,40.0
DyGraFS,wavelet-LHL_gldm_LowGrayLevelEmphasis,1,20.0
Vanilla RF,wavelet-LHL_gldm_SmallDependenceEmphasis,5,100.0
L1 Logistic Regression,wavelet-LHL_gldm_SmallDependenceEmphasis,4,80.0
Anova,wavelet-LHL_gldm_SmallDependenceEmphasis,3,60.0
Mutual Information,wavelet-LHL_gldm_SmallDependenceEmphasis,2,40.0
Variance,wavelet-LHL_gldm_SmallDependenceEmphasis,1,20.0
Vanilla RF,wavelet-LHL_gldm_SmallDependenceHighGrayLevelEmphasis,5,100.0
L1 Logistic Regression,wavelet-LHL_gldm_SmallDependenceHighGrayLevelEmphasis,4,80.0
Variance,wavelet-LHL_gldm_SmallDependenceHighGrayLevelEmphasis,3,60.0
Anova,wavelet-LHL_gldm_SmallDependenceHighGrayLevelEmphasis,3,60.0
Mutual Information,wavelet-LHL_gldm_SmallDependenceHighGrayLevelEmphasis,2,40.0
Vanilla RF,wavelet-LHL_gldm_SmallDependenceLowGrayLevelEmphasis,5,100.0
L1 Logistic Regression,wavelet-LHL_gldm_SmallDependenceLowGrayLevelEmphasis,3,60.0
Anova,wavelet-LHL_gldm_SmallDependenceLowGrayLevelEmphasis,2,40.0
Mutual Information,wavelet-LHL_gldm_SmallDependenceLowGrayLevelEmphasis,2,40.0
RFE (SVM),wavelet-LHL_gldm_SmallDependenceLowGrayLevelEmphasis,1,20.0
Vanilla RF,wavelet-LHL_glrlm_GrayLevelNonUniformity,5,100.0
Variance,wavelet-LHL_glrlm_GrayLevelNonUniformity,5,100.0
Mutual Information,wavelet-LHL_glrlm_GrayLevelNonUniformity,5,100.0
Anova,wavelet-LHL_glrlm_GrayLevelNonUniformity,4,80.0
L1 Logistic Regression,wavelet-LHL_glrlm_GrayLevelNonUniformity,4,80.0
Vanilla RF,wavelet-LHL_glrlm_GrayLevelNonUniformityNormalized,5,100.0
L1 Logistic Regression,wavelet-LHL_glrlm_GrayLevelNonUniformityNormalized,4,80.0
Anova,wavelet-LHL_glrlm_GrayLevelNonUniformityNormalized,3,60.0
RFE (SVM),wavelet-LHL_glrlm_GrayLevelNonUniformityNormalized,3,60.0
Mutual Information,wavelet-LHL_glrlm_GrayLevelNonUniformityNormalized,2,40.0
Vanilla RF,wavelet-LHL_glrlm_GrayLevelVariance,5,100.0
L1 Logistic Regression,wavelet-LHL_glrlm_GrayLevelVariance,4,80.0
Anova,wavelet-LHL_glrlm_GrayLevelVariance,3,60.0
Mutual Information,wavelet-LHL_glrlm_GrayLevelVariance,2,40.0
RFE (SVM),wavelet-LHL_glrlm_GrayLevelVariance,2,40.0
Vanilla RF,wavelet-LHL_glrlm_HighGrayLevelRunEmphasis,5,100.0
Variance,wavelet-LHL_glrlm_HighGrayLevelRunEmphasis,4,80.0
L1 Logistic Regression,wavelet-LHL_glrlm_HighGrayLevelRunEmphasis,4,80.0
Anova,wavelet-LHL_glrlm_HighGrayLevelRunEmphasis,3,60.0
RFE (SVM),wavelet-LHL_glrlm_HighGrayLevelRunEmphasis,3,60.0
DyGraFS,wavelet-LHL_glrlm_HighGrayLevelRunEmphasis,2,40.0
Mutual Information,wavelet-LHL_glrlm_HighGrayLevelRunEmphasis,2,40.0
Vanilla RF,wavelet-LHL_glrlm_LongRunEmphasis,5,100.0
Variance,wavelet-LHL_glrlm_LongRunEmphasis,5,100.0
L1 Logistic Regression,wavelet-LHL_glrlm_LongRunEmphasis,4,80.0
RFE (SVM),wavelet-LHL_glrlm_LongRunEmphasis,2,40.0
DyGraFS,wavelet-LHL_glrlm_LongRunEmphasis,1,20.0
Anova,wavelet-LHL_glrlm_LongRunEmphasis,1,20.0
Mutual Information,wavelet-LHL_glrlm_LongRunEmphasis,1,20.0
Vanilla RF,wavelet-LHL_glrlm_LongRunHighGrayLevelEmphasis,5,100.0
Variance,wavelet-LHL_glrlm_LongRunHighGrayLevelEmphasis,5,100.0
Anova,wavelet-LHL_glrlm_LongRunHighGrayLevelEmphasis,4,80.0
L1 Logistic Regression,wavelet-LHL_glrlm_LongRunHighGrayLevelEmphasis,4,80.0
Mutual Information,wavelet-LHL_glrlm_LongRunHighGrayLevelEmphasis,2,40.0
DyGraFS,wavelet-LHL_glrlm_LongRunHighGrayLevelEmphasis,1,20.0
Vanilla RF,wavelet-LHL_glrlm_LongRunLowGrayLevelEmphasis,5,100.0
Variance,wavelet-LHL_glrlm_LongRunLowGrayLevelEmphasis,5,100.0
L1 Logistic Regression,wavelet-LHL_glrlm_LongRunLowGrayLevelEmphasis,4,80.0
RFE (SVM),wavelet-LHL_glrlm_LongRunLowGrayLevelEmphasis,3,60.0
DyGraFS,wavelet-LHL_glrlm_LongRunLowGrayLevelEmphasis,1,20.0
Anova,wavelet-LHL_glrlm_LongRunLowGrayLevelEmphasis,1,20.0
Mutual Information,wavelet-LHL_glrlm_LongRunLowGrayLevelEmphasis,1,20.0
Vanilla RF,wavelet-LHL_glrlm_LowGrayLevelRunEmphasis,5,100.0
RFE (SVM),wavelet-LHL_glrlm_LowGrayLevelRunEmphasis,5,100.0
L1 Logistic Regression,wavelet-LHL_glrlm_LowGrayLevelRunEmphasis,4,80.0
Variance,wavelet-LHL_glrlm_LowGrayLevelRunEmphasis,3,60.0
Anova,wavelet-LHL_glrlm_LowGrayLevelRunEmphasis,3,60.0
Mutual Information,wavelet-LHL_glrlm_LowGrayLevelRunEmphasis,2,40.0
Vanilla RF,wavelet-LHL_glrlm_RunEntropy,5,100.0
Variance,wavelet-LHL_glrlm_RunEntropy,5,100.0
Anova,wavelet-LHL_glrlm_RunEntropy,3,60.0
L1 Logistic Regression,wavelet-LHL_glrlm_RunEntropy,3,60.0
Mutual Information,wavelet-LHL_glrlm_RunEntropy,2,40.0
Vanilla RF,wavelet-LHL_glrlm_RunLengthNonUniformity,5,100.0
Variance,wavelet-LHL_glrlm_RunLengthNonUniformity,5,100.0
Mutual Information,wavelet-LHL_glrlm_RunLengthNonUniformity,5,100.0
Anova,wavelet-LHL_glrlm_RunLengthNonUniformity,4,80.0
L1 Logistic Regression,wavelet-LHL_glrlm_RunLengthNonUniformity,4,80.0
RFE (SVM),wavelet-LHL_glrlm_RunLengthNonUniformity,1,20.0
Vanilla RF,wavelet-LHL_glrlm_RunLengthNonUniformityNormalized,5,100.0
Variance,wavelet-LHL_glrlm_RunLengthNonUniformityNormalized,4,80.0
L1 Logistic Regression,wavelet-LHL_glrlm_RunLengthNonUniformityNormalized,4,80.0
Anova,wavelet-LHL_glrlm_RunLengthNonUniformityNormalized,1,20.0
Mutual Information,wavelet-LHL_glrlm_RunLengthNonUniformityNormalized,1,20.0
RFE (SVM),wavelet-LHL_glrlm_RunLengthNonUniformityNormalized,1,20.0
Vanilla RF,wavelet-LHL_glrlm_RunPercentage,5,100.0
Variance,wavelet-LHL_glrlm_RunPercentage,4,80.0
L1 Logistic Regression,wavelet-LHL_glrlm_RunPercentage,2,40.0
DyGraFS,wavelet-LHL_glrlm_RunPercentage,1,20.0
Anova,wavelet-LHL_glrlm_RunPercentage,1,20.0
Vanilla RF,wavelet-LHL_glrlm_RunVariance,5,100.0
Variance,wavelet-LHL_glrlm_RunVariance,5,100.0
RFE (SVM),wavelet-LHL_glrlm_RunVariance,5,100.0
L1 Logistic Regression,wavelet-LHL_glrlm_RunVariance,4,80.0
Anova,wavelet-LHL_glrlm_RunVariance,2,40.0
Vanilla RF,wavelet-LHL_glrlm_ShortRunEmphasis,5,100.0
Variance,wavelet-LHL_glrlm_ShortRunEmphasis,4,80.0
DyGraFS,wavelet-LHL_glrlm_ShortRunEmphasis,3,60.0
L1 Logistic Regression,wavelet-LHL_glrlm_ShortRunEmphasis,3,60.0
Anova,wavelet-LHL_glrlm_ShortRunEmphasis,1,20.0
RFE (SVM),wavelet-LHL_glrlm_ShortRunEmphasis,1,20.0
Vanilla RF,wavelet-LHL_glrlm_ShortRunHighGrayLevelEmphasis,5,100.0
Variance,wavelet-LHL_glrlm_ShortRunHighGrayLevelEmphasis,4,80.0
L1 Logistic Regression,wavelet-LHL_glrlm_ShortRunHighGrayLevelEmphasis,4,80.0
Mutual Information,wavelet-LHL_glrlm_ShortRunHighGrayLevelEmphasis,2,40.0
RFE (SVM),wavelet-LHL_glrlm_ShortRunHighGrayLevelEmphasis,2,40.0
DyGraFS,wavelet-LHL_glrlm_ShortRunHighGrayLevelEmphasis,1,20.0
Anova,wavelet-LHL_glrlm_ShortRunHighGrayLevelEmphasis,1,20.0
Vanilla RF,wavelet-LHL_glrlm_ShortRunLowGrayLevelEmphasis,5,100.0
L1 Logistic Regression,wavelet-LHL_glrlm_ShortRunLowGrayLevelEmphasis,4,80.0
Variance,wavelet-LHL_glrlm_ShortRunLowGrayLevelEmphasis,3,60.0
Mutual Information,wavelet-LHL_glrlm_ShortRunLowGrayLevelEmphasis,2,40.0
Anova,wavelet-LHL_glrlm_ShortRunLowGrayLevelEmphasis,1,20.0
RFE (SVM),wavelet-LHL_glrlm_ShortRunLowGrayLevelEmphasis,1,20.0
Vanilla RF,wavelet-LHL_glszm_GrayLevelNonUniformity,5,100.0
Variance,wavelet-LHL_glszm_GrayLevelNonUniformity,5,100.0
Mutual Information,wavelet-LHL_glszm_GrayLevelNonUniformity,5,100.0
Anova,wavelet-LHL_glszm_GrayLevelNonUniformity,4,80.0
L1 Logistic Regression,wavelet-LHL_glszm_GrayLevelNonUniformity,4,80.0
RFE (SVM),wavelet-LHL_glszm_GrayLevelNonUniformity,2,40.0
Vanilla RF,wavelet-LHL_glszm_GrayLevelNonUniformityNormalized,5,100.0
Variance,wavelet-LHL_glszm_GrayLevelNonUniformityNormalized,4,80.0
L1 Logistic Regression,wavelet-LHL_glszm_GrayLevelNonUniformityNormalized,4,80.0
DyGraFS,wavelet-LHL_glszm_GrayLevelNonUniformityNormalized,2,40.0
Mutual Information,wavelet-LHL_glszm_GrayLevelNonUniformityNormalized,2,40.0
RFE (SVM),wavelet-LHL_glszm_GrayLevelNonUniformityNormalized,2,40.0
Anova,wavelet-LHL_glszm_GrayLevelNonUniformityNormalized,1,20.0
Vanilla RF,wavelet-LHL_glszm_GrayLevelVariance,5,100.0
Variance,wavelet-LHL_glszm_GrayLevelVariance,4,80.0
L1 Logistic Regression,wavelet-LHL_glszm_GrayLevelVariance,4,80.0
DyGraFS,wavelet-LHL_glszm_GrayLevelVariance,2,40.0
Mutual Information,wavelet-LHL_glszm_GrayLevelVariance,2,40.0
RFE (SVM),wavelet-LHL_glszm_GrayLevelVariance,2,40.0
Anova,wavelet-LHL_glszm_GrayLevelVariance,1,20.0
Vanilla RF,wavelet-LHL_glszm_HighGrayLevelZoneEmphasis,5,100.0
Variance,wavelet-LHL_glszm_HighGrayLevelZoneEmphasis,5,100.0
L1 Logistic Regression,wavelet-LHL_glszm_HighGrayLevelZoneEmphasis,5,100.0
DyGraFS,wavelet-LHL_glszm_HighGrayLevelZoneEmphasis,2,40.0
Mutual Information,wavelet-LHL_glszm_HighGrayLevelZoneEmphasis,2,40.0
RFE (SVM),wavelet-LHL_glszm_HighGrayLevelZoneEmphasis,2,40.0
Anova,wavelet-LHL_glszm_HighGrayLevelZoneEmphasis,1,20.0
Vanilla RF,wavelet-LHL_glszm_LargeAreaEmphasis,5,100.0
Variance,wavelet-LHL_glszm_LargeAreaEmphasis,5,100.0
Mutual Information,wavelet-LHL_glszm_LargeAreaEmphasis,5,100.0
L1 Logistic Regression,wavelet-LHL_glszm_LargeAreaEmphasis,4,80.0
Anova,wavelet-LHL_glszm_LargeAreaEmphasis,3,60.0
RFE (SVM),wavelet-LHL_glszm_LargeAreaEmphasis,2,40.0
Vanilla RF,wavelet-LHL_glszm_LargeAreaHighGrayLevelEmphasis,5,100.0
Variance,wavelet-LHL_glszm_LargeAreaHighGrayLevelEmphasis,5,100.0
Mutual Information,wavelet-LHL_glszm_LargeAreaHighGrayLevelEmphasis,5,100.0
L1 Logistic Regression,wavelet-LHL_glszm_LargeAreaHighGrayLevelEmphasis,4,80.0
Anova,wavelet-LHL_glszm_LargeAreaHighGrayLevelEmphasis,3,60.0
RFE (SVM),wavelet-LHL_glszm_LargeAreaHighGrayLevelEmphasis,2,40.0
Vanilla RF,wavelet-LHL_glszm_LargeAreaLowGrayLevelEmphasis,5,100.0
Variance,wavelet-LHL_glszm_LargeAreaLowGrayLevelEmphasis,5,100.0
Mutual Information,wavelet-LHL_glszm_LargeAreaLowGrayLevelEmphasis,5,100.0
L1 Logistic Regression,wavelet-LHL_glszm_LargeAreaLowGrayLevelEmphasis,4,80.0
Anova,wavelet-LHL_glszm_LargeAreaLowGrayLevelEmphasis,3,60.0
RFE (SVM),wavelet-LHL_glszm_LargeAreaLowGrayLevelEmphasis,2,40.0
Vanilla RF,wavelet-LHL_glszm_LowGrayLevelZoneEmphasis,5,100.0
Variance,wavelet-LHL_glszm_LowGrayLevelZoneEmphasis,5,100.0
L1 Logistic Regression,wavelet-LHL_glszm_LowGrayLevelZoneEmphasis,5,100.0
DyGraFS,wavelet-LHL_glszm_LowGrayLevelZoneEmphasis,3,60.0
Mutual Information,wavelet-LHL_glszm_LowGrayLevelZoneEmphasis,2,40.0
RFE (SVM),wavelet-LHL_glszm_LowGrayLevelZoneEmphasis,2,40.0
Anova,wavelet-LHL_glszm_LowGrayLevelZoneEmphasis,1,20.0
Vanilla RF,wavelet-LHL_glszm_SizeZoneNonUniformity,5,100.0
Variance,wavelet-LHL_glszm_SizeZoneNonUniformity,5,100.0
Anova,wavelet-LHL_glszm_SizeZoneNonUniformity,4,80.0
L1 Logistic Regression,wavelet-LHL_glszm_SizeZoneNonUniformity,4,80.0
Mutual Information,wavelet-LHL_glszm_SizeZoneNonUniformity,3,60.0
RFE (SVM),wavelet-LHL_glszm_SizeZoneNonUniformity,3,60.0
Vanilla RF,wavelet-LHL_glszm_SizeZoneNonUniformityNormalized,5,100.0
Variance,wavelet-LHL_glszm_SizeZoneNonUniformityNormalized,4,80.0
L1 Logistic Regression,wavelet-LHL_glszm_SizeZoneNonUniformityNormalized,4,80.0
DyGraFS,wavelet-LHL_glszm_SizeZoneNonUniformityNormalized,3,60.0
RFE (SVM),wavelet-LHL_glszm_SizeZoneNonUniformityNormalized,3,60.0
Mutual Information,wavelet-LHL_glszm_SizeZoneNonUniformityNormalized,2,40.0
Anova,wavelet-LHL_glszm_SizeZoneNonUniformityNormalized,1,20.0
Vanilla RF,wavelet-LHL_glszm_SmallAreaEmphasis,5,100.0
Variance,wavelet-LHL_glszm_SmallAreaEmphasis,5,100.0
L1 Logistic Regression,wavelet-LHL_glszm_SmallAreaEmphasis,4,80.0
Anova,wavelet-LHL_glszm_SmallAreaEmphasis,3,60.0
DyGraFS,wavelet-LHL_glszm_SmallAreaEmphasis,2,40.0
Mutual Information,wavelet-LHL_glszm_SmallAreaEmphasis,2,40.0
RFE (SVM),wavelet-LHL_glszm_SmallAreaEmphasis,2,40.0
GFSIR,wavelet-LHL_glszm_SmallAreaEmphasis,1,20.0
Vanilla RF,wavelet-LHL_glszm_SmallAreaHighGrayLevelEmphasis,5,100.0
Variance,wavelet-LHL_glszm_SmallAreaHighGrayLevelEmphasis,5,100.0
RFE (SVM),wavelet-LHL_glszm_SmallAreaHighGrayLevelEmphasis,5,100.0
L1 Logistic Regression,wavelet-LHL_glszm_SmallAreaHighGrayLevelEmphasis,4,80.0
DyGraFS,wavelet-LHL_glszm_SmallAreaHighGrayLevelEmphasis,2,40.0
Anova,wavelet-LHL_glszm_SmallAreaHighGrayLevelEmphasis,1,20.0
Mutual Information,wavelet-LHL_glszm_SmallAreaHighGrayLevelEmphasis,1,20.0
Vanilla RF,wavelet-LHL_glszm_SmallAreaLowGrayLevelEmphasis,5,100.0
Variance,wavelet-LHL_glszm_SmallAreaLowGrayLevelEmphasis,5,100.0
L1 Logistic Regression,wavelet-LHL_glszm_SmallAreaLowGrayLevelEmphasis,5,100.0
RFE (SVM),wavelet-LHL_glszm_SmallAreaLowGrayLevelEmphasis,4,80.0
Anova,wavelet-LHL_glszm_SmallAreaLowGrayLevelEmphasis,3,60.0
DyGraFS,wavelet-LHL_glszm_SmallAreaLowGrayLevelEmphasis,2,40.0
Vanilla RF,wavelet-LHL_glszm_ZoneEntropy,5,100.0
Variance,wavelet-LHL_glszm_ZoneEntropy,5,100.0
L1 Logistic Regression,wavelet-LHL_glszm_ZoneEntropy,4,80.0
Anova,wavelet-LHL_glszm_ZoneEntropy,3,60.0
RFE (SVM),wavelet-LHL_glszm_ZoneEntropy,3,60.0
DyGraFS,wavelet-LHL_glszm_ZoneEntropy,2,40.0
Mutual Information,wavelet-LHL_glszm_ZoneEntropy,2,40.0
Vanilla RF,wavelet-LHL_glszm_ZonePercentage,5,100.0
L1 Logistic Regression,wavelet-LHL_glszm_ZonePercentage,4,80.0
Anova,wavelet-LHL_glszm_ZonePercentage,3,60.0
Mutual Information,wavelet-LHL_glszm_ZonePercentage,3,60.0
Variance,wavelet-LHL_glszm_ZonePercentage,1,20.0
RFE (SVM),wavelet-LHL_glszm_ZonePercentage,1,20.0
Vanilla RF,wavelet-LHL_glszm_ZoneVariance,5,100.0
Variance,wavelet-LHL_glszm_ZoneVariance,5,100.0
Mutual Information,wavelet-LHL_glszm_ZoneVariance,5,100.0
L1 Logistic Regression,wavelet-LHL_glszm_ZoneVariance,4,80.0
Anova,wavelet-LHL_glszm_ZoneVariance,3,60.0
RFE (SVM),wavelet-LHL_glszm_ZoneVariance,1,20.0
Vanilla RF,wavelet-LHL_ngtdm_Busyness,5,100.0
Variance,wavelet-LHL_ngtdm_Busyness,5,100.0
Mutual Information,wavelet-LHL_ngtdm_Busyness,5,100.0
Anova,wavelet-LHL_ngtdm_Busyness,4,80.0
L1 Logistic Regression,wavelet-LHL_ngtdm_Busyness,4,80.0
Vanilla RF,wavelet-LHL_ngtdm_Coarseness,5,100.0
Mutual Information,wavelet-LHL_ngtdm_Coarseness,5,100.0
L1 Logistic Regression,wavelet-LHL_ngtdm_Coarseness,4,80.0
Anova,wavelet-LHL_ngtdm_Coarseness,3,60.0
Variance,wavelet-LHL_ngtdm_Coarseness,1,20.0
Vanilla RF,wavelet-LHL_ngtdm_Complexity,5,100.0
Anova,wavelet-LHL_ngtdm_Complexity,5,100.0
Variance,wavelet-LHL_ngtdm_Complexity,4,80.0
Mutual Information,wavelet-LHL_ngtdm_Complexity,4,80.0
L1 Logistic Regression,wavelet-LHL_ngtdm_Complexity,2,40.0
Boruta,wavelet-LHL_ngtdm_Complexity,1,20.0
Vanilla RF,wavelet-LHL_ngtdm_Contrast,5,100.0
Anova,wavelet-LHL_ngtdm_Contrast,5,100.0
Mutual Information,wavelet-LHL_ngtdm_Contrast,5,100.0
Variance,wavelet-LHL_ngtdm_Contrast,3,60.0
L1 Logistic Regression,wavelet-LHL_ngtdm_Contrast,2,40.0
Boruta,wavelet-LHL_ngtdm_Contrast,1,20.0
Vanilla RF,wavelet-LHL_ngtdm_Strength,5,100.0
Mutual Information,wavelet-LHL_ngtdm_Strength,5,100.0
L1 Logistic Regression,wavelet-LHL_ngtdm_Strength,4,80.0
Anova,wavelet-LHL_ngtdm_Strength,3,60.0
Variance,wavelet-LHL_ngtdm_Strength,1,20.0
Vanilla RF,wavelet-LLH_firstorder_10Percentile,5,100.0
Mutual Information,wavelet-LLH_firstorder_10Percentile,5,100.0
Variance,wavelet-LLH_firstorder_10Percentile,4,80.0
Anova,wavelet-LLH_firstorder_10Percentile,4,80.0
L1 Logistic Regression,wavelet-LLH_firstorder_10Percentile,4,80.0
DyGraFS,wavelet-LLH_firstorder_10Percentile,2,40.0
RFE (SVM),wavelet-LLH_firstorder_10Percentile,1,20.0
Vanilla RF,wavelet-LLH_firstorder_90Percentile,5,100.0
Variance,wavelet-LLH_firstorder_90Percentile,4,80.0
L1 Logistic Regression,wavelet-LLH_firstorder_90Percentile,4,80.0
Anova,wavelet-LLH_firstorder_90Percentile,3,60.0
Mutual Information,wavelet-LLH_firstorder_90Percentile,2,40.0
DyGraFS,wavelet-LLH_firstorder_90Percentile,1,20.0
RFE (SVM),wavelet-LLH_firstorder_90Percentile,1,20.0
Vanilla RF,wavelet-LLH_firstorder_Energy,5,100.0
Variance,wavelet-LLH_firstorder_Energy,5,100.0
Mutual Information,wavelet-LLH_firstorder_Energy,4,80.0
L1 Logistic Regression,wavelet-LLH_firstorder_Energy,4,80.0
Anova,wavelet-LLH_firstorder_Energy,3,60.0
RFE (SVM),wavelet-LLH_firstorder_Energy,3,60.0
Vanilla RF,wavelet-LLH_firstorder_Entropy,5,100.0
Mutual Information,wavelet-LLH_firstorder_Entropy,4,80.0
L1 Logistic Regression,wavelet-LLH_firstorder_Entropy,4,80.0
Variance,wavelet-LLH_firstorder_Entropy,3,60.0
Anova,wavelet-LLH_firstorder_Entropy,3,60.0
Boruta,wavelet-LLH_firstorder_Entropy,3,60.0
Vanilla RF,wavelet-LLH_firstorder_InterquartileRange,5,100.0
Variance,wavelet-LLH_firstorder_InterquartileRange,4,80.0
Anova,wavelet-LLH_firstorder_InterquartileRange,4,80.0
L1 Logistic Regression,wavelet-LLH_firstorder_InterquartileRange,4,80.0
Mutual Information,wavelet-LLH_firstorder_InterquartileRange,2,40.0
DyGraFS,wavelet-LLH_firstorder_InterquartileRange,1,20.0
RFE (SVM),wavelet-LLH_firstorder_InterquartileRange,1,20.0
Vanilla RF,wavelet-LLH_firstorder_Kurtosis,5,100.0
Variance,wavelet-LLH_firstorder_Kurtosis,5,100.0
Mutual Information,wavelet-LLH_firstorder_Kurtosis,5,100.0
L1 Logistic Regression,wavelet-LLH_firstorder_Kurtosis,4,80.0
DyGraFS,wavelet-LLH_firstorder_Kurtosis,3,60.0
RFE (SVM),wavelet-LLH_firstorder_Kurtosis,3,60.0
Boruta,wavelet-LLH_firstorder_Kurtosis,3,60.0
Anova,wavelet-LLH_firstorder_Kurtosis,1,20.0
Vanilla RF,wavelet-LLH_firstorder_Maximum,5,100.0
Variance,wavelet-LLH_firstorder_Maximum,5,100.0
L1 Logistic Regression,wavelet-LLH_firstorder_Maximum,4,80.0
RFE (SVM),wavelet-LLH_firstorder_Maximum,4,80.0
Anova,wavelet-LLH_firstorder_Maximum,3,60.0
DyGraFS,wavelet-LLH_firstorder_Maximum,2,40.0
Mutual Information,wavelet-LLH_firstorder_Maximum,2,40.0
Vanilla RF,wavelet-LLH_firstorder_Mean,5,100.0
Anova,wavelet-LLH_firstorder_Mean,5,100.0
Variance,wavelet-LLH_firstorder_Mean,3,60.0
Mutual Information,wavelet-LLH_firstorder_Mean,3,60.0
L1 Logistic Regression,wavelet-LLH_firstorder_Mean,3,60.0
Boruta,wavelet-LLH_firstorder_Mean,2,40.0
Vanilla RF,wavelet-LLH_firstorder_MeanAbsoluteDeviation,5,100.0
Variance,wavelet-LLH_firstorder_MeanAbsoluteDeviation,4,80.0
L1 Logistic Regression,wavelet-LLH_firstorder_MeanAbsoluteDeviation,4,80.0
Anova,wavelet-LLH_firstorder_MeanAbsoluteDeviation,3,60.0
Mutual Information,wavelet-LLH_firstorder_MeanAbsoluteDeviation,2,40.0
DyGraFS,wavelet-LLH_firstorder_MeanAbsoluteDeviation,1,20.0
Vanilla RF,wavelet-LLH_firstorder_Median,5,100.0
Mutual Information,wavelet-LLH_firstorder_Median,5,100.0
Boruta,wavelet-LLH_firstorder_Median,5,100.0
L1 Logistic Regression,wavelet-LLH_firstorder_Median,4,80.0
Variance,wavelet-LLH_firstorder_Median,3,60.0
Anova,wavelet-LLH_firstorder_Median,3,60.0
Vanilla RF,wavelet-LLH_firstorder_Minimum,5,100.0
Variance,wavelet-LLH_firstorder_Minimum,5,100.0
L1 Logistic Regression,wavelet-LLH_firstorder_Minimum,4,80.0
RFE (SVM),wavelet-LLH_firstorder_Minimum,2,40.0
DyGraFS,wavelet-LLH_firstorder_Minimum,1,20.0
Anova,wavelet-LLH_firstorder_Minimum,1,20.0
Mutual Information,wavelet-LLH_firstorder_Minimum,1,20.0
Vanilla RF,wavelet-LLH_firstorder_Range,5,100.0
Variance,wavelet-LLH_firstorder_Range,5,100.0
L1 Logistic Regression,wavelet-LLH_firstorder_Range,4,80.0
Anova,wavelet-LLH_firstorder_Range,3,60.0
DyGraFS,wavelet-LLH_firstorder_Range,2,40.0
Mutual Information,wavelet-LLH_firstorder_Range,2,40.0
RFE (SVM),wavelet-LLH_firstorder_Range,2,40.0
Vanilla RF,wavelet-LLH_firstorder_RobustMeanAbsoluteDeviation,5,100.0
Anova,wavelet-LLH_firstorder_RobustMeanAbsoluteDeviation,4,80.0
Mutual Information,wavelet-LLH_firstorder_RobustMeanAbsoluteDeviation,4,80.0
L1 Logistic Regression,wavelet-LLH_firstorder_RobustMeanAbsoluteDeviation,4,80.0
Variance,wavelet-LLH_firstorder_RobustMeanAbsoluteDeviation,3,60.0
RFE (SVM),wavelet-LLH_firstorder_RobustMeanAbsoluteDeviation,1,20.0
Vanilla RF,wavelet-LLH_firstorder_RootMeanSquared,5,100.0
Variance,wavelet-LLH_firstorder_RootMeanSquared,4,80.0
Anova,wavelet-LLH_firstorder_RootMeanSquared,3,60.0
L1 Logistic Regression,wavelet-LLH_firstorder_RootMeanSquared,3,60.0
Mutual Information,wavelet-LLH_firstorder_RootMeanSquared,2,40.0
DyGraFS,wavelet-LLH_firstorder_RootMeanSquared,1,20.0
RFE (SVM),wavelet-LLH_firstorder_RootMeanSquared,1,20.0
Vanilla RF,wavelet-LLH_firstorder_Skewness,5,100.0
Variance,wavelet-LLH_firstorder_Skewness,5,100.0
L1 Logistic Regression,wavelet-LLH_firstorder_Skewness,5,100.0
Boruta,wavelet-LLH_firstorder_Skewness,4,80.0
DyGraFS,wavelet-LLH_firstorder_Skewness,3,60.0
Mutual Information,wavelet-LLH_firstorder_Skewness,2,40.0
RFE (SVM),wavelet-LLH_firstorder_Skewness,2,40.0
Anova,wavelet-LLH_firstorder_Skewness,1,20.0
Vanilla RF,wavelet-LLH_firstorder_TotalEnergy,5,100.0
Variance,wavelet-LLH_firstorder_TotalEnergy,5,100.0
Mutual Information,wavelet-LLH_firstorder_TotalEnergy,4,80.0
L1 Logistic Regression,wavelet-LLH_firstorder_TotalEnergy,4,80.0
Anova,wavelet-LLH_firstorder_TotalEnergy,3,60.0
RFE (SVM),wavelet-LLH_firstorder_TotalEnergy,3,60.0
Vanilla RF,wavelet-LLH_firstorder_Uniformity,5,100.0
Mutual Information,wavelet-LLH_firstorder_Uniformity,4,80.0
L1 Logistic Regression,wavelet-LLH_firstorder_Uniformity,4,80.0
Boruta,wavelet-LLH_firstorder_Uniformity,4,80.0
Variance,wavelet-LLH_firstorder_Uniformity,3,60.0
Anova,wavelet-LLH_firstorder_Uniformity,3,60.0
RFE (SVM),wavelet-LLH_firstorder_Uniformity,1,20.0
Vanilla RF,wavelet-LLH_firstorder_Variance,5,100.0
L1 Logistic Regression,wavelet-LLH_firstorder_Variance,4,80.0
Variance,wavelet-LLH_firstorder_Variance,3,60.0
Anova,wavelet-LLH_firstorder_Variance,3,60.0
RFE (SVM),wavelet-LLH_firstorder_Variance,3,60.0
Mutual Information,wavelet-LLH_firstorder_Variance,2,40.0
Vanilla RF,wavelet-LLH_glcm_Autocorrelation,5,100.0
Variance,wavelet-LLH_glcm_Autocorrelation,5,100.0
Anova,wavelet-LLH_glcm_Autocorrelation,5,100.0
Mutual Information,wavelet-LLH_glcm_Autocorrelation,5,100.0
Boruta,wavelet-LLH_glcm_Autocorrelation,5,100.0
L1 Logistic Regression,wavelet-LLH_glcm_Autocorrelation,3,60.0
Vanilla RF,wavelet-LLH_glcm_ClusterProminence,5,100.0
Variance,wavelet-LLH_glcm_ClusterProminence,4,80.0
L1 Logistic Regression,wavelet-LLH_glcm_ClusterProminence,4,80.0
Anova,wavelet-LLH_glcm_ClusterProminence,3,60.0
Mutual Information,wavelet-LLH_glcm_ClusterProminence,2,40.0
DyGraFS,wavelet-LLH_glcm_ClusterProminence,1,20.0
Vanilla RF,wavelet-LLH_glcm_ClusterShade,5,100.0
Anova,wavelet-LLH_glcm_ClusterShade,5,100.0
Mutual Information,wavelet-LLH_glcm_ClusterShade,5,100.0
Variance,wavelet-LLH_glcm_ClusterShade,4,80.0
L1 Logistic Regression,wavelet-LLH_glcm_ClusterShade,4,80.0
Boruta,wavelet-LLH_glcm_ClusterShade,3,60.0
DyGraFS,wavelet-LLH_glcm_ClusterShade,1,20.0
Vanilla RF,wavelet-LLH_glcm_ClusterTendency,5,100.0
Variance,wavelet-LLH_glcm_ClusterTendency,4,80.0
L1 Logistic Regression,wavelet-LLH_glcm_ClusterTendency,4,80.0
DyGraFS,wavelet-LLH_glcm_ClusterTendency,2,40.0
Mutual Information,wavelet-LLH_glcm_ClusterTendency,2,40.0
RFE (SVM),wavelet-LLH_glcm_ClusterTendency,2,40.0
Anova,wavelet-LLH_glcm_ClusterTendency,1,20.0
Vanilla RF,wavelet-LLH_glcm_Contrast,5,100.0
Anova,wavelet-LLH_glcm_Contrast,5,100.0
Variance,wavelet-LLH_glcm_Contrast,4,80.0
L1 Logistic Regression,wavelet-LLH_glcm_Contrast,4,80.0
Mutual Information,wavelet-LLH_glcm_Contrast,3,60.0
RFE (SVM),wavelet-LLH_glcm_Contrast,1,20.0
Vanilla RF,wavelet-LLH_glcm_Correlation,5,100.0
Variance,wavelet-LLH_glcm_Correlation,4,80.0
L1 Logistic Regression,wavelet-LLH_glcm_Correlation,4,80.0
Anova,wavelet-LLH_glcm_Correlation,3,60.0
Mutual Information,wavelet-LLH_glcm_Correlation,2,40.0
Vanilla RF,wavelet-LLH_glcm_DifferenceAverage,5,100.0
Anova,wavelet-LLH_glcm_DifferenceAverage,5,100.0
Variance,wavelet-LLH_glcm_DifferenceAverage,4,80.0
L1 Logistic Regression,wavelet-LLH_glcm_DifferenceAverage,4,80.0
Mutual Information,wavelet-LLH_glcm_DifferenceAverage,3,60.0
Vanilla RF,wavelet-LLH_glcm_DifferenceEntropy,5,100.0
Anova,wavelet-LLH_glcm_DifferenceEntropy,5,100.0
Mutual Information,wavelet-LLH_glcm_DifferenceEntropy,4,80.0
L1 Logistic Regression,wavelet-LLH_glcm_DifferenceEntropy,4,80.0
Variance,wavelet-LLH_glcm_DifferenceEntropy,3,60.0
RFE (SVM),wavelet-LLH_glcm_DifferenceEntropy,1,20.0
Vanilla RF,wavelet-LLH_glcm_DifferenceVariance,5,100.0
Anova,wavelet-LLH_glcm_DifferenceVariance,5,100.0
Mutual Information,wavelet-LLH_glcm_DifferenceVariance,4,80.0
L1 Logistic Regression,wavelet-LLH_glcm_DifferenceVariance,4,80.0
Variance,wavelet-LLH_glcm_DifferenceVariance,1,20.0
RFE (SVM),wavelet-LLH_glcm_DifferenceVariance,1,20.0
Vanilla RF,wavelet-LLH_glcm_Id,5,100.0
Anova,wavelet-LLH_glcm_Id,5,100.0
L1 Logistic Regression,wavelet-LLH_glcm_Id,4,80.0
Variance,wavelet-LLH_glcm_Id,3,60.0
Mutual Information,wavelet-LLH_glcm_Id,3,60.0
RFE (SVM),wavelet-LLH_glcm_Id,1,20.0
Vanilla RF,wavelet-LLH_glcm_Idm,5,100.0
Anova,wavelet-LLH_glcm_Idm,5,100.0
L1 Logistic Regression,wavelet-LLH_glcm_Idm,4,80.0
Variance,wavelet-LLH_glcm_Idm,3,60.0
Mutual Information,wavelet-LLH_glcm_Idm,3,60.0
RFE (SVM),wavelet-LLH_glcm_Idm,1,20.0
Vanilla RF,wavelet-LLH_glcm_Idmn,5,100.0
Anova,wavelet-LLH_glcm_Idmn,5,100.0
L1 Logistic Regression,wavelet-LLH_glcm_Idmn,4,80.0
Mutual Information,wavelet-LLH_glcm_Idmn,3,60.0
Variance,wavelet-LLH_glcm_Idmn,1,20.0
RFE (SVM),wavelet-LLH_glcm_Idmn,1,20.0
Vanilla RF,wavelet-LLH_glcm_Idn,5,100.0
Anova,wavelet-LLH_glcm_Idn,5,100.0
L1 Logistic Regression,wavelet-LLH_glcm_Idn,4,80.0
Variance,wavelet-LLH_glcm_Idn,3,60.0
Mutual Information,wavelet-LLH_glcm_Idn,3,60.0
RFE (SVM),wavelet-LLH_glcm_Idn,1,20.0
Vanilla RF,wavelet-LLH_glcm_Imc1,5,100.0
Anova,wavelet-LLH_glcm_Imc1,5,100.0
L1 Logistic Regression,wavelet-LLH_glcm_Imc1,4,80.0
Variance,wavelet-LLH_glcm_Imc1,3,60.0
Mutual Information,wavelet-LLH_glcm_Imc1,2,40.0
RFE (SVM),wavelet-LLH_glcm_Imc1,1,20.0
Vanilla RF,wavelet-LLH_glcm_Imc2,5,100.0
Anova,wavelet-LLH_glcm_Imc2,5,100.0
L1 Logistic Regression,wavelet-LLH_glcm_Imc2,5,100.0
RFE (SVM),wavelet-LLH_glcm_Imc2,5,100.0
DyGraFS,wavelet-LLH_glcm_Imc2,4,80.0
Variance,wavelet-LLH_glcm_Imc2,4,80.0
Mutual Information,wavelet-LLH_glcm_Imc2,2,40.0
Vanilla RF,wavelet-LLH_glcm_InverseVariance,5,100.0
Anova,wavelet-LLH_glcm_InverseVariance,5,100.0
Variance,wavelet-LLH_glcm_InverseVariance,4,80.0
L1 Logistic Regression,wavelet-LLH_glcm_InverseVariance,4,80.0
Mutual Information,wavelet-LLH_glcm_InverseVariance,3,60.0
RFE (SVM),wavelet-LLH_glcm_InverseVariance,1,20.0
Vanilla RF,wavelet-LLH_glcm_JointAverage,5,100.0
Anova,wavelet-LLH_glcm_JointAverage,5,100.0
Mutual Information,wavelet-LLH_glcm_JointAverage,5,100.0
Boruta,wavelet-LLH_glcm_JointAverage,5,100.0
Variance,wavelet-LLH_glcm_JointAverage,4,80.0
L1 Logistic Regression,wavelet-LLH_glcm_JointAverage,3,60.0
DyGraFS,wavelet-LLH_glcm_JointAverage,1,20.0
Vanilla RF,wavelet-LLH_glcm_JointEnergy,5,100.0
Mutual Information,wavelet-LLH_glcm_JointEnergy,5,100.0
L1 Logistic Regression,wavelet-LLH_glcm_JointEnergy,4,80.0
Variance,wavelet-LLH_glcm_JointEnergy,3,60.0
Anova,wavelet-LLH_glcm_JointEnergy,3,60.0
Boruta,wavelet-LLH_glcm_JointEnergy,1,20.0
Vanilla RF,wavelet-LLH_glcm_JointEntropy,5,100.0
Mutual Information,wavelet-LLH_glcm_JointEntropy,5,100.0
Variance,wavelet-LLH_glcm_JointEntropy,4,80.0
Anova,wavelet-LLH_glcm_JointEntropy,4,80.0
L1 Logistic Regression,wavelet-LLH_glcm_JointEntropy,4,80.0
Boruta,wavelet-LLH_glcm_JointEntropy,2,40.0
Vanilla RF,wavelet-LLH_glcm_MCC,5,100.0
Anova,wavelet-LLH_glcm_MCC,5,100.0
Variance,wavelet-LLH_glcm_MCC,4,80.0
L1 Logistic Regression,wavelet-LLH_glcm_MCC,4,80.0
RFE (SVM),wavelet-LLH_glcm_MCC,3,60.0
Mutual Information,wavelet-LLH_glcm_MCC,2,40.0
Vanilla RF,wavelet-LLH_glcm_MaximumProbability,5,100.0
Anova,wavelet-LLH_glcm_MaximumProbability,5,100.0
Mutual Information,wavelet-LLH_glcm_MaximumProbability,5,100.0
Variance,wavelet-LLH_glcm_MaximumProbability,4,80.0
Boruta,wavelet-LLH_glcm_MaximumProbability,4,80.0
L1 Logistic Regression,wavelet-LLH_glcm_MaximumProbability,3,60.0
DyGraFS,wavelet-LLH_glcm_MaximumProbability,2,40.0
RFE (SVM),wavelet-LLH_glcm_MaximumProbability,1,20.0
Vanilla RF,wavelet-LLH_glcm_SumAverage,5,100.0
Variance,wavelet-LLH_glcm_SumAverage,5,100.0
Anova,wavelet-LLH_glcm_SumAverage,5,100.0
Mutual Information,wavelet-LLH_glcm_SumAverage,5,100.0
Boruta,wavelet-LLH_glcm_SumAverage,5,100.0
L1 Logistic Regression,wavelet-LLH_glcm_SumAverage,3,60.0
DyGraFS,wavelet-LLH_glcm_SumAverage,1,20.0
Vanilla RF,wavelet-LLH_glcm_SumEntropy,5,100.0
Variance,wavelet-LLH_glcm_SumEntropy,4,80.0
L1 Logistic Regression,wavelet-LLH_glcm_SumEntropy,4,80.0
RFE (SVM),wavelet-LLH_glcm_SumEntropy,4,80.0
DyGraFS,wavelet-LLH_glcm_SumEntropy,2,40.0
Anova,wavelet-LLH_glcm_SumEntropy,2,40.0
Mutual Information,wavelet-LLH_glcm_SumEntropy,1,20.0
Vanilla RF,wavelet-LLH_glcm_SumSquares,5,100.0
Mutual Information,wavelet-LLH_glcm_SumSquares,5,100.0
Boruta,wavelet-LLH_glcm_SumSquares,5,100.0
L1 Logistic Regression,wavelet-LLH_glcm_SumSquares,4,80.0
Variance,wavelet-LLH_glcm_SumSquares,3,60.0
Anova,wavelet-LLH_glcm_SumSquares,3,60.0
Vanilla RF,wavelet-LLH_gldm_DependenceEntropy,5,100.0
Variance,wavelet-LLH_gldm_DependenceEntropy,5,100.0
L1 Logistic Regression,wavelet-LLH_gldm_DependenceEntropy,4,80.0
DyGraFS,wavelet-LLH_gldm_DependenceEntropy,2,40.0
RFE (SVM),wavelet-LLH_gldm_DependenceEntropy,2,40.0
Anova,wavelet-LLH_gldm_DependenceEntropy,1,20.0
Vanilla RF,wavelet-LLH_gldm_DependenceNonUniformity,5,100.0
Variance,wavelet-LLH_gldm_DependenceNonUniformity,5,100.0
Mutual Information,wavelet-LLH_gldm_DependenceNonUniformity,5,100.0
Anova,wavelet-LLH_gldm_DependenceNonUniformity,3,60.0
L1 Logistic Regression,wavelet-LLH_gldm_DependenceNonUniformity,3,60.0
DyGraFS,wavelet-LLH_gldm_DependenceNonUniformity,1,20.0
Vanilla RF,wavelet-LLH_gldm_DependenceNonUniformityNormalized,5,100.0
Anova,wavelet-LLH_gldm_DependenceNonUniformityNormalized,4,80.0
L1 Logistic Regression,wavelet-LLH_gldm_DependenceNonUniformityNormalized,4,80.0
Mutual Information,wavelet-LLH_gldm_DependenceNonUniformityNormalized,2,40.0
Variance,wavelet-LLH_gldm_DependenceNonUniformityNormalized,1,20.0
RFE (SVM),wavelet-LLH_gldm_DependenceNonUniformityNormalized,1,20.0
Vanilla RF,wavelet-LLH_gldm_DependenceVariance,5,100.0
Variance,wavelet-LLH_gldm_DependenceVariance,5,100.0
Anova,wavelet-LLH_gldm_DependenceVariance,4,80.0
L1 Logistic Regression,wavelet-LLH_gldm_DependenceVariance,4,80.0
DyGraFS,wavelet-LLH_gldm_DependenceVariance,2,40.0
Mutual Information,wavelet-LLH_gldm_DependenceVariance,2,40.0
Vanilla RF,wavelet-LLH_gldm_GrayLevelNonUniformity,5,100.0
Variance,wavelet-LLH_gldm_GrayLevelNonUniformity,5,100.0
Mutual Information,wavelet-LLH_gldm_GrayLevelNonUniformity,5,100.0
Anova,wavelet-LLH_gldm_GrayLevelNonUniformity,4,80.0
L1 Logistic Regression,wavelet-LLH_gldm_GrayLevelNonUniformity,4,80.0
Vanilla RF,wavelet-LLH_gldm_GrayLevelVariance,5,100.0
Mutual Information,wavelet-LLH_gldm_GrayLevelVariance,4,80.0
L1 Logistic Regression,wavelet-LLH_gldm_GrayLevelVariance,4,80.0
Boruta,wavelet-LLH_gldm_GrayLevelVariance,4,80.0
Anova,wavelet-LLH_gldm_GrayLevelVariance,3,60.0
Variance,wavelet-LLH_gldm_GrayLevelVariance,1,20.0
RFE (SVM),wavelet-LLH_gldm_GrayLevelVariance,1,20.0
Vanilla RF,wavelet-LLH_gldm_HighGrayLevelEmphasis,5,100.0
Variance,wavelet-LLH_gldm_HighGrayLevelEmphasis,5,100.0
Anova,wavelet-LLH_gldm_HighGrayLevelEmphasis,5,100.0
L1 Logistic Regression,wavelet-LLH_gldm_HighGrayLevelEmphasis,4,80.0
Mutual Information,wavelet-LLH_gldm_HighGrayLevelEmphasis,3,60.0
Boruta,wavelet-LLH_gldm_HighGrayLevelEmphasis,2,40.0
Vanilla RF,wavelet-LLH_gldm_LargeDependenceEmphasis,5,100.0
Variance,wavelet-LLH_gldm_LargeDependenceEmphasis,5,100.0
L1 Logistic Regression,wavelet-LLH_gldm_LargeDependenceEmphasis,4,80.0
RFE (SVM),wavelet-LLH_gldm_LargeDependenceEmphasis,3,60.0
DyGraFS,wavelet-LLH_gldm_LargeDependenceEmphasis,1,20.0
Anova,wavelet-LLH_gldm_LargeDependenceEmphasis,1,20.0
Vanilla RF,wavelet-LLH_gldm_LargeDependenceHighGrayLevelEmphasis,5,100.0
Variance,wavelet-LLH_gldm_LargeDependenceHighGrayLevelEmphasis,5,100.0
Anova,wavelet-LLH_gldm_LargeDependenceHighGrayLevelEmphasis,4,80.0
L1 Logistic Regression,wavelet-LLH_gldm_LargeDependenceHighGrayLevelEmphasis,4,80.0
Mutual Information,wavelet-LLH_gldm_LargeDependenceHighGrayLevelEmphasis,3,60.0
DyGraFS,wavelet-LLH_gldm_LargeDependenceHighGrayLevelEmphasis,2,40.0
Vanilla RF,wavelet-LLH_gldm_LargeDependenceLowGrayLevelEmphasis,5,100.0
Variance,wavelet-LLH_gldm_LargeDependenceLowGrayLevelEmphasis,5,100.0
L1 Logistic Regression,wavelet-LLH_gldm_LargeDependenceLowGrayLevelEmphasis,4,80.0
Anova,wavelet-LLH_gldm_LargeDependenceLowGrayLevelEmphasis,3,60.0
DyGraFS,wavelet-LLH_gldm_LargeDependenceLowGrayLevelEmphasis,2,40.0
Mutual Information,wavelet-LLH_gldm_LargeDependenceLowGrayLevelEmphasis,2,40.0
RFE (SVM),wavelet-LLH_gldm_LargeDependenceLowGrayLevelEmphasis,2,40.0
Vanilla RF,wavelet-LLH_gldm_LowGrayLevelEmphasis,5,100.0
Anova,wavelet-LLH_gldm_LowGrayLevelEmphasis,5,100.0
Variance,wavelet-LLH_gldm_LowGrayLevelEmphasis,4,80.0
L1 Logistic Regression,wavelet-LLH_gldm_LowGrayLevelEmphasis,4,80.0
Mutual Information,wavelet-LLH_gldm_LowGrayLevelEmphasis,3,60.0
Boruta,wavelet-LLH_gldm_LowGrayLevelEmphasis,3,60.0
Vanilla RF,wavelet-LLH_gldm_SmallDependenceEmphasis,5,100.0
Anova,wavelet-LLH_gldm_SmallDependenceEmphasis,3,60.0
Mutual Information,wavelet-LLH_gldm_SmallDependenceEmphasis,2,40.0
L1 Logistic Regression,wavelet-LLH_gldm_SmallDependenceEmphasis,2,40.0
Variance,wavelet-LLH_gldm_SmallDependenceEmphasis,1,20.0
Vanilla RF,wavelet-LLH_gldm_SmallDependenceHighGrayLevelEmphasis,5,100.0
L1 Logistic Regression,wavelet-LLH_gldm_SmallDependenceHighGrayLevelEmphasis,4,80.0
Variance,wavelet-LLH_gldm_SmallDependenceHighGrayLevelEmphasis,3,60.0
Anova,wavelet-LLH_gldm_SmallDependenceHighGrayLevelEmphasis,3,60.0
Mutual Information,wavelet-LLH_gldm_SmallDependenceHighGrayLevelEmphasis,2,40.0
Vanilla RF,wavelet-LLH_gldm_SmallDependenceLowGrayLevelEmphasis,5,100.0
L1 Logistic Regression,wavelet-LLH_gldm_SmallDependenceLowGrayLevelEmphasis,4,80.0
Anova,wavelet-LLH_gldm_SmallDependenceLowGrayLevelEmphasis,3,60.0
Mutual Information,wavelet-LLH_gldm_SmallDependenceLowGrayLevelEmphasis,2,40.0
Vanilla RF,wavelet-LLH_glrlm_GrayLevelNonUniformity,5,100.0
Variance,wavelet-LLH_glrlm_GrayLevelNonUniformity,5,100.0
Mutual Information,wavelet-LLH_glrlm_GrayLevelNonUniformity,5,100.0
Anova,wavelet-LLH_glrlm_GrayLevelNonUniformity,4,80.0
L1 Logistic Regression,wavelet-LLH_glrlm_GrayLevelNonUniformity,4,80.0
Vanilla RF,wavelet-LLH_glrlm_GrayLevelNonUniformityNormalized,5,100.0
L1 Logistic Regression,wavelet-LLH_glrlm_GrayLevelNonUniformityNormalized,4,80.0
Anova,wavelet-LLH_glrlm_GrayLevelNonUniformityNormalized,2,40.0
Mutual Information,wavelet-LLH_glrlm_GrayLevelNonUniformityNormalized,2,40.0
RFE (SVM),wavelet-LLH_glrlm_GrayLevelNonUniformityNormalized,2,40.0
Variance,wavelet-LLH_glrlm_GrayLevelNonUniformityNormalized,1,20.0
Vanilla RF,wavelet-LLH_glrlm_GrayLevelVariance,5,100.0
L1 Logistic Regression,wavelet-LLH_glrlm_GrayLevelVariance,4,80.0
Anova,wavelet-LLH_glrlm_GrayLevelVariance,2,40.0
Mutual Information,wavelet-LLH_glrlm_GrayLevelVariance,2,40.0
RFE (SVM),wavelet-LLH_glrlm_GrayLevelVariance,2,40.0
Vanilla RF,wavelet-LLH_glrlm_HighGrayLevelRunEmphasis,5,100.0
Variance,wavelet-LLH_glrlm_HighGrayLevelRunEmphasis,4,80.0
L1 Logistic Regression,wavelet-LLH_glrlm_HighGrayLevelRunEmphasis,4,80.0
DyGraFS,wavelet-LLH_glrlm_HighGrayLevelRunEmphasis,3,60.0
Anova,wavelet-LLH_glrlm_HighGrayLevelRunEmphasis,3,60.0
Mutual Information,wavelet-LLH_glrlm_HighGrayLevelRunEmphasis,2,40.0
RFE (SVM),wavelet-LLH_glrlm_HighGrayLevelRunEmphasis,2,40.0
Vanilla RF,wavelet-LLH_glrlm_LongRunEmphasis,5,100.0
Variance,wavelet-LLH_glrlm_LongRunEmphasis,5,100.0
L1 Logistic Regression,wavelet-LLH_glrlm_LongRunEmphasis,3,60.0
RFE (SVM),wavelet-LLH_glrlm_LongRunEmphasis,2,40.0
DyGraFS,wavelet-LLH_glrlm_LongRunEmphasis,1,20.0
Anova,wavelet-LLH_glrlm_LongRunEmphasis,1,20.0
Vanilla RF,wavelet-LLH_glrlm_LongRunHighGrayLevelEmphasis,5,100.0
Variance,wavelet-LLH_glrlm_LongRunHighGrayLevelEmphasis,5,100.0
Anova,wavelet-LLH_glrlm_LongRunHighGrayLevelEmphasis,4,80.0
L1 Logistic Regression,wavelet-LLH_glrlm_LongRunHighGrayLevelEmphasis,4,80.0
Mutual Information,wavelet-LLH_glrlm_LongRunHighGrayLevelEmphasis,2,40.0
DyGraFS,wavelet-LLH_glrlm_LongRunHighGrayLevelEmphasis,1,20.0
Vanilla RF,wavelet-LLH_glrlm_LongRunLowGrayLevelEmphasis,5,100.0
Variance,wavelet-LLH_glrlm_LongRunLowGrayLevelEmphasis,5,100.0
L1 Logistic Regression,wavelet-LLH_glrlm_LongRunLowGrayLevelEmphasis,4,80.0
DyGraFS,wavelet-LLH_glrlm_LongRunLowGrayLevelEmphasis,2,40.0
Anova,wavelet-LLH_glrlm_LongRunLowGrayLevelEmphasis,1,20.0
RFE (SVM),wavelet-LLH_glrlm_LongRunLowGrayLevelEmphasis,1,20.0
Vanilla RF,wavelet-LLH_glrlm_LowGrayLevelRunEmphasis,5,100.0
L1 Logistic Regression,wavelet-LLH_glrlm_LowGrayLevelRunEmphasis,4,80.0
Variance,wavelet-LLH_glrlm_LowGrayLevelRunEmphasis,3,60.0
Anova,wavelet-LLH_glrlm_LowGrayLevelRunEmphasis,3,60.0
Mutual Information,wavelet-LLH_glrlm_LowGrayLevelRunEmphasis,2,40.0
RFE (SVM),wavelet-LLH_glrlm_LowGrayLevelRunEmphasis,2,40.0
Vanilla RF,wavelet-LLH_glrlm_RunEntropy,5,100.0
Variance,wavelet-LLH_glrlm_RunEntropy,5,100.0
L1 Logistic Regression,wavelet-LLH_glrlm_RunEntropy,4,80.0
Anova,wavelet-LLH_glrlm_RunEntropy,3,60.0
Mutual Information,wavelet-LLH_glrlm_RunEntropy,1,20.0
Vanilla RF,wavelet-LLH_glrlm_RunLengthNonUniformity,5,100.0
Variance,wavelet-LLH_glrlm_RunLengthNonUniformity,5,100.0
Mutual Information,wavelet-LLH_glrlm_RunLengthNonUniformity,5,100.0
Anova,wavelet-LLH_glrlm_RunLengthNonUniformity,4,80.0
L1 Logistic Regression,wavelet-LLH_glrlm_RunLengthNonUniformity,4,80.0
Boruta,wavelet-LLH_glrlm_RunLengthNonUniformity,2,40.0
Vanilla RF,wavelet-LLH_glrlm_RunLengthNonUniformityNormalized,5,100.0
Variance,wavelet-LLH_glrlm_RunLengthNonUniformityNormalized,4,80.0
L1 Logistic Regression,wavelet-LLH_glrlm_RunLengthNonUniformityNormalized,4,80.0
Anova,wavelet-LLH_glrlm_RunLengthNonUniformityNormalized,1,20.0
RFE (SVM),wavelet-LLH_glrlm_RunLengthNonUniformityNormalized,1,20.0
Vanilla RF,wavelet-LLH_glrlm_RunPercentage,5,100.0
Variance,wavelet-LLH_glrlm_RunPercentage,4,80.0
L1 Logistic Regression,wavelet-LLH_glrlm_RunPercentage,4,80.0
RFE (SVM),wavelet-LLH_glrlm_RunPercentage,2,40.0
DyGraFS,wavelet-LLH_glrlm_RunPercentage,1,20.0
Anova,wavelet-LLH_glrlm_RunPercentage,1,20.0
Vanilla RF,wavelet-LLH_glrlm_RunVariance,5,100.0
Variance,wavelet-LLH_glrlm_RunVariance,5,100.0
L1 Logistic Regression,wavelet-LLH_glrlm_RunVariance,5,100.0
RFE (SVM),wavelet-LLH_glrlm_RunVariance,3,60.0
Anova,wavelet-LLH_glrlm_RunVariance,1,20.0
Mutual Information,wavelet-LLH_glrlm_RunVariance,1,20.0
Vanilla RF,wavelet-LLH_glrlm_ShortRunEmphasis,5,100.0
Variance,wavelet-LLH_glrlm_ShortRunEmphasis,4,80.0
L1 Logistic Regression,wavelet-LLH_glrlm_ShortRunEmphasis,4,80.0
Mutual Information,wavelet-LLH_glrlm_ShortRunEmphasis,2,40.0
Anova,wavelet-LLH_glrlm_ShortRunEmphasis,1,20.0
RFE (SVM),wavelet-LLH_glrlm_ShortRunEmphasis,1,20.0
Vanilla RF,wavelet-LLH_glrlm_ShortRunHighGrayLevelEmphasis,5,100.0
Variance,wavelet-LLH_glrlm_ShortRunHighGrayLevelEmphasis,4,80.0
L1 Logistic Regression,wavelet-LLH_glrlm_ShortRunHighGrayLevelEmphasis,3,60.0
DyGraFS,wavelet-LLH_glrlm_ShortRunHighGrayLevelEmphasis,2,40.0
Mutual Information,wavelet-LLH_glrlm_ShortRunHighGrayLevelEmphasis,2,40.0
Anova,wavelet-LLH_glrlm_ShortRunHighGrayLevelEmphasis,1,20.0
RFE (SVM),wavelet-LLH_glrlm_ShortRunHighGrayLevelEmphasis,1,20.0
Vanilla RF,wavelet-LLH_glrlm_ShortRunLowGrayLevelEmphasis,5,100.0
L1 Logistic Regression,wavelet-LLH_glrlm_ShortRunLowGrayLevelEmphasis,4,80.0
Variance,wavelet-LLH_glrlm_ShortRunLowGrayLevelEmphasis,3,60.0
RFE (SVM),wavelet-LLH_glrlm_ShortRunLowGrayLevelEmphasis,3,60.0
Anova,wavelet-LLH_glrlm_ShortRunLowGrayLevelEmphasis,1,20.0
Mutual Information,wavelet-LLH_glrlm_ShortRunLowGrayLevelEmphasis,1,20.0
Vanilla RF,wavelet-LLH_glszm_GrayLevelNonUniformity,5,100.0
Variance,wavelet-LLH_glszm_GrayLevelNonUniformity,5,100.0
Mutual Information,wavelet-LLH_glszm_GrayLevelNonUniformity,5,100.0
Anova,wavelet-LLH_glszm_GrayLevelNonUniformity,4,80.0
L1 Logistic Regression,wavelet-LLH_glszm_GrayLevelNonUniformity,4,80.0
DyGraFS,wavelet-LLH_glszm_GrayLevelNonUniformity,3,60.0
RFE (SVM),wavelet-LLH_glszm_GrayLevelNonUniformity,2,40.0
Vanilla RF,wavelet-LLH_glszm_GrayLevelNonUniformityNormalized,5,100.0
Variance,wavelet-LLH_glszm_GrayLevelNonUniformityNormalized,4,80.0
L1 Logistic Regression,wavelet-LLH_glszm_GrayLevelNonUniformityNormalized,4,80.0
DyGraFS,wavelet-LLH_glszm_GrayLevelNonUniformityNormalized,3,60.0
Anova,wavelet-LLH_glszm_GrayLevelNonUniformityNormalized,2,40.0
Mutual Information,wavelet-LLH_glszm_GrayLevelNonUniformityNormalized,2,40.0
RFE (SVM),wavelet-LLH_glszm_GrayLevelNonUniformityNormalized,2,40.0
Vanilla RF,wavelet-LLH_glszm_GrayLevelVariance,5,100.0
Variance,wavelet-LLH_glszm_GrayLevelVariance,4,80.0
L1 Logistic Regression,wavelet-LLH_glszm_GrayLevelVariance,4,80.0
RFE (SVM),wavelet-LLH_glszm_GrayLevelVariance,3,60.0
DyGraFS,wavelet-LLH_glszm_GrayLevelVariance,2,40.0
Anova,wavelet-LLH_glszm_GrayLevelVariance,2,40.0
Mutual Information,wavelet-LLH_glszm_GrayLevelVariance,2,40.0
Vanilla RF,wavelet-LLH_glszm_HighGrayLevelZoneEmphasis,5,100.0
Variance,wavelet-LLH_glszm_HighGrayLevelZoneEmphasis,5,100.0
L1 Logistic Regression,wavelet-LLH_glszm_HighGrayLevelZoneEmphasis,5,100.0
DyGraFS,wavelet-LLH_glszm_HighGrayLevelZoneEmphasis,3,60.0
Mutual Information,wavelet-LLH_glszm_HighGrayLevelZoneEmphasis,2,40.0
Anova,wavelet-LLH_glszm_HighGrayLevelZoneEmphasis,1,20.0
RFE (SVM),wavelet-LLH_glszm_HighGrayLevelZoneEmphasis,1,20.0
Vanilla RF,wavelet-LLH_glszm_LargeAreaEmphasis,5,100.0
Variance,wavelet-LLH_glszm_LargeAreaEmphasis,5,100.0
Mutual Information,wavelet-LLH_glszm_LargeAreaEmphasis,5,100.0
L1 Logistic Regression,wavelet-LLH_glszm_LargeAreaEmphasis,4,80.0
Anova,wavelet-LLH_glszm_LargeAreaEmphasis,3,60.0
Vanilla RF,wavelet-LLH_glszm_LargeAreaHighGrayLevelEmphasis,5,100.0
Variance,wavelet-LLH_glszm_LargeAreaHighGrayLevelEmphasis,5,100.0
Mutual Information,wavelet-LLH_glszm_LargeAreaHighGrayLevelEmphasis,5,100.0
L1 Logistic Regression,wavelet-LLH_glszm_LargeAreaHighGrayLevelEmphasis,4,80.0
Anova,wavelet-LLH_glszm_LargeAreaHighGrayLevelEmphasis,3,60.0
Vanilla RF,wavelet-LLH_glszm_LargeAreaLowGrayLevelEmphasis,5,100.0
Variance,wavelet-LLH_glszm_LargeAreaLowGrayLevelEmphasis,5,100.0
Mutual Information,wavelet-LLH_glszm_LargeAreaLowGrayLevelEmphasis,5,100.0
L1 Logistic Regression,wavelet-LLH_glszm_LargeAreaLowGrayLevelEmphasis,4,80.0
Anova,wavelet-LLH_glszm_LargeAreaLowGrayLevelEmphasis,3,60.0
Vanilla RF,wavelet-LLH_glszm_LowGrayLevelZoneEmphasis,5,100.0
Variance,wavelet-LLH_glszm_LowGrayLevelZoneEmphasis,5,100.0
L1 Logistic Regression,wavelet-LLH_glszm_LowGrayLevelZoneEmphasis,5,100.0
Mutual Information,wavelet-LLH_glszm_LowGrayLevelZoneEmphasis,2,40.0
RFE (SVM),wavelet-LLH_glszm_LowGrayLevelZoneEmphasis,2,40.0
DyGraFS,wavelet-LLH_glszm_LowGrayLevelZoneEmphasis,1,20.0
Anova,wavelet-LLH_glszm_LowGrayLevelZoneEmphasis,1,20.0
Vanilla RF,wavelet-LLH_glszm_SizeZoneNonUniformity,5,100.0
Variance,wavelet-LLH_glszm_SizeZoneNonUniformity,5,100.0
Mutual Information,wavelet-LLH_glszm_SizeZoneNonUniformity,5,100.0
Anova,wavelet-LLH_glszm_SizeZoneNonUniformity,4,80.0
L1 Logistic Regression,wavelet-LLH_glszm_SizeZoneNonUniformity,4,80.0
RFE (SVM),wavelet-LLH_glszm_SizeZoneNonUniformity,3,60.0
Vanilla RF,wavelet-LLH_glszm_SizeZoneNonUniformityNormalized,5,100.0
Variance,wavelet-LLH_glszm_SizeZoneNonUniformityNormalized,4,80.0
L1 Logistic Regression,wavelet-LLH_glszm_SizeZoneNonUniformityNormalized,4,80.0
DyGraFS,wavelet-LLH_glszm_SizeZoneNonUniformityNormalized,3,60.0
RFE (SVM),wavelet-LLH_glszm_SizeZoneNonUniformityNormalized,3,60.0
Mutual Information,wavelet-LLH_glszm_SizeZoneNonUniformityNormalized,2,40.0
Anova,wavelet-LLH_glszm_SizeZoneNonUniformityNormalized,1,20.0
Vanilla RF,wavelet-LLH_glszm_SmallAreaEmphasis,5,100.0
Variance,wavelet-LLH_glszm_SmallAreaEmphasis,5,100.0
L1 Logistic Regression,wavelet-LLH_glszm_SmallAreaEmphasis,4,80.0
Anova,wavelet-LLH_glszm_SmallAreaEmphasis,3,60.0
DyGraFS,wavelet-LLH_glszm_SmallAreaEmphasis,2,40.0
RFE (SVM),wavelet-LLH_glszm_SmallAreaEmphasis,2,40.0
Mutual Information,wavelet-LLH_glszm_SmallAreaEmphasis,1,20.0
GFSIR,wavelet-LLH_glszm_SmallAreaEmphasis,1,20.0
Vanilla RF,wavelet-LLH_glszm_SmallAreaHighGrayLevelEmphasis,5,100.0
Variance,wavelet-LLH_glszm_SmallAreaHighGrayLevelEmphasis,5,100.0
L1 Logistic Regression,wavelet-LLH_glszm_SmallAreaHighGrayLevelEmphasis,5,100.0
RFE (SVM),wavelet-LLH_glszm_SmallAreaHighGrayLevelEmphasis,3,60.0
DyGraFS,wavelet-LLH_glszm_SmallAreaHighGrayLevelEmphasis,2,40.0
Anova,wavelet-LLH_glszm_SmallAreaHighGrayLevelEmphasis,1,20.0
Mutual Information,wavelet-LLH_glszm_SmallAreaHighGrayLevelEmphasis,1,20.0
Vanilla RF,wavelet-LLH_glszm_SmallAreaLowGrayLevelEmphasis,5,100.0
Variance,wavelet-LLH_glszm_SmallAreaLowGrayLevelEmphasis,5,100.0
L1 Logistic Regression,wavelet-LLH_glszm_SmallAreaLowGrayLevelEmphasis,4,80.0
RFE (SVM),wavelet-LLH_glszm_SmallAreaLowGrayLevelEmphasis,4,80.0
Anova,wavelet-LLH_glszm_SmallAreaLowGrayLevelEmphasis,3,60.0
DyGraFS,wavelet-LLH_glszm_SmallAreaLowGrayLevelEmphasis,2,40.0
Mutual Information,wavelet-LLH_glszm_SmallAreaLowGrayLevelEmphasis,2,40.0
Vanilla RF,wavelet-LLH_glszm_ZoneEntropy,5,100.0
Variance,wavelet-LLH_glszm_ZoneEntropy,5,100.0
L1 Logistic Regression,wavelet-LLH_glszm_ZoneEntropy,5,100.0
RFE (SVM),wavelet-LLH_glszm_ZoneEntropy,5,100.0
Anova,wavelet-LLH_glszm_ZoneEntropy,3,60.0
DyGraFS,wavelet-LLH_glszm_ZoneEntropy,2,40.0
Mutual Information,wavelet-LLH_glszm_ZoneEntropy,2,40.0
Vanilla RF,wavelet-LLH_glszm_ZonePercentage,5,100.0
L1 Logistic Regression,wavelet-LLH_glszm_ZonePercentage,4,80.0
Anova,wavelet-LLH_glszm_ZonePercentage,3,60.0
Mutual Information,wavelet-LLH_glszm_ZonePercentage,2,40.0
Variance,wavelet-LLH_glszm_ZonePercentage,1,20.0
Vanilla RF,wavelet-LLH_glszm_ZoneVariance,5,100.0
Variance,wavelet-LLH_glszm_ZoneVariance,5,100.0
Mutual Information,wavelet-LLH_glszm_ZoneVariance,5,100.0
L1 Logistic Regression,wavelet-LLH_glszm_ZoneVariance,4,80.0
Anova,wavelet-LLH_glszm_ZoneVariance,3,60.0
Vanilla RF,wavelet-LLH_ngtdm_Busyness,5,100.0
Variance,wavelet-LLH_ngtdm_Busyness,5,100.0
Mutual Information,wavelet-LLH_ngtdm_Busyness,4,80.0
L1 Logistic Regression,wavelet-LLH_ngtdm_Busyness,4,80.0
Anova,wavelet-LLH_ngtdm_Busyness,3,60.0
Vanilla RF,wavelet-LLH_ngtdm_Coarseness,5,100.0
Mutual Information,wavelet-LLH_ngtdm_Coarseness,5,100.0
L1 Logistic Regression,wavelet-LLH_ngtdm_Coarseness,4,80.0
Anova,wavelet-LLH_ngtdm_Coarseness,3,60.0
Variance,wavelet-LLH_ngtdm_Coarseness,1,20.0
Vanilla RF,wavelet-LLH_ngtdm_Complexity,5,100.0
Anova,wavelet-LLH_ngtdm_Complexity,5,100.0
Variance,wavelet-LLH_ngtdm_Complexity,4,80.0
Mutual Information,wavelet-LLH_ngtdm_Complexity,4,80.0
L1 Logistic Regression,wavelet-LLH_ngtdm_Complexity,4,80.0
Vanilla RF,wavelet-LLH_ngtdm_Contrast,5,100.0
Anova,wavelet-LLH_ngtdm_Contrast,5,100.0
Mutual Information,wavelet-LLH_ngtdm_Contrast,5,100.0
L1 Logistic Regression,wavelet-LLH_ngtdm_Contrast,4,80.0
Variance,wavelet-LLH_ngtdm_Contrast,3,60.0
Boruta,wavelet-LLH_ngtdm_Contrast,1,20.0
Vanilla RF,wavelet-LLH_ngtdm_Strength,5,100.0
Mutual Information,wavelet-LLH_ngtdm_Strength,5,100.0
L1 Logistic Regression,wavelet-LLH_ngtdm_Strength,4,80.0
Anova,wavelet-LLH_ngtdm_Strength,3,60.0
Variance,wavelet-LLH_ngtdm_Strength,1,20.0
Vanilla RF,wavelet-LLL_firstorder_10Percentile,5,100.0
Variance,wavelet-LLL_firstorder_10Percentile,5,100.0
L1 Logistic Regression,wavelet-LLL_firstorder_10Percentile,4,80.0
Anova,wavelet-LLL_firstorder_10Percentile,3,60.0
Mutual Information,wavelet-LLL_firstorder_10Percentile,2,40.0
RFE (SVM),wavelet-LLL_firstorder_10Percentile,1,20.0
Vanilla RF,wavelet-LLL_firstorder_90Percentile,5,100.0
Variance,wavelet-LLL_firstorder_90Percentile,5,100.0
L1 Logistic Regression,wavelet-LLL_firstorder_90Percentile,4,80.0
Mutual Information,wavelet-LLL_firstorder_90Percentile,2,40.0
Anova,wavelet-LLL_firstorder_90Percentile,1,20.0
Vanilla RF,wavelet-LLL_firstorder_Energy,5,100.0
Variance,wavelet-LLL_firstorder_Energy,5,100.0
Mutual Information,wavelet-LLL_firstorder_Energy,5,100.0
Anova,wavelet-LLL_firstorder_Energy,4,80.0
L1 Logistic Regression,wavelet-LLL_firstorder_Energy,4,80.0
Vanilla RF,wavelet-LLL_firstorder_Entropy,5,100.0
Variance,wavelet-LLL_firstorder_Entropy,5,100.0
L1 Logistic Regression,wavelet-LLL_firstorder_Entropy,4,80.0
Mutual Information,wavelet-LLL_firstorder_Entropy,2,40.0
Anova,wavelet-LLL_firstorder_Entropy,1,20.0
Vanilla RF,wavelet-LLL_firstorder_InterquartileRange,5,100.0
Variance,wavelet-LLL_firstorder_InterquartileRange,5,100.0
Anova,wavelet-LLL_firstorder_InterquartileRange,4,80.0
Mutual Information,wavelet-LLL_firstorder_InterquartileRange,4,80.0
L1 Logistic Regression,wavelet-LLL_firstorder_InterquartileRange,4,80.0
RFE (SVM),wavelet-LLL_firstorder_InterquartileRange,2,40.0
Vanilla RF,wavelet-LLL_firstorder_Kurtosis,5,100.0
Variance,wavelet-LLL_firstorder_Kurtosis,5,100.0
RFE (SVM),wavelet-LLL_firstorder_Kurtosis,5,100.0
Mutual Information,wavelet-LLL_firstorder_Kurtosis,4,80.0
L1 Logistic Regression,wavelet-LLL_firstorder_Kurtosis,4,80.0
DyGraFS,wavelet-LLL_firstorder_Kurtosis,2,40.0
Anova,wavelet-LLL_firstorder_Kurtosis,2,40.0
Vanilla RF,wavelet-LLL_firstorder_Maximum,5,100.0
Variance,wavelet-LLL_firstorder_Maximum,5,100.0
L1 Logistic Regression,wavelet-LLL_firstorder_Maximum,4,80.0
Anova,wavelet-LLL_firstorder_Maximum,3,60.0
Mutual Information,wavelet-LLL_firstorder_Maximum,1,20.0
RFE (SVM),wavelet-LLL_firstorder_Maximum,1,20.0
Vanilla RF,wavelet-LLL_firstorder_Mean,5,100.0
Variance,wavelet-LLL_firstorder_Mean,5,100.0
Anova,wavelet-LLL_firstorder_Mean,3,60.0
L1 Logistic Regression,wavelet-LLL_firstorder_Mean,3,60.0
Mutual Information,wavelet-LLL_firstorder_Mean,2,40.0
Vanilla RF,wavelet-LLL_firstorder_MeanAbsoluteDeviation,5,100.0
Variance,wavelet-LLL_firstorder_MeanAbsoluteDeviation,5,100.0
L1 Logistic Regression,wavelet-LLL_firstorder_MeanAbsoluteDeviation,4,80.0
Anova,wavelet-LLL_firstorder_MeanAbsoluteDeviation,3,60.0
RFE (SVM),wavelet-LLL_firstorder_MeanAbsoluteDeviation,3,60.0
Mutual Information,wavelet-LLL_firstorder_MeanAbsoluteDeviation,2,40.0
Boruta,wavelet-LLL_firstorder_MeanAbsoluteDeviation,1,20.0
Vanilla RF,wavelet-LLL_firstorder_Median,5,100.0
Variance,wavelet-LLL_firstorder_Median,5,100.0
L1 Logistic Regression,wavelet-LLL_firstorder_Median,4,80.0
Anova,wavelet-LLL_firstorder_Median,3,60.0
Mutual Information,wavelet-LLL_firstorder_Median,2,40.0
DyGraFS,wavelet-LLL_firstorder_Median,1,20.0
RFE (SVM),wavelet-LLL_firstorder_Median,1,20.0
Vanilla RF,wavelet-LLL_firstorder_Minimum,5,100.0
Variance,wavelet-LLL_firstorder_Minimum,5,100.0
L1 Logistic Regression,wavelet-LLL_firstorder_Minimum,4,80.0
RFE (SVM),wavelet-LLL_firstorder_Minimum,3,60.0
Mutual Information,wavelet-LLL_firstorder_Minimum,2,40.0
Anova,wavelet-LLL_firstorder_Minimum,1,20.0
Vanilla RF,wavelet-LLL_firstorder_Range,5,100.0
Variance,wavelet-LLL_firstorder_Range,5,100.0
L1 Logistic Regression,wavelet-LLL_firstorder_Range,4,80.0
Anova,wavelet-LLL_firstorder_Range,3,60.0
Mutual Information,wavelet-LLL_firstorder_Range,2,40.0
RFE (SVM),wavelet-LLL_firstorder_Range,1,20.0
Vanilla RF,wavelet-LLL_firstorder_RobustMeanAbsoluteDeviation,5,100.0
Variance,wavelet-LLL_firstorder_RobustMeanAbsoluteDeviation,5,100.0
Anova,wavelet-LLL_firstorder_RobustMeanAbsoluteDeviation,4,80.0
L1 Logistic Regression,wavelet-LLL_firstorder_RobustMeanAbsoluteDeviation,4,80.0
Mutual Information,wavelet-LLL_firstorder_RobustMeanAbsoluteDeviation,3,60.0
RFE (SVM),wavelet-LLL_firstorder_RobustMeanAbsoluteDeviation,1,20.0
Boruta,wavelet-LLL_firstorder_RobustMeanAbsoluteDeviation,1,20.0
Vanilla RF,wavelet-LLL_firstorder_RootMeanSquared,5,100.0
Variance,wavelet-LLL_firstorder_RootMeanSquared,5,100.0
Anova,wavelet-LLL_firstorder_RootMeanSquared,3,60.0
L1 Logistic Regression,wavelet-LLL_firstorder_RootMeanSquared,3,60.0
DyGraFS,wavelet-LLL_firstorder_RootMeanSquared,2,40.0
Mutual Information,wavelet-LLL_firstorder_RootMeanSquared,1,20.0
Vanilla RF,wavelet-LLL_firstorder_Skewness,5,100.0
Variance,wavelet-LLL_firstorder_Skewness,5,100.0
L1 Logistic Regression,wavelet-LLL_firstorder_Skewness,4,80.0
Anova,wavelet-LLL_firstorder_Skewness,3,60.0
Mutual Information,wavelet-LLL_firstorder_Skewness,3,60.0
RFE (SVM),wavelet-LLL_firstorder_Skewness,2,40.0
DyGraFS,wavelet-LLL_firstorder_Skewness,1,20.0
Vanilla RF,wavelet-LLL_firstorder_TotalEnergy,5,100.0
Variance,wavelet-LLL_firstorder_TotalEnergy,5,100.0
Mutual Information,wavelet-LLL_firstorder_TotalEnergy,5,100.0
Anova,wavelet-LLL_firstorder_TotalEnergy,4,80.0
L1 Logistic Regression,wavelet-LLL_firstorder_TotalEnergy,4,80.0
Vanilla RF,wavelet-LLL_firstorder_Uniformity,5,100.0
Variance,wavelet-LLL_firstorder_Uniformity,4,80.0
L1 Logistic Regression,wavelet-LLL_firstorder_Uniformity,4,80.0
Mutual Information,wavelet-LLL_firstorder_Uniformity,2,40.0
Anova,wavelet-LLL_firstorder_Uniformity,1,20.0
RFE (SVM),wavelet-LLL_firstorder_Uniformity,1,20.0
Vanilla RF,wavelet-LLL_firstorder_Variance,5,100.0
Variance,wavelet-LLL_firstorder_Variance,5,100.0
L1 Logistic Regression,wavelet-LLL_firstorder_Variance,4,80.0
Anova,wavelet-LLL_firstorder_Variance,2,40.0
Mutual Information,wavelet-LLL_firstorder_Variance,2,40.0
RFE (SVM),wavelet-LLL_firstorder_Variance,1,20.0
Vanilla RF,wavelet-LLL_glcm_Autocorrelation,5,100.0
Variance,wavelet-LLL_glcm_Autocorrelation,5,100.0
L1 Logistic Regression,wavelet-LLL_glcm_Autocorrelation,4,80.0
Mutual Information,wavelet-LLL_glcm_Autocorrelation,2,40.0
RFE (SVM),wavelet-LLL_glcm_Autocorrelation,2,40.0
Anova,wavelet-LLL_glcm_Autocorrelation,1,20.0
Vanilla RF,wavelet-LLL_glcm_ClusterProminence,5,100.0
Variance,wavelet-LLL_glcm_ClusterProminence,5,100.0
L1 Logistic Regression,wavelet-LLL_glcm_ClusterProminence,4,80.0
RFE (SVM),wavelet-LLL_glcm_ClusterProminence,3,60.0
Anova,wavelet-LLL_glcm_ClusterProminence,1,20.0
Mutual Information,wavelet-LLL_glcm_ClusterProminence,1,20.0
Vanilla RF,wavelet-LLL_glcm_ClusterShade,5,100.0
Variance,wavelet-LLL_glcm_ClusterShade,4,80.0
L1 Logistic Regression,wavelet-LLL_glcm_ClusterShade,4,80.0
Mutual Information,wavelet-LLL_glcm_ClusterShade,2,40.0
RFE (SVM),wavelet-LLL_glcm_ClusterShade,2,40.0
Anova,wavelet-LLL_glcm_ClusterShade,1,20.0
Vanilla RF,wavelet-LLL_glcm_ClusterTendency,5,100.0
Variance,wavelet-LLL_glcm_ClusterTendency,4,80.0
L1 Logistic Regression,wavelet-LLL_glcm_ClusterTendency,4,80.0
Anova,wavelet-LLL_glcm_ClusterTendency,1,20.0
Mutual Information,wavelet-LLL_glcm_ClusterTendency,1,20.0
Vanilla RF,wavelet-LLL_glcm_Contrast,5,100.0
Variance,wavelet-LLL_glcm_Contrast,3,60.0
L1 Logistic Regression,wavelet-LLL_glcm_Contrast,3,60.0
Anova,wavelet-LLL_glcm_Contrast,1,20.0
Mutual Information,wavelet-LLL_glcm_Contrast,1,20.0
Vanilla RF,wavelet-LLL_glcm_Correlation,5,100.0
Variance,wavelet-LLL_glcm_Correlation,5,100.0
L1 Logistic Regression,wavelet-LLL_glcm_Correlation,4,80.0
DyGraFS,wavelet-LLL_glcm_Correlation,2,40.0
RFE (SVM),wavelet-LLL_glcm_Correlation,2,40.0
Anova,wavelet-LLL_glcm_Correlation,1,20.0
Mutual Information,wavelet-LLL_glcm_Correlation,1,20.0
GFSIR,wavelet-LLL_glcm_Correlation,1,20.0
Vanilla RF,wavelet-LLL_glcm_DifferenceAverage,5,100.0
Variance,wavelet-LLL_glcm_DifferenceAverage,3,60.0
L1 Logistic Regression,wavelet-LLL_glcm_DifferenceAverage,3,60.0
Mutual Information,wavelet-LLL_glcm_DifferenceAverage,2,40.0
Anova,wavelet-LLL_glcm_DifferenceAverage,1,20.0
Vanilla RF,wavelet-LLL_glcm_DifferenceEntropy,5,100.0
Variance,wavelet-LLL_glcm_DifferenceEntropy,5,100.0
L1 Logistic Regression,wavelet-LLL_glcm_DifferenceEntropy,4,80.0
Mutual Information,wavelet-LLL_glcm_DifferenceEntropy,2,40.0
Anova,wavelet-LLL_glcm_DifferenceEntropy,1,20.0
Vanilla RF,wavelet-LLL_glcm_DifferenceVariance,5,100.0
Variance,wavelet-LLL_glcm_DifferenceVariance,3,60.0
L1 Logistic Regression,wavelet-LLL_glcm_DifferenceVariance,3,60.0
Mutual Information,wavelet-LLL_glcm_DifferenceVariance,2,40.0
Anova,wavelet-LLL_glcm_DifferenceVariance,1,20.0
Vanilla RF,wavelet-LLL_glcm_Id,5,100.0
Variance,wavelet-LLL_glcm_Id,3,60.0
L1 Logistic Regression,wavelet-LLL_glcm_Id,3,60.0
Anova,wavelet-LLL_glcm_Id,1,20.0
Mutual Information,wavelet-LLL_glcm_Id,1,20.0
RFE (SVM),wavelet-LLL_glcm_Id,1,20.0
Vanilla RF,wavelet-LLL_glcm_Idm,5,100.0
Variance,wavelet-LLL_glcm_Idm,3,60.0
L1 Logistic Regression,wavelet-LLL_glcm_Idm,3,60.0
Mutual Information,wavelet-LLL_glcm_Idm,2,40.0
Anova,wavelet-LLL_glcm_Idm,1,20.0
RFE (SVM),wavelet-LLL_glcm_Idm,1,20.0
Vanilla RF,wavelet-LLL_glcm_Idmn,5,100.0
L1 Logistic Regression,wavelet-LLL_glcm_Idmn,3,60.0
Variance,wavelet-LLL_glcm_Idmn,1,20.0
Anova,wavelet-LLL_glcm_Idmn,1,20.0
Mutual Information,wavelet-LLL_glcm_Idmn,1,20.0
Vanilla RF,wavelet-LLL_glcm_Idn,5,100.0
L1 Logistic Regression,wavelet-LLL_glcm_Idn,3,60.0
Variance,wavelet-LLL_glcm_Idn,1,20.0
Anova,wavelet-LLL_glcm_Idn,1,20.0
Mutual Information,wavelet-LLL_glcm_Idn,1,20.0
Vanilla RF,wavelet-LLL_glcm_Imc1,5,100.0
Variance,wavelet-LLL_glcm_Imc1,5,100.0
L1 Logistic Regression,wavelet-LLL_glcm_Imc1,5,100.0
DyGraFS,wavelet-LLL_glcm_Imc1,3,60.0
Anova,wavelet-LLL_glcm_Imc1,2,40.0
Mutual Information,wavelet-LLL_glcm_Imc1,2,40.0
RFE (SVM),wavelet-LLL_glcm_Imc1,1,20.0
Vanilla RF,wavelet-LLL_glcm_Imc2,5,100.0
Variance,wavelet-LLL_glcm_Imc2,5,100.0
L1 Logistic Regression,wavelet-LLL_glcm_Imc2,4,80.0
Mutual Information,wavelet-LLL_glcm_Imc2,2,40.0
Anova,wavelet-LLL_glcm_Imc2,1,20.0
RFE (SVM),wavelet-LLL_glcm_Imc2,1,20.0
Vanilla RF,wavelet-LLL_glcm_InverseVariance,5,100.0
Variance,wavelet-LLL_glcm_InverseVariance,3,60.0
L1 Logistic Regression,wavelet-LLL_glcm_InverseVariance,3,60.0
Mutual Information,wavelet-LLL_glcm_InverseVariance,2,40.0
Anova,wavelet-LLL_glcm_InverseVariance,1,20.0
Vanilla RF,wavelet-LLL_glcm_JointAverage,5,100.0
Variance,wavelet-LLL_glcm_JointAverage,5,100.0
L1 Logistic Regression,wavelet-LLL_glcm_JointAverage,4,80.0
DyGraFS,wavelet-LLL_glcm_JointAverage,2,40.0
RFE (SVM),wavelet-LLL_glcm_JointAverage,2,40.0
Anova,wavelet-LLL_glcm_JointAverage,1,20.0
Mutual Information,wavelet-LLL_glcm_JointAverage,1,20.0
Vanilla RF,wavelet-LLL_glcm_JointEnergy,5,100.0
Variance,wavelet-LLL_glcm_JointEnergy,4,80.0
L1 Logistic Regression,wavelet-LLL_glcm_JointEnergy,4,80.0
Mutual Information,wavelet-LLL_glcm_JointEnergy,2,40.0
Anova,wavelet-LLL_glcm_JointEnergy,1,20.0
RFE (SVM),wavelet-LLL_glcm_JointEnergy,1,20.0
Vanilla RF,wavelet-LLL_glcm_JointEntropy,5,100.0
Variance,wavelet-LLL_glcm_JointEntropy,5,100.0
L1 Logistic Regression,wavelet-LLL_glcm_JointEntropy,4,80.0
Mutual Information,wavelet-LLL_glcm_JointEntropy,2,40.0
Anova,wavelet-LLL_glcm_JointEntropy,1,20.0
Vanilla RF,wavelet-LLL_glcm_MCC,5,100.0
Variance,wavelet-LLL_glcm_MCC,5,100.0
L1 Logistic Regression,wavelet-LLL_glcm_MCC,4,80.0
DyGraFS,wavelet-LLL_glcm_MCC,2,40.0
Anova,wavelet-LLL_glcm_MCC,1,20.0
Mutual Information,wavelet-LLL_glcm_MCC,1,20.0
RFE (SVM),wavelet-LLL_glcm_MCC,1,20.0
Vanilla RF,wavelet-LLL_glcm_MaximumProbability,5,100.0
Variance,wavelet-LLL_glcm_MaximumProbability,4,80.0
L1 Logistic Regression,wavelet-LLL_glcm_MaximumProbability,4,80.0
Mutual Information,wavelet-LLL_glcm_MaximumProbability,2,40.0
Anova,wavelet-LLL_glcm_MaximumProbability,1,20.0
RFE (SVM),wavelet-LLL_glcm_MaximumProbability,1,20.0
Vanilla RF,wavelet-LLL_glcm_SumAverage,5,100.0
Variance,wavelet-LLL_glcm_SumAverage,5,100.0
L1 Logistic Regression,wavelet-LLL_glcm_SumAverage,4,80.0
Mutual Information,wavelet-LLL_glcm_SumAverage,2,40.0
RFE (SVM),wavelet-LLL_glcm_SumAverage,2,40.0
Anova,wavelet-LLL_glcm_SumAverage,1,20.0
Vanilla RF,wavelet-LLL_glcm_SumEntropy,5,100.0
Variance,wavelet-LLL_glcm_SumEntropy,5,100.0
L1 Logistic Regression,wavelet-LLL_glcm_SumEntropy,4,80.0
Mutual Information,wavelet-LLL_glcm_SumEntropy,2,40.0
Anova,wavelet-LLL_glcm_SumEntropy,1,20.0
Vanilla RF,wavelet-LLL_glcm_SumSquares,5,100.0
L1 Logistic Regression,wavelet-LLL_glcm_SumSquares,4,80.0
Variance,wavelet-LLL_glcm_SumSquares,3,60.0
Anova,wavelet-LLL_glcm_SumSquares,1,20.0
RFE (SVM),wavelet-LLL_glcm_SumSquares,1,20.0
Vanilla RF,wavelet-LLL_gldm_DependenceEntropy,5,100.0
Variance,wavelet-LLL_gldm_DependenceEntropy,5,100.0
Anova,wavelet-LLL_gldm_DependenceEntropy,4,80.0
L1 Logistic Regression,wavelet-LLL_gldm_DependenceEntropy,4,80.0
Mutual Information,wavelet-LLL_gldm_DependenceEntropy,2,40.0
RFE (SVM),wavelet-LLL_gldm_DependenceEntropy,1,20.0
GFSIR,wavelet-LLL_gldm_DependenceEntropy,1,20.0
Vanilla RF,wavelet-LLL_gldm_DependenceNonUniformity,5,100.0
Variance,wavelet-LLL_gldm_DependenceNonUniformity,5,100.0
Mutual Information,wavelet-LLL_gldm_DependenceNonUniformity,5,100.0
Anova,wavelet-LLL_gldm_DependenceNonUniformity,3,60.0
L1 Logistic Regression,wavelet-LLL_gldm_DependenceNonUniformity,2,40.0
Vanilla RF,wavelet-LLL_gldm_DependenceNonUniformityNormalized,5,100.0
Variance,wavelet-LLL_gldm_DependenceNonUniformityNormalized,5,100.0
Anova,wavelet-LLL_gldm_DependenceNonUniformityNormalized,5,100.0
L1 Logistic Regression,wavelet-LLL_gldm_DependenceNonUniformityNormalized,4,80.0
Mutual Information,wavelet-LLL_gldm_DependenceNonUniformityNormalized,2,40.0
Vanilla RF,wavelet-LLL_gldm_DependenceVariance,5,100.0
Variance,wavelet-LLL_gldm_DependenceVariance,5,100.0
L1 Logistic Regression,wavelet-LLL_gldm_DependenceVariance,4,80.0
Anova,wavelet-LLL_gldm_DependenceVariance,3,60.0
DyGraFS,wavelet-LLL_gldm_DependenceVariance,2,40.0
Mutual Information,wavelet-LLL_gldm_DependenceVariance,2,40.0
RFE (SVM),wavelet-LLL_gldm_DependenceVariance,1,20.0
Vanilla RF,wavelet-LLL_gldm_GrayLevelNonUniformity,5,100.0
Variance,wavelet-LLL_gldm_GrayLevelNonUniformity,5,100.0
Mutual Information,wavelet-LLL_gldm_GrayLevelNonUniformity,5,100.0
Anova,wavelet-LLL_gldm_GrayLevelNonUniformity,4,80.0
L1 Logistic Regression,wavelet-LLL_gldm_GrayLevelNonUniformity,4,80.0
Vanilla RF,wavelet-LLL_gldm_GrayLevelVariance,5,100.0
L1 Logistic Regression,wavelet-LLL_gldm_GrayLevelVariance,4,80.0
Variance,wavelet-LLL_gldm_GrayLevelVariance,3,60.0
Mutual Information,wavelet-LLL_gldm_GrayLevelVariance,2,40.0
Anova,wavelet-LLL_gldm_GrayLevelVariance,1,20.0
RFE (SVM),wavelet-LLL_gldm_GrayLevelVariance,1,20.0
Vanilla RF,wavelet-LLL_gldm_HighGrayLevelEmphasis,5,100.0
Variance,wavelet-LLL_gldm_HighGrayLevelEmphasis,5,100.0
L1 Logistic Regression,wavelet-LLL_gldm_HighGrayLevelEmphasis,4,80.0
RFE (SVM),wavelet-LLL_gldm_HighGrayLevelEmphasis,3,60.0
DyGraFS,wavelet-LLL_gldm_HighGrayLevelEmphasis,2,40.0
Mutual Information,wavelet-LLL_gldm_HighGrayLevelEmphasis,2,40.0
Anova,wavelet-LLL_gldm_HighGrayLevelEmphasis,1,20.0
Vanilla RF,wavelet-LLL_gldm_LargeDependenceEmphasis,5,100.0
Variance,wavelet-LLL_gldm_LargeDependenceEmphasis,5,100.0
Mutual Information,wavelet-LLL_gldm_LargeDependenceEmphasis,5,100.0
Anova,wavelet-LLL_gldm_LargeDependenceEmphasis,4,80.0
L1 Logistic Regression,wavelet-LLL_gldm_LargeDependenceEmphasis,4,80.0
Vanilla RF,wavelet-LLL_gldm_LargeDependenceHighGrayLevelEmphasis,5,100.0
Variance,wavelet-LLL_gldm_LargeDependenceHighGrayLevelEmphasis,5,100.0
L1 Logistic Regression,wavelet-LLL_gldm_LargeDependenceHighGrayLevelEmphasis,4,80.0
Anova,wavelet-LLL_gldm_LargeDependenceHighGrayLevelEmphasis,3,60.0
Mutual Information,wavelet-LLL_gldm_LargeDependenceHighGrayLevelEmphasis,2,40.0
Vanilla RF,wavelet-LLL_gldm_LargeDependenceLowGrayLevelEmphasis,5,100.0
Variance,wavelet-LLL_gldm_LargeDependenceLowGrayLevelEmphasis,5,100.0
L1 Logistic Regression,wavelet-LLL_gldm_LargeDependenceLowGrayLevelEmphasis,4,80.0
Mutual Information,wavelet-LLL_gldm_LargeDependenceLowGrayLevelEmphasis,2,40.0
Anova,wavelet-LLL_gldm_LargeDependenceLowGrayLevelEmphasis,1,20.0
RFE (SVM),wavelet-LLL_gldm_LargeDependenceLowGrayLevelEmphasis,1,20.0
Vanilla RF,wavelet-LLL_gldm_LowGrayLevelEmphasis,5,100.0
Variance,wavelet-LLL_gldm_LowGrayLevelEmphasis,5,100.0
L1 Logistic Regression,wavelet-LLL_gldm_LowGrayLevelEmphasis,4,80.0
RFE (SVM),wavelet-LLL_gldm_LowGrayLevelEmphasis,3,60.0
Mutual Information,wavelet-LLL_gldm_LowGrayLevelEmphasis,2,40.0
DyGraFS,wavelet-LLL_gldm_LowGrayLevelEmphasis,1,20.0
Anova,wavelet-LLL_gldm_LowGrayLevelEmphasis,1,20.0
Vanilla RF,wavelet-LLL_gldm_SmallDependenceEmphasis,5,100.0
L1 Logistic Regression,wavelet-LLL_gldm_SmallDependenceEmphasis,4,80.0
Anova,wavelet-LLL_gldm_SmallDependenceEmphasis,3,60.0
Mutual Information,wavelet-LLL_gldm_SmallDependenceEmphasis,2,40.0
RFE (SVM),wavelet-LLL_gldm_SmallDependenceEmphasis,1,20.0
Vanilla RF,wavelet-LLL_gldm_SmallDependenceHighGrayLevelEmphasis,5,100.0
L1 Logistic Regression,wavelet-LLL_gldm_SmallDependenceHighGrayLevelEmphasis,4,80.0
RFE (SVM),wavelet-LLL_gldm_SmallDependenceHighGrayLevelEmphasis,3,60.0
Mutual Information,wavelet-LLL_gldm_SmallDependenceHighGrayLevelEmphasis,2,40.0
Variance,wavelet-LLL_gldm_SmallDependenceHighGrayLevelEmphasis,1,20.0
Anova,wavelet-LLL_gldm_SmallDependenceHighGrayLevelEmphasis,1,20.0
Vanilla RF,wavelet-LLL_gldm_SmallDependenceLowGrayLevelEmphasis,5,100.0
Anova,wavelet-LLL_gldm_SmallDependenceLowGrayLevelEmphasis,4,80.0
Mutual Information,wavelet-LLL_gldm_SmallDependenceLowGrayLevelEmphasis,3,60.0
L1 Logistic Regression,wavelet-LLL_gldm_SmallDependenceLowGrayLevelEmphasis,3,60.0
RFE (SVM),wavelet-LLL_gldm_SmallDependenceLowGrayLevelEmphasis,2,40.0
Vanilla RF,wavelet-LLL_glrlm_GrayLevelNonUniformity,5,100.0
Variance,wavelet-LLL_glrlm_GrayLevelNonUniformity,5,100.0
Mutual Information,wavelet-LLL_glrlm_GrayLevelNonUniformity,5,100.0
Anova,wavelet-LLL_glrlm_GrayLevelNonUniformity,4,80.0
L1 Logistic Regression,wavelet-LLL_glrlm_GrayLevelNonUniformity,4,80.0
Boruta,wavelet-LLL_glrlm_GrayLevelNonUniformity,3,60.0
RFE (SVM),wavelet-LLL_glrlm_GrayLevelNonUniformity,1,20.0
Vanilla RF,wavelet-LLL_glrlm_GrayLevelNonUniformityNormalized,5,100.0
Variance,wavelet-LLL_glrlm_GrayLevelNonUniformityNormalized,5,100.0
L1 Logistic Regression,wavelet-LLL_glrlm_GrayLevelNonUniformityNormalized,4,80.0
RFE (SVM),wavelet-LLL_glrlm_GrayLevelNonUniformityNormalized,2,40.0
DyGraFS,wavelet-LLL_glrlm_GrayLevelNonUniformityNormalized,1,20.0
Anova,wavelet-LLL_glrlm_GrayLevelNonUniformityNormalized,1,20.0
Mutual Information,wavelet-LLL_glrlm_GrayLevelNonUniformityNormalized,1,20.0
Vanilla RF,wavelet-LLL_glrlm_GrayLevelVariance,5,100.0
Variance,wavelet-LLL_glrlm_GrayLevelVariance,4,80.0
L1 Logistic Regression,wavelet-LLL_glrlm_GrayLevelVariance,4,80.0
RFE (SVM),wavelet-LLL_glrlm_GrayLevelVariance,2,40.0
Anova,wavelet-LLL_glrlm_GrayLevelVariance,1,20.0
Vanilla RF,wavelet-LLL_glrlm_HighGrayLevelRunEmphasis,5,100.0
Variance,wavelet-LLL_glrlm_HighGrayLevelRunEmphasis,5,100.0
L1 Logistic Regression,wavelet-LLL_glrlm_HighGrayLevelRunEmphasis,4,80.0
Anova,wavelet-LLL_glrlm_HighGrayLevelRunEmphasis,1,20.0
RFE (SVM),wavelet-LLL_glrlm_HighGrayLevelRunEmphasis,1,20.0
Vanilla RF,wavelet-LLL_glrlm_LongRunEmphasis,5,100.0
Variance,wavelet-LLL_glrlm_LongRunEmphasis,5,100.0
Mutual Information,wavelet-LLL_glrlm_LongRunEmphasis,5,100.0
Anova,wavelet-LLL_glrlm_LongRunEmphasis,4,80.0
L1 Logistic Regression,wavelet-LLL_glrlm_LongRunEmphasis,4,80.0
Vanilla RF,wavelet-LLL_glrlm_LongRunHighGrayLevelEmphasis,5,100.0
Variance,wavelet-LLL_glrlm_LongRunHighGrayLevelEmphasis,5,100.0
Anova,wavelet-LLL_glrlm_LongRunHighGrayLevelEmphasis,4,80.0
L1 Logistic Regression,wavelet-LLL_glrlm_LongRunHighGrayLevelEmphasis,4,80.0
Mutual Information,wavelet-LLL_glrlm_LongRunHighGrayLevelEmphasis,3,60.0
RFE (SVM),wavelet-LLL_glrlm_LongRunHighGrayLevelEmphasis,2,40.0
DyGraFS,wavelet-LLL_glrlm_LongRunHighGrayLevelEmphasis,1,20.0
Vanilla RF,wavelet-LLL_glrlm_LongRunLowGrayLevelEmphasis,5,100.0
Variance,wavelet-LLL_glrlm_LongRunLowGrayLevelEmphasis,5,100.0
L1 Logistic Regression,wavelet-LLL_glrlm_LongRunLowGrayLevelEmphasis,5,100.0
Anova,wavelet-LLL_glrlm_LongRunLowGrayLevelEmphasis,3,60.0
RFE (SVM),wavelet-LLL_glrlm_LongRunLowGrayLevelEmphasis,3,60.0
DyGraFS,wavelet-LLL_glrlm_LongRunLowGrayLevelEmphasis,2,40.0
Mutual Information,wavelet-LLL_glrlm_LongRunLowGrayLevelEmphasis,2,40.0
Vanilla RF,wavelet-LLL_glrlm_LowGrayLevelRunEmphasis,5,100.0
Variance,wavelet-LLL_glrlm_LowGrayLevelRunEmphasis,5,100.0
L1 Logistic Regression,wavelet-LLL_glrlm_LowGrayLevelRunEmphasis,4,80.0
Anova,wavelet-LLL_glrlm_LowGrayLevelRunEmphasis,1,20.0
RFE (SVM),wavelet-LLL_glrlm_LowGrayLevelRunEmphasis,1,20.0
Vanilla RF,wavelet-LLL_glrlm_RunEntropy,5,100.0
Variance,wavelet-LLL_glrlm_RunEntropy,5,100.0
Anova,wavelet-LLL_glrlm_RunEntropy,5,100.0
Mutual Information,wavelet-LLL_glrlm_RunEntropy,5,100.0
L1 Logistic Regression,wavelet-LLL_glrlm_RunEntropy,4,80.0
RFE (SVM),wavelet-LLL_glrlm_RunEntropy,1,20.0
Vanilla RF,wavelet-LLL_glrlm_RunLengthNonUniformity,5,100.0
Variance,wavelet-LLL_glrlm_RunLengthNonUniformity,5,100.0
Mutual Information,wavelet-LLL_glrlm_RunLengthNonUniformity,5,100.0
Anova,wavelet-LLL_glrlm_RunLengthNonUniformity,4,80.0
L1 Logistic Regression,wavelet-LLL_glrlm_RunLengthNonUniformity,4,80.0
Boruta,wavelet-LLL_glrlm_RunLengthNonUniformity,3,60.0
DyGraFS,wavelet-LLL_glrlm_RunLengthNonUniformity,1,20.0
RFE (SVM),wavelet-LLL_glrlm_RunLengthNonUniformity,1,20.0
Vanilla RF,wavelet-LLL_glrlm_RunLengthNonUniformityNormalized,5,100.0
Variance,wavelet-LLL_glrlm_RunLengthNonUniformityNormalized,4,80.0
Anova,wavelet-LLL_glrlm_RunLengthNonUniformityNormalized,3,60.0
L1 Logistic Regression,wavelet-LLL_glrlm_RunLengthNonUniformityNormalized,3,60.0
Mutual Information,wavelet-LLL_glrlm_RunLengthNonUniformityNormalized,2,40.0
Vanilla RF,wavelet-LLL_glrlm_RunPercentage,5,100.0
Variance,wavelet-LLL_glrlm_RunPercentage,4,80.0
Anova,wavelet-LLL_glrlm_RunPercentage,4,80.0
L1 Logistic Regression,wavelet-LLL_glrlm_RunPercentage,4,80.0
DyGraFS,wavelet-LLL_glrlm_RunPercentage,2,40.0
Mutual Information,wavelet-LLL_glrlm_RunPercentage,2,40.0
Vanilla RF,wavelet-LLL_glrlm_RunVariance,5,100.0
Variance,wavelet-LLL_glrlm_RunVariance,5,100.0
Mutual Information,wavelet-LLL_glrlm_RunVariance,5,100.0
Anova,wavelet-LLL_glrlm_RunVariance,4,80.0
L1 Logistic Regression,wavelet-LLL_glrlm_RunVariance,4,80.0
RFE (SVM),wavelet-LLL_glrlm_RunVariance,1,20.0
Vanilla RF,wavelet-LLL_glrlm_ShortRunEmphasis,5,100.0
Variance,wavelet-LLL_glrlm_ShortRunEmphasis,4,80.0
L1 Logistic Regression,wavelet-LLL_glrlm_ShortRunEmphasis,4,80.0
DyGraFS,wavelet-LLL_glrlm_ShortRunEmphasis,1,20.0
Anova,wavelet-LLL_glrlm_ShortRunEmphasis,1,20.0
Mutual Information,wavelet-LLL_glrlm_ShortRunEmphasis,1,20.0
RFE (SVM),wavelet-LLL_glrlm_ShortRunEmphasis,1,20.0
Vanilla RF,wavelet-LLL_glrlm_ShortRunHighGrayLevelEmphasis,5,100.0
Variance,wavelet-LLL_glrlm_ShortRunHighGrayLevelEmphasis,5,100.0
L1 Logistic Regression,wavelet-LLL_glrlm_ShortRunHighGrayLevelEmphasis,4,80.0
DyGraFS,wavelet-LLL_glrlm_ShortRunHighGrayLevelEmphasis,2,40.0
RFE (SVM),wavelet-LLL_glrlm_ShortRunHighGrayLevelEmphasis,2,40.0
Anova,wavelet-LLL_glrlm_ShortRunHighGrayLevelEmphasis,1,20.0
Vanilla RF,wavelet-LLL_glrlm_ShortRunLowGrayLevelEmphasis,5,100.0
Variance,wavelet-LLL_glrlm_ShortRunLowGrayLevelEmphasis,4,80.0
L1 Logistic Regression,wavelet-LLL_glrlm_ShortRunLowGrayLevelEmphasis,4,80.0
RFE (SVM),wavelet-LLL_glrlm_ShortRunLowGrayLevelEmphasis,4,80.0
Anova,wavelet-LLL_glrlm_ShortRunLowGrayLevelEmphasis,3,60.0
DyGraFS,wavelet-LLL_glrlm_ShortRunLowGrayLevelEmphasis,2,40.0
Mutual Information,wavelet-LLL_glrlm_ShortRunLowGrayLevelEmphasis,2,40.0
Vanilla RF,wavelet-LLL_glszm_GrayLevelNonUniformity,5,100.0
Variance,wavelet-LLL_glszm_GrayLevelNonUniformity,5,100.0
L1 Logistic Regression,wavelet-LLL_glszm_GrayLevelNonUniformity,4,80.0
Anova,wavelet-LLL_glszm_GrayLevelNonUniformity,1,20.0
Mutual Information,wavelet-LLL_glszm_GrayLevelNonUniformity,1,20.0
RFE (SVM),wavelet-LLL_glszm_GrayLevelNonUniformity,1,20.0
Vanilla RF,wavelet-LLL_glszm_GrayLevelNonUniformityNormalized,5,100.0
Variance,wavelet-LLL_glszm_GrayLevelNonUniformityNormalized,5,100.0
L1 Logistic Regression,wavelet-LLL_glszm_GrayLevelNonUniformityNormalized,4,80.0
RFE (SVM),wavelet-LLL_glszm_GrayLevelNonUniformityNormalized,4,80.0
DyGraFS,wavelet-LLL_glszm_GrayLevelNonUniformityNormalized,3,60.0
Anova,wavelet-LLL_glszm_GrayLevelNonUniformityNormalized,1,20.0
Mutual Information,wavelet-LLL_glszm_GrayLevelNonUniformityNormalized,1,20.0
Vanilla RF,wavelet-LLL_glszm_GrayLevelVariance,5,100.0
Variance,wavelet-LLL_glszm_GrayLevelVariance,4,80.0
L1 Logistic Regression,wavelet-LLL_glszm_GrayLevelVariance,4,80.0
DyGraFS,wavelet-LLL_glszm_GrayLevelVariance,3,60.0
RFE (SVM),wavelet-LLL_glszm_GrayLevelVariance,3,60.0
Anova,wavelet-LLL_glszm_GrayLevelVariance,1,20.0
Mutual Information,wavelet-LLL_glszm_GrayLevelVariance,1,20.0
GFSIR,wavelet-LLL_glszm_GrayLevelVariance,1,20.0
Vanilla RF,wavelet-LLL_glszm_HighGrayLevelZoneEmphasis,5,100.0
Variance,wavelet-LLL_glszm_HighGrayLevelZoneEmphasis,5,100.0
L1 Logistic Regression,wavelet-LLL_glszm_HighGrayLevelZoneEmphasis,4,80.0
Anova,wavelet-LLL_glszm_HighGrayLevelZoneEmphasis,1,20.0
Mutual Information,wavelet-LLL_glszm_HighGrayLevelZoneEmphasis,1,20.0
RFE (SVM),wavelet-LLL_glszm_HighGrayLevelZoneEmphasis,1,20.0
Vanilla RF,wavelet-LLL_glszm_LargeAreaEmphasis,5,100.0
Variance,wavelet-LLL_glszm_LargeAreaEmphasis,5,100.0
Mutual Information,wavelet-LLL_glszm_LargeAreaEmphasis,5,100.0
L1 Logistic Regression,wavelet-LLL_glszm_LargeAreaEmphasis,4,80.0
Boruta,wavelet-LLL_glszm_LargeAreaEmphasis,2,40.0
DyGraFS,wavelet-LLL_glszm_LargeAreaEmphasis,1,20.0
Anova,wavelet-LLL_glszm_LargeAreaEmphasis,1,20.0
RFE (SVM),wavelet-LLL_glszm_LargeAreaEmphasis,1,20.0
Vanilla RF,wavelet-LLL_glszm_LargeAreaHighGrayLevelEmphasis,5,100.0
Variance,wavelet-LLL_glszm_LargeAreaHighGrayLevelEmphasis,5,100.0
Mutual Information,wavelet-LLL_glszm_LargeAreaHighGrayLevelEmphasis,5,100.0
L1 Logistic Regression,wavelet-LLL_glszm_LargeAreaHighGrayLevelEmphasis,4,80.0
Boruta,wavelet-LLL_glszm_LargeAreaHighGrayLevelEmphasis,4,80.0
Anova,wavelet-LLL_glszm_LargeAreaHighGrayLevelEmphasis,1,20.0
RFE (SVM),wavelet-LLL_glszm_LargeAreaHighGrayLevelEmphasis,1,20.0
Vanilla RF,wavelet-LLL_glszm_LargeAreaLowGrayLevelEmphasis,5,100.0
Variance,wavelet-LLL_glszm_LargeAreaLowGrayLevelEmphasis,5,100.0
L1 Logistic Regression,wavelet-LLL_glszm_LargeAreaLowGrayLevelEmphasis,5,100.0
DyGraFS,wavelet-LLL_glszm_LargeAreaLowGrayLevelEmphasis,2,40.0
Mutual Information,wavelet-LLL_glszm_LargeAreaLowGrayLevelEmphasis,2,40.0
Anova,wavelet-LLL_glszm_LargeAreaLowGrayLevelEmphasis,1,20.0
RFE (SVM),wavelet-LLL_glszm_LargeAreaLowGrayLevelEmphasis,1,20.0
Boruta,wavelet-LLL_glszm_LargeAreaLowGrayLevelEmphasis,1,20.0
Vanilla RF,wavelet-LLL_glszm_LowGrayLevelZoneEmphasis,5,100.0
Variance,wavelet-LLL_glszm_LowGrayLevelZoneEmphasis,5,100.0
L1 Logistic Regression,wavelet-LLL_glszm_LowGrayLevelZoneEmphasis,4,80.0
Anova,wavelet-LLL_glszm_LowGrayLevelZoneEmphasis,1,20.0
RFE (SVM),wavelet-LLL_glszm_LowGrayLevelZoneEmphasis,1,20.0
Vanilla RF,wavelet-LLL_glszm_SizeZoneNonUniformity,5,100.0
Variance,wavelet-LLL_glszm_SizeZoneNonUniformity,5,100.0
L1 Logistic Regression,wavelet-LLL_glszm_SizeZoneNonUniformity,4,80.0
RFE (SVM),wavelet-LLL_glszm_SizeZoneNonUniformity,3,60.0
DyGraFS,wavelet-LLL_glszm_SizeZoneNonUniformity,2,40.0
Mutual Information,wavelet-LLL_glszm_SizeZoneNonUniformity,2,40.0
Anova,wavelet-LLL_glszm_SizeZoneNonUniformity,1,20.0
Vanilla RF,wavelet-LLL_glszm_SizeZoneNonUniformityNormalized,5,100.0
Variance,wavelet-LLL_glszm_SizeZoneNonUniformityNormalized,5,100.0
L1 Logistic Regression,wavelet-LLL_glszm_SizeZoneNonUniformityNormalized,4,80.0
Anova,wavelet-LLL_glszm_SizeZoneNonUniformityNormalized,1,20.0
Mutual Information,wavelet-LLL_glszm_SizeZoneNonUniformityNormalized,1,20.0
RFE (SVM),wavelet-LLL_glszm_SizeZoneNonUniformityNormalized,1,20.0
Vanilla RF,wavelet-LLL_glszm_SmallAreaEmphasis,5,100.0
Variance,wavelet-LLL_glszm_SmallAreaEmphasis,5,100.0
L1 Logistic Regression,wavelet-LLL_glszm_SmallAreaEmphasis,4,80.0
DyGraFS,wavelet-LLL_glszm_SmallAreaEmphasis,2,40.0
Mutual Information,wavelet-LLL_glszm_SmallAreaEmphasis,2,40.0
Anova,wavelet-LLL_glszm_SmallAreaEmphasis,1,20.0
RFE (SVM),wavelet-LLL_glszm_SmallAreaEmphasis,1,20.0
Vanilla RF,wavelet-LLL_glszm_SmallAreaHighGrayLevelEmphasis,5,100.0
Variance,wavelet-LLL_glszm_SmallAreaHighGrayLevelEmphasis,5,100.0
L1 Logistic Regression,wavelet-LLL_glszm_SmallAreaHighGrayLevelEmphasis,4,80.0
RFE (SVM),wavelet-LLL_glszm_SmallAreaHighGrayLevelEmphasis,3,60.0
Anova,wavelet-LLL_glszm_SmallAreaHighGrayLevelEmphasis,1,20.0
Mutual Information,wavelet-LLL_glszm_SmallAreaHighGrayLevelEmphasis,1,20.0
Vanilla RF,wavelet-LLL_glszm_SmallAreaLowGrayLevelEmphasis,5,100.0
Variance,wavelet-LLL_glszm_SmallAreaLowGrayLevelEmphasis,5,100.0
L1 Logistic Regression,wavelet-LLL_glszm_SmallAreaLowGrayLevelEmphasis,4,80.0
DyGraFS,wavelet-LLL_glszm_SmallAreaLowGrayLevelEmphasis,2,40.0
RFE (SVM),wavelet-LLL_glszm_SmallAreaLowGrayLevelEmphasis,2,40.0
Anova,wavelet-LLL_glszm_SmallAreaLowGrayLevelEmphasis,1,20.0
Mutual Information,wavelet-LLL_glszm_SmallAreaLowGrayLevelEmphasis,1,20.0
Vanilla RF,wavelet-LLL_glszm_ZoneEntropy,5,100.0
Variance,wavelet-LLL_glszm_ZoneEntropy,5,100.0
L1 Logistic Regression,wavelet-LLL_glszm_ZoneEntropy,4,80.0
Mutual Information,wavelet-LLL_glszm_ZoneEntropy,2,40.0
Anova,wavelet-LLL_glszm_ZoneEntropy,1,20.0
RFE (SVM),wavelet-LLL_glszm_ZoneEntropy,1,20.0
Vanilla RF,wavelet-LLL_glszm_ZonePercentage,5,100.0
L1 Logistic Regression,wavelet-LLL_glszm_ZonePercentage,4,80.0
Anova,wavelet-LLL_glszm_ZonePercentage,3,60.0
Mutual Information,wavelet-LLL_glszm_ZonePercentage,2,40.0
RFE (SVM),wavelet-LLL_glszm_ZonePercentage,1,20.0
Boruta,wavelet-LLL_glszm_ZonePercentage,1,20.0
Vanilla RF,wavelet-LLL_glszm_ZoneVariance,5,100.0
Variance,wavelet-LLL_glszm_ZoneVariance,5,100.0
Mutual Information,wavelet-LLL_glszm_ZoneVariance,5,100.0
L1 Logistic Regression,wavelet-LLL_glszm_ZoneVariance,4,80.0
RFE (SVM),wavelet-LLL_glszm_ZoneVariance,2,40.0
Boruta,wavelet-LLL_glszm_ZoneVariance,2,40.0
DyGraFS,wavelet-LLL_glszm_ZoneVariance,1,20.0
Anova,wavelet-LLL_glszm_ZoneVariance,1,20.0
Vanilla RF,wavelet-LLL_ngtdm_Busyness,5,100.0
Variance,wavelet-LLL_ngtdm_Busyness,5,100.0
L1 Logistic Regression,wavelet-LLL_ngtdm_Busyness,5,100.0
Mutual Information,wavelet-LLL_ngtdm_Busyness,2,40.0
RFE (SVM),wavelet-LLL_ngtdm_Busyness,2,40.0
DyGraFS,wavelet-LLL_ngtdm_Busyness,1,20.0
Anova,wavelet-LLL_ngtdm_Busyness,1,20.0
Vanilla RF,wavelet-LLL_ngtdm_Coarseness,5,100.0
Variance,wavelet-LLL_ngtdm_Coarseness,5,100.0
L1 Logistic Regression,wavelet-LLL_ngtdm_Coarseness,4,80.0
Mutual Information,wavelet-LLL_ngtdm_Coarseness,2,40.0
DyGraFS,wavelet-LLL_ngtdm_Coarseness,1,20.0
Anova,wavelet-LLL_ngtdm_Coarseness,1,20.0
RFE (SVM),wavelet-LLL_ngtdm_Coarseness,1,20.0
Vanilla RF,wavelet-LLL_ngtdm_Complexity,5,100.0
L1 Logistic Regression,wavelet-LLL_ngtdm_Complexity,4,80.0
Variance,wavelet-LLL_ngtdm_Complexity,3,60.0
Anova,wavelet-LLL_ngtdm_Complexity,1,20.0
Mutual Information,wavelet-LLL_ngtdm_Complexity,1,20.0
Vanilla RF,wavelet-LLL_ngtdm_Contrast,5,100.0
L1 Logistic Regression,wavelet-LLL_ngtdm_Contrast,4,80.0
Variance,wavelet-LLL_ngtdm_Contrast,1,20.0
Anova,wavelet-LLL_ngtdm_Contrast,1,20.0
Mutual Information,wavelet-LLL_ngtdm_Contrast,1,20.0
RFE (SVM),wavelet-LLL_ngtdm_Contrast,1,20.0
Vanilla RF,wavelet-LLL_ngtdm_Strength,5,100.0
Variance,wavelet-LLL_ngtdm_Strength,5,100.0
L1 Logistic Regression,wavelet-LLL_ngtdm_Strength,5,100.0
DyGraFS,wavelet-LLL_ngtdm_Strength,3,60.0
RFE (SVM),wavelet-LLL_ngtdm_Strength,3,60.0
Mutual Information,wavelet-LLL_ngtdm_Strength,2,40.0
Anova,wavelet-LLL_ngtdm_Strength,1,20.0
