Feature,Anova,Boruta,DyGraFS,GFSIR,L1 Logistic Regression,Mutual Information,RFE (SVM),Vanilla RF,Variance
exponential_firstorder_10Percentile,80.0,60.0,0.0,0.0,20.0,80.0,20.0,100.0,100.0
exponential_firstorder_90Percentile,60.0,0.0,0.0,0.0,40.0,80.0,0.0,100.0,100.0
exponential_firstorder_Energy,60.0,0.0,0.0,0.0,20.0,80.0,0.0,100.0,100.0
exponential_firstorder_Entropy,60.0,0.0,0.0,0.0,40.0,80.0,20.0,100.0,100.0
exponential_firstorder_InterquartileRange,0.0,0.0,0.0,0.0,60.0,80.0,80.0,100.0,100.0
exponential_firstorder_Kurtosis,20.0,0.0,20.0,20.0,60.0,80.0,40.0,100.0,100.0
exponential_firstorder_Maximum,60.0,0.0,0.0,0.0,40.0,80.0,40.0,100.0,100.0
exponential_firstorder_Mean,60.0,0.0,0.0,0.0,40.0,80.0,0.0,100.0,100.0
exponential_firstorder_MeanAbsoluteDeviation,0.0,0.0,0.0,0.0,40.0,80.0,0.0,100.0,100.0
exponential_firstorder_Median,80.0,0.0,0.0,0.0,40.0,80.0,20.0,100.0,100.0
exponential_firstorder_Minimum,60.0,60.0,0.0,0.0,40.0,80.0,20.0,100.0,100.0
exponential_firstorder_Range,60.0,0.0,0.0,0.0,40.0,80.0,40.0,100.0,100.0
exponential_firstorder_RobustMeanAbsoluteDeviation,0.0,0.0,0.0,0.0,40.0,80.0,60.0,100.0,100.0
exponential_firstorder_RootMeanSquared,60.0,0.0,0.0,0.0,40.0,80.0,0.0,100.0,100.0
exponential_firstorder_Skewness,20.0,0.0,0.0,0.0,40.0,80.0,60.0,100.0,100.0
exponential_firstorder_TotalEnergy,60.0,0.0,0.0,0.0,20.0,80.0,0.0,100.0,100.0
exponential_firstorder_Uniformity,60.0,0.0,20.0,0.0,20.0,80.0,0.0,100.0,100.0
exponential_firstorder_Variance,0.0,0.0,0.0,0.0,40.0,80.0,0.0,100.0,100.0
exponential_glcm_Autocorrelation,20.0,0.0,40.0,0.0,40.0,80.0,0.0,100.0,100.0
exponential_glcm_ClusterProminence,20.0,0.0,0.0,0.0,40.0,80.0,0.0,100.0,100.0
exponential_glcm_ClusterShade,20.0,0.0,0.0,0.0,40.0,80.0,0.0,100.0,100.0
exponential_glcm_ClusterTendency,0.0,0.0,0.0,0.0,40.0,80.0,0.0,100.0,100.0
exponential_glcm_Contrast,80.0,0.0,20.0,0.0,40.0,80.0,0.0,100.0,100.0
exponential_glcm_Correlation,60.0,0.0,20.0,0.0,40.0,80.0,60.0,100.0,100.0
exponential_glcm_DifferenceAverage,60.0,0.0,0.0,0.0,40.0,80.0,0.0,100.0,100.0
exponential_glcm_DifferenceEntropy,20.0,0.0,0.0,0.0,40.0,80.0,20.0,100.0,100.0
exponential_glcm_DifferenceVariance,80.0,0.0,0.0,0.0,40.0,80.0,0.0,100.0,100.0
exponential_glcm_Id,60.0,0.0,20.0,0.0,40.0,80.0,20.0,100.0,100.0
exponential_glcm_Idm,60.0,0.0,0.0,0.0,40.0,80.0,20.0,100.0,100.0
exponential_glcm_Idmn,100.0,0.0,0.0,0.0,40.0,80.0,40.0,100.0,0.0
exponential_glcm_Idn,100.0,0.0,0.0,0.0,40.0,80.0,60.0,100.0,60.0
exponential_glcm_Imc1,20.0,0.0,20.0,0.0,60.0,80.0,60.0,100.0,100.0
exponential_glcm_Imc2,40.0,0.0,0.0,0.0,60.0,80.0,40.0,100.0,100.0
exponential_glcm_InverseVariance,60.0,20.0,0.0,0.0,20.0,80.0,0.0,100.0,100.0
exponential_glcm_JointAverage,60.0,0.0,0.0,0.0,40.0,80.0,0.0,100.0,100.0
exponential_glcm_JointEnergy,60.0,0.0,0.0,0.0,20.0,80.0,0.0,100.0,100.0
exponential_glcm_JointEntropy,60.0,0.0,0.0,0.0,40.0,80.0,40.0,100.0,100.0
exponential_glcm_MCC,60.0,0.0,0.0,20.0,60.0,80.0,60.0,100.0,100.0
exponential_glcm_MaximumProbability,60.0,0.0,0.0,0.0,60.0,80.0,60.0,100.0,100.0
exponential_glcm_SumAverage,60.0,0.0,0.0,0.0,40.0,80.0,0.0,100.0,100.0
exponential_glcm_SumEntropy,60.0,0.0,20.0,0.0,40.0,80.0,40.0,100.0,100.0
exponential_glcm_SumSquares,20.0,0.0,0.0,0.0,40.0,80.0,0.0,100.0,100.0
exponential_gldm_DependenceEntropy,60.0,0.0,20.0,0.0,40.0,80.0,60.0,100.0,100.0
exponential_gldm_DependenceNonUniformity,100.0,60.0,0.0,0.0,40.0,80.0,40.0,100.0,100.0
exponential_gldm_DependenceNonUniformityNormalized,100.0,0.0,0.0,0.0,60.0,80.0,100.0,100.0,100.0
exponential_gldm_DependenceVariance,60.0,0.0,0.0,40.0,80.0,80.0,80.0,100.0,100.0
exponential_gldm_GrayLevelNonUniformity,100.0,0.0,0.0,0.0,60.0,80.0,60.0,100.0,100.0
exponential_gldm_GrayLevelVariance,0.0,0.0,0.0,0.0,40.0,80.0,0.0,100.0,100.0
exponential_gldm_HighGrayLevelEmphasis,20.0,0.0,0.0,0.0,40.0,80.0,0.0,100.0,100.0
exponential_gldm_LargeDependenceEmphasis,100.0,0.0,0.0,0.0,40.0,80.0,60.0,100.0,100.0
exponential_gldm_LargeDependenceHighGrayLevelEmphasis,100.0,20.0,0.0,0.0,40.0,80.0,100.0,100.0,100.0
exponential_gldm_LargeDependenceLowGrayLevelEmphasis,40.0,0.0,20.0,0.0,60.0,80.0,100.0,100.0,100.0
exponential_gldm_LowGrayLevelEmphasis,80.0,0.0,0.0,0.0,20.0,80.0,20.0,100.0,100.0
exponential_gldm_SmallDependenceEmphasis,60.0,0.0,20.0,0.0,40.0,80.0,20.0,100.0,80.0
exponential_gldm_SmallDependenceHighGrayLevelEmphasis,0.0,0.0,0.0,0.0,40.0,80.0,0.0,100.0,100.0
exponential_gldm_SmallDependenceLowGrayLevelEmphasis,100.0,100.0,0.0,0.0,100.0,100.0,80.0,100.0,0.0
exponential_glrlm_GrayLevelNonUniformity,100.0,0.0,0.0,0.0,40.0,80.0,0.0,100.0,100.0
exponential_glrlm_GrayLevelNonUniformityNormalized,60.0,0.0,0.0,0.0,20.0,80.0,40.0,100.0,100.0
exponential_glrlm_GrayLevelVariance,0.0,0.0,0.0,0.0,40.0,80.0,0.0,100.0,100.0
exponential_glrlm_HighGrayLevelRunEmphasis,40.0,0.0,0.0,0.0,40.0,80.0,0.0,100.0,100.0
exponential_glrlm_LongRunEmphasis,100.0,0.0,0.0,0.0,40.0,80.0,60.0,100.0,100.0
exponential_glrlm_LongRunHighGrayLevelEmphasis,60.0,0.0,0.0,0.0,20.0,80.0,0.0,100.0,100.0
exponential_glrlm_LongRunLowGrayLevelEmphasis,100.0,0.0,0.0,0.0,40.0,80.0,60.0,100.0,100.0
exponential_glrlm_LowGrayLevelRunEmphasis,80.0,0.0,0.0,0.0,20.0,80.0,20.0,100.0,100.0
exponential_glrlm_RunEntropy,100.0,0.0,0.0,0.0,40.0,80.0,80.0,100.0,100.0
exponential_glrlm_RunLengthNonUniformity,100.0,0.0,0.0,0.0,40.0,80.0,0.0,100.0,100.0
exponential_glrlm_RunLengthNonUniformityNormalized,100.0,0.0,20.0,0.0,40.0,80.0,20.0,100.0,100.0
exponential_glrlm_RunPercentage,100.0,0.0,0.0,0.0,20.0,100.0,0.0,100.0,100.0
exponential_glrlm_RunVariance,100.0,0.0,0.0,0.0,40.0,80.0,60.0,100.0,100.0
exponential_glrlm_ShortRunEmphasis,100.0,0.0,0.0,0.0,40.0,80.0,20.0,100.0,100.0
exponential_glrlm_ShortRunHighGrayLevelEmphasis,20.0,0.0,0.0,0.0,40.0,80.0,0.0,100.0,100.0
exponential_glrlm_ShortRunLowGrayLevelEmphasis,100.0,0.0,20.0,0.0,80.0,80.0,60.0,100.0,100.0
exponential_glszm_GrayLevelNonUniformity,100.0,0.0,0.0,0.0,20.0,80.0,0.0,100.0,100.0
exponential_glszm_GrayLevelNonUniformityNormalized,40.0,0.0,0.0,0.0,40.0,80.0,40.0,100.0,100.0
exponential_glszm_GrayLevelVariance,20.0,0.0,0.0,0.0,20.0,80.0,0.0,100.0,100.0
exponential_glszm_HighGrayLevelZoneEmphasis,40.0,0.0,0.0,0.0,20.0,80.0,20.0,100.0,100.0
exponential_glszm_LargeAreaEmphasis,60.0,0.0,0.0,0.0,40.0,80.0,0.0,100.0,100.0
exponential_glszm_LargeAreaHighGrayLevelEmphasis,60.0,0.0,0.0,0.0,40.0,80.0,0.0,100.0,100.0
exponential_glszm_LargeAreaLowGrayLevelEmphasis,60.0,0.0,0.0,0.0,40.0,80.0,0.0,100.0,100.0
exponential_glszm_LowGrayLevelZoneEmphasis,100.0,0.0,0.0,0.0,80.0,80.0,60.0,100.0,100.0
exponential_glszm_SizeZoneNonUniformity,60.0,0.0,0.0,0.0,20.0,80.0,0.0,100.0,100.0
exponential_glszm_SizeZoneNonUniformityNormalized,20.0,0.0,0.0,0.0,60.0,80.0,60.0,100.0,80.0
exponential_glszm_SmallAreaEmphasis,40.0,0.0,0.0,0.0,40.0,80.0,60.0,100.0,100.0
exponential_glszm_SmallAreaHighGrayLevelEmphasis,40.0,0.0,0.0,0.0,20.0,80.0,0.0,100.0,100.0
exponential_glszm_SmallAreaLowGrayLevelEmphasis,100.0,0.0,0.0,0.0,80.0,80.0,60.0,100.0,80.0
exponential_glszm_ZoneEntropy,80.0,0.0,0.0,0.0,40.0,80.0,40.0,100.0,100.0
exponential_glszm_ZonePercentage,100.0,0.0,0.0,0.0,40.0,80.0,40.0,100.0,80.0
exponential_glszm_ZoneVariance,60.0,0.0,0.0,0.0,40.0,80.0,0.0,100.0,100.0
exponential_ngtdm_Busyness,80.0,0.0,20.0,40.0,80.0,80.0,60.0,100.0,100.0
exponential_ngtdm_Coarseness,20.0,0.0,0.0,20.0,40.0,100.0,0.0,100.0,100.0
exponential_ngtdm_Complexity,20.0,0.0,0.0,0.0,40.0,80.0,0.0,100.0,100.0
exponential_ngtdm_Contrast,100.0,0.0,0.0,0.0,40.0,80.0,20.0,100.0,100.0
exponential_ngtdm_Strength,80.0,0.0,0.0,0.0,20.0,80.0,0.0,100.0,100.0
gradient_firstorder_10Percentile,80.0,0.0,0.0,0.0,40.0,80.0,0.0,100.0,100.0
gradient_firstorder_90Percentile,60.0,0.0,0.0,0.0,20.0,80.0,0.0,100.0,100.0
gradient_firstorder_Energy,80.0,0.0,20.0,0.0,20.0,80.0,0.0,100.0,100.0
gradient_firstorder_Entropy,40.0,0.0,0.0,0.0,20.0,80.0,20.0,100.0,100.0
gradient_firstorder_InterquartileRange,60.0,0.0,0.0,0.0,20.0,80.0,0.0,100.0,100.0
gradient_firstorder_Kurtosis,80.0,60.0,0.0,20.0,60.0,80.0,20.0,100.0,100.0
gradient_firstorder_Maximum,60.0,0.0,20.0,0.0,20.0,80.0,20.0,100.0,100.0
gradient_firstorder_Mean,60.0,20.0,0.0,0.0,40.0,80.0,0.0,100.0,100.0
gradient_firstorder_MeanAbsoluteDeviation,40.0,0.0,0.0,0.0,0.0,80.0,0.0,100.0,100.0
gradient_firstorder_Median,60.0,0.0,0.0,0.0,40.0,80.0,0.0,100.0,100.0
gradient_firstorder_Minimum,100.0,0.0,0.0,0.0,40.0,80.0,60.0,100.0,100.0
gradient_firstorder_Range,60.0,0.0,0.0,0.0,20.0,80.0,20.0,100.0,100.0
gradient_firstorder_RobustMeanAbsoluteDeviation,40.0,0.0,0.0,0.0,20.0,80.0,0.0,100.0,100.0
gradient_firstorder_RootMeanSquared,40.0,0.0,0.0,0.0,20.0,80.0,0.0,100.0,100.0
gradient_firstorder_Skewness,100.0,40.0,0.0,0.0,60.0,80.0,40.0,100.0,100.0
gradient_firstorder_TotalEnergy,80.0,0.0,0.0,0.0,20.0,80.0,0.0,100.0,100.0
gradient_firstorder_Uniformity,100.0,0.0,0.0,0.0,20.0,80.0,20.0,100.0,100.0
gradient_firstorder_Variance,80.0,0.0,0.0,0.0,40.0,80.0,0.0,100.0,100.0
gradient_glcm_Autocorrelation,100.0,0.0,0.0,0.0,40.0,80.0,0.0,100.0,100.0
gradient_glcm_ClusterProminence,80.0,0.0,0.0,0.0,40.0,80.0,0.0,100.0,100.0
gradient_glcm_ClusterShade,60.0,0.0,0.0,0.0,20.0,80.0,0.0,100.0,100.0
gradient_glcm_ClusterTendency,80.0,0.0,0.0,0.0,40.0,80.0,0.0,100.0,100.0
gradient_glcm_Contrast,100.0,0.0,0.0,20.0,40.0,80.0,0.0,100.0,100.0
gradient_glcm_Correlation,40.0,0.0,0.0,20.0,20.0,80.0,20.0,100.0,100.0
gradient_glcm_DifferenceAverage,60.0,0.0,0.0,0.0,40.0,80.0,0.0,100.0,100.0
gradient_glcm_DifferenceEntropy,40.0,0.0,0.0,0.0,20.0,80.0,0.0,100.0,100.0
gradient_glcm_DifferenceVariance,80.0,0.0,0.0,0.0,40.0,80.0,0.0,100.0,100.0
gradient_glcm_Id,40.0,0.0,0.0,0.0,20.0,80.0,0.0,100.0,100.0
gradient_glcm_Idm,20.0,0.0,0.0,20.0,20.0,80.0,0.0,100.0,100.0
gradient_glcm_Idmn,100.0,40.0,0.0,0.0,60.0,80.0,20.0,100.0,20.0
gradient_glcm_Idn,100.0,20.0,0.0,0.0,60.0,80.0,20.0,100.0,60.0
gradient_glcm_Imc1,60.0,0.0,20.0,20.0,80.0,80.0,40.0,100.0,80.0
gradient_glcm_Imc2,100.0,0.0,0.0,0.0,40.0,80.0,20.0,100.0,100.0
gradient_glcm_InverseVariance,100.0,0.0,0.0,0.0,40.0,80.0,20.0,100.0,100.0
gradient_glcm_JointAverage,60.0,0.0,0.0,0.0,40.0,80.0,0.0,100.0,100.0
gradient_glcm_JointEnergy,100.0,0.0,40.0,0.0,40.0,80.0,20.0,100.0,100.0
gradient_glcm_JointEntropy,20.0,0.0,0.0,0.0,20.0,80.0,0.0,100.0,100.0
gradient_glcm_MCC,40.0,0.0,20.0,0.0,40.0,80.0,60.0,100.0,100.0
gradient_glcm_MaximumProbability,100.0,0.0,0.0,0.0,40.0,80.0,20.0,100.0,100.0
gradient_glcm_SumAverage,60.0,0.0,0.0,0.0,40.0,80.0,0.0,100.0,100.0
gradient_glcm_SumEntropy,40.0,0.0,0.0,0.0,20.0,80.0,0.0,100.0,100.0
gradient_glcm_SumSquares,80.0,0.0,0.0,0.0,40.0,100.0,0.0,100.0,100.0
gradient_gldm_DependenceEntropy,100.0,20.0,0.0,0.0,20.0,80.0,20.0,100.0,100.0
gradient_gldm_DependenceNonUniformity,100.0,100.0,0.0,20.0,20.0,80.0,40.0,100.0,100.0
gradient_gldm_DependenceNonUniformityNormalized,100.0,20.0,0.0,0.0,40.0,80.0,40.0,100.0,100.0
gradient_gldm_DependenceVariance,60.0,0.0,20.0,0.0,60.0,80.0,60.0,100.0,100.0
gradient_gldm_GrayLevelNonUniformity,100.0,0.0,20.0,0.0,40.0,80.0,40.0,100.0,100.0
gradient_gldm_GrayLevelVariance,80.0,0.0,0.0,0.0,40.0,80.0,0.0,100.0,100.0
gradient_gldm_HighGrayLevelEmphasis,100.0,0.0,0.0,0.0,40.0,80.0,0.0,100.0,100.0
gradient_gldm_LargeDependenceEmphasis,100.0,0.0,0.0,0.0,20.0,80.0,0.0,100.0,100.0
gradient_gldm_LargeDependenceHighGrayLevelEmphasis,60.0,0.0,0.0,0.0,20.0,80.0,0.0,100.0,100.0
gradient_gldm_LargeDependenceLowGrayLevelEmphasis,100.0,0.0,0.0,0.0,60.0,100.0,40.0,100.0,100.0
gradient_gldm_LowGrayLevelEmphasis,60.0,0.0,0.0,0.0,40.0,80.0,40.0,100.0,100.0
gradient_gldm_SmallDependenceEmphasis,80.0,20.0,0.0,0.0,40.0,100.0,20.0,100.0,80.0
gradient_gldm_SmallDependenceHighGrayLevelEmphasis,100.0,40.0,0.0,0.0,40.0,100.0,0.0,100.0,100.0
gradient_gldm_SmallDependenceLowGrayLevelEmphasis,100.0,40.0,0.0,0.0,80.0,100.0,100.0,100.0,0.0
gradient_glrlm_GrayLevelNonUniformity,100.0,0.0,0.0,0.0,80.0,80.0,60.0,100.0,100.0
gradient_glrlm_GrayLevelNonUniformityNormalized,60.0,0.0,0.0,0.0,20.0,80.0,40.0,100.0,100.0
gradient_glrlm_GrayLevelVariance,80.0,0.0,0.0,0.0,40.0,80.0,0.0,100.0,100.0
gradient_glrlm_HighGrayLevelRunEmphasis,100.0,0.0,0.0,0.0,40.0,80.0,0.0,100.0,100.0
gradient_glrlm_LongRunEmphasis,100.0,0.0,0.0,0.0,40.0,80.0,40.0,100.0,100.0
gradient_glrlm_LongRunHighGrayLevelEmphasis,40.0,20.0,0.0,0.0,20.0,80.0,0.0,100.0,100.0
gradient_glrlm_LongRunLowGrayLevelEmphasis,100.0,0.0,0.0,0.0,40.0,100.0,40.0,100.0,100.0
gradient_glrlm_LowGrayLevelRunEmphasis,60.0,0.0,0.0,0.0,40.0,80.0,0.0,100.0,100.0
gradient_glrlm_RunEntropy,100.0,0.0,0.0,0.0,40.0,80.0,0.0,100.0,100.0
gradient_glrlm_RunLengthNonUniformity,100.0,0.0,0.0,0.0,20.0,80.0,0.0,100.0,100.0
gradient_glrlm_RunLengthNonUniformityNormalized,100.0,0.0,0.0,0.0,20.0,80.0,20.0,100.0,100.0
gradient_glrlm_RunPercentage,100.0,0.0,0.0,20.0,20.0,80.0,0.0,100.0,100.0
gradient_glrlm_RunVariance,100.0,0.0,0.0,0.0,40.0,80.0,60.0,100.0,100.0
gradient_glrlm_ShortRunEmphasis,100.0,20.0,0.0,0.0,40.0,80.0,40.0,100.0,100.0
gradient_glrlm_ShortRunHighGrayLevelEmphasis,100.0,0.0,0.0,0.0,40.0,80.0,0.0,100.0,100.0
gradient_glrlm_ShortRunLowGrayLevelEmphasis,100.0,0.0,0.0,0.0,40.0,80.0,60.0,100.0,100.0
gradient_glszm_GrayLevelNonUniformity,100.0,40.0,0.0,0.0,20.0,100.0,0.0,100.0,100.0
gradient_glszm_GrayLevelNonUniformityNormalized,80.0,0.0,0.0,0.0,60.0,80.0,60.0,100.0,100.0
gradient_glszm_GrayLevelVariance,40.0,0.0,0.0,0.0,40.0,80.0,0.0,100.0,100.0
gradient_glszm_HighGrayLevelZoneEmphasis,60.0,0.0,0.0,0.0,40.0,80.0,0.0,100.0,100.0
gradient_glszm_LargeAreaEmphasis,100.0,0.0,0.0,0.0,20.0,80.0,0.0,100.0,100.0
gradient_glszm_LargeAreaHighGrayLevelEmphasis,100.0,0.0,0.0,0.0,20.0,80.0,0.0,100.0,100.0
gradient_glszm_LargeAreaLowGrayLevelEmphasis,100.0,0.0,0.0,0.0,20.0,80.0,0.0,100.0,100.0
gradient_glszm_LowGrayLevelZoneEmphasis,100.0,0.0,0.0,0.0,80.0,80.0,80.0,100.0,100.0
gradient_glszm_SizeZoneNonUniformity,100.0,0.0,0.0,0.0,20.0,80.0,0.0,100.0,100.0
gradient_glszm_SizeZoneNonUniformityNormalized,80.0,20.0,0.0,20.0,60.0,80.0,60.0,100.0,100.0
gradient_glszm_SmallAreaEmphasis,40.0,0.0,0.0,0.0,60.0,80.0,60.0,100.0,100.0
gradient_glszm_SmallAreaHighGrayLevelEmphasis,60.0,0.0,0.0,0.0,40.0,80.0,0.0,100.0,100.0
gradient_glszm_SmallAreaLowGrayLevelEmphasis,100.0,80.0,20.0,20.0,100.0,100.0,60.0,100.0,80.0
gradient_glszm_ZoneEntropy,60.0,40.0,0.0,0.0,40.0,80.0,0.0,100.0,100.0
gradient_glszm_ZonePercentage,80.0,20.0,0.0,0.0,40.0,100.0,40.0,100.0,80.0
gradient_glszm_ZoneVariance,100.0,0.0,0.0,0.0,20.0,80.0,0.0,100.0,100.0
gradient_ngtdm_Busyness,100.0,0.0,0.0,0.0,60.0,80.0,20.0,100.0,100.0
gradient_ngtdm_Coarseness,100.0,0.0,20.0,0.0,20.0,80.0,20.0,100.0,100.0
gradient_ngtdm_Complexity,40.0,0.0,0.0,0.0,40.0,80.0,0.0,100.0,100.0
gradient_ngtdm_Contrast,100.0,0.0,0.0,0.0,40.0,80.0,20.0,100.0,80.0
gradient_ngtdm_Strength,80.0,0.0,0.0,0.0,40.0,80.0,0.0,100.0,100.0
lbp-2D_firstorder_10Percentile,60.0,0.0,20.0,20.0,60.0,80.0,40.0,100.0,100.0
lbp-2D_firstorder_90Percentile,60.0,0.0,0.0,0.0,40.0,80.0,80.0,100.0,100.0
lbp-2D_firstorder_Energy,100.0,20.0,0.0,0.0,40.0,100.0,60.0,100.0,100.0
lbp-2D_firstorder_Entropy,0.0,0.0,0.0,60.0,0.0,80.0,0.0,100.0,0.0
lbp-2D_firstorder_InterquartileRange,100.0,0.0,0.0,0.0,60.0,80.0,20.0,100.0,100.0
lbp-2D_firstorder_Kurtosis,80.0,0.0,0.0,20.0,40.0,80.0,40.0,100.0,100.0
lbp-2D_firstorder_Maximum,80.0,0.0,0.0,0.0,60.0,80.0,40.0,100.0,80.0
lbp-2D_firstorder_Mean,20.0,0.0,20.0,0.0,80.0,80.0,80.0,100.0,100.0
lbp-2D_firstorder_MeanAbsoluteDeviation,100.0,0.0,20.0,0.0,40.0,80.0,0.0,100.0,100.0
lbp-2D_firstorder_Median,80.0,0.0,0.0,0.0,40.0,80.0,80.0,100.0,100.0
lbp-2D_firstorder_Minimum,100.0,0.0,20.0,20.0,60.0,80.0,40.0,100.0,80.0
lbp-2D_firstorder_Range,100.0,0.0,20.0,0.0,80.0,80.0,80.0,100.0,100.0
lbp-2D_firstorder_RobustMeanAbsoluteDeviation,20.0,0.0,20.0,0.0,20.0,80.0,20.0,100.0,100.0
lbp-2D_firstorder_RootMeanSquared,40.0,0.0,0.0,0.0,80.0,80.0,60.0,100.0,100.0
lbp-2D_firstorder_Skewness,40.0,0.0,0.0,20.0,60.0,80.0,40.0,100.0,100.0
lbp-2D_firstorder_TotalEnergy,100.0,40.0,0.0,0.0,40.0,100.0,60.0,100.0,100.0
lbp-2D_firstorder_Uniformity,0.0,0.0,0.0,60.0,0.0,80.0,0.0,100.0,0.0
lbp-2D_firstorder_Variance,100.0,0.0,0.0,0.0,20.0,80.0,20.0,100.0,100.0
lbp-2D_glcm_Autocorrelation,0.0,0.0,0.0,60.0,0.0,80.0,0.0,100.0,0.0
lbp-2D_glcm_ClusterProminence,0.0,0.0,0.0,60.0,0.0,80.0,0.0,100.0,0.0
lbp-2D_glcm_ClusterShade,0.0,0.0,0.0,60.0,0.0,80.0,0.0,100.0,0.0
lbp-2D_glcm_ClusterTendency,0.0,0.0,0.0,40.0,0.0,80.0,0.0,100.0,0.0
lbp-2D_glcm_Contrast,0.0,0.0,0.0,40.0,0.0,80.0,0.0,100.0,0.0
lbp-2D_glcm_Correlation,0.0,0.0,0.0,40.0,0.0,80.0,0.0,100.0,0.0
lbp-2D_glcm_DifferenceAverage,0.0,0.0,0.0,40.0,0.0,80.0,0.0,100.0,0.0
lbp-2D_glcm_DifferenceEntropy,0.0,0.0,0.0,20.0,0.0,80.0,0.0,100.0,0.0
lbp-2D_glcm_DifferenceVariance,0.0,0.0,0.0,20.0,0.0,80.0,0.0,100.0,0.0
lbp-2D_glcm_Id,0.0,0.0,0.0,20.0,0.0,80.0,0.0,100.0,0.0
lbp-2D_glcm_Idm,0.0,0.0,0.0,20.0,0.0,80.0,0.0,100.0,0.0
lbp-2D_glcm_Idmn,0.0,0.0,0.0,20.0,0.0,80.0,0.0,100.0,0.0
lbp-2D_glcm_Idn,0.0,0.0,0.0,20.0,0.0,80.0,0.0,100.0,0.0
lbp-2D_glcm_Imc1,0.0,0.0,0.0,20.0,0.0,80.0,0.0,100.0,0.0
lbp-2D_glcm_Imc2,0.0,0.0,0.0,20.0,0.0,80.0,0.0,100.0,0.0
lbp-2D_glcm_InverseVariance,0.0,0.0,0.0,20.0,0.0,80.0,0.0,100.0,0.0
lbp-2D_glcm_JointAverage,0.0,0.0,0.0,20.0,0.0,80.0,0.0,100.0,0.0
lbp-2D_glcm_JointEnergy,0.0,0.0,0.0,20.0,0.0,80.0,0.0,100.0,0.0
lbp-2D_glcm_JointEntropy,0.0,0.0,0.0,20.0,0.0,80.0,0.0,100.0,0.0
lbp-2D_glcm_MCC,0.0,0.0,0.0,20.0,0.0,80.0,0.0,100.0,0.0
lbp-2D_glcm_MaximumProbability,0.0,0.0,0.0,20.0,0.0,80.0,0.0,100.0,0.0
lbp-2D_glcm_SumAverage,0.0,0.0,0.0,20.0,0.0,80.0,0.0,100.0,0.0
lbp-2D_glcm_SumEntropy,0.0,0.0,0.0,20.0,0.0,80.0,0.0,100.0,0.0
lbp-2D_glcm_SumSquares,0.0,0.0,0.0,0.0,0.0,80.0,0.0,100.0,0.0
lbp-2D_gldm_DependenceEntropy,100.0,0.0,0.0,0.0,40.0,80.0,60.0,100.0,100.0
lbp-2D_gldm_DependenceNonUniformity,100.0,0.0,20.0,0.0,20.0,80.0,0.0,100.0,100.0
lbp-2D_gldm_DependenceNonUniformityNormalized,100.0,0.0,20.0,0.0,20.0,80.0,20.0,100.0,100.0
lbp-2D_gldm_DependenceVariance,100.0,0.0,0.0,0.0,40.0,80.0,40.0,100.0,100.0
lbp-2D_gldm_GrayLevelNonUniformity,100.0,60.0,0.0,0.0,40.0,100.0,60.0,100.0,100.0
lbp-2D_gldm_GrayLevelVariance,0.0,0.0,0.0,0.0,0.0,80.0,0.0,100.0,0.0
lbp-2D_gldm_HighGrayLevelEmphasis,0.0,0.0,0.0,0.0,0.0,80.0,0.0,100.0,0.0
lbp-2D_gldm_LargeDependenceEmphasis,100.0,20.0,0.0,0.0,40.0,80.0,20.0,100.0,100.0
lbp-2D_gldm_LargeDependenceHighGrayLevelEmphasis,100.0,20.0,0.0,0.0,40.0,80.0,40.0,100.0,100.0
lbp-2D_gldm_LargeDependenceLowGrayLevelEmphasis,100.0,20.0,0.0,0.0,40.0,80.0,20.0,100.0,100.0
lbp-2D_gldm_LowGrayLevelEmphasis,0.0,0.0,0.0,0.0,0.0,80.0,0.0,100.0,0.0
lbp-2D_gldm_SmallDependenceEmphasis,100.0,60.0,0.0,0.0,80.0,100.0,20.0,100.0,0.0
lbp-2D_gldm_SmallDependenceHighGrayLevelEmphasis,100.0,40.0,0.0,0.0,80.0,100.0,20.0,100.0,0.0
lbp-2D_gldm_SmallDependenceLowGrayLevelEmphasis,100.0,40.0,0.0,0.0,80.0,100.0,40.0,100.0,0.0
lbp-2D_glrlm_GrayLevelNonUniformity,100.0,40.0,0.0,0.0,80.0,80.0,100.0,100.0,100.0
lbp-2D_glrlm_GrayLevelNonUniformityNormalized,0.0,0.0,0.0,0.0,0.0,80.0,0.0,100.0,0.0
lbp-2D_glrlm_GrayLevelVariance,0.0,0.0,0.0,0.0,0.0,80.0,0.0,100.0,0.0
lbp-2D_glrlm_HighGrayLevelRunEmphasis,0.0,0.0,0.0,0.0,0.0,80.0,0.0,100.0,0.0
lbp-2D_glrlm_LongRunEmphasis,100.0,20.0,0.0,0.0,20.0,80.0,20.0,100.0,100.0
lbp-2D_glrlm_LongRunHighGrayLevelEmphasis,100.0,20.0,0.0,0.0,20.0,80.0,20.0,100.0,100.0
lbp-2D_glrlm_LongRunLowGrayLevelEmphasis,100.0,20.0,0.0,0.0,20.0,80.0,20.0,100.0,100.0
lbp-2D_glrlm_LowGrayLevelRunEmphasis,0.0,0.0,0.0,0.0,0.0,80.0,0.0,100.0,0.0
lbp-2D_glrlm_RunEntropy,100.0,0.0,0.0,0.0,40.0,80.0,20.0,100.0,100.0
lbp-2D_glrlm_RunLengthNonUniformity,80.0,0.0,0.0,0.0,80.0,80.0,80.0,100.0,100.0
lbp-2D_glrlm_RunLengthNonUniformityNormalized,100.0,0.0,0.0,0.0,20.0,80.0,0.0,100.0,80.0
lbp-2D_glrlm_RunPercentage,100.0,20.0,0.0,0.0,40.0,80.0,20.0,100.0,100.0
lbp-2D_glrlm_RunVariance,100.0,20.0,0.0,0.0,40.0,80.0,20.0,100.0,100.0
lbp-2D_glrlm_ShortRunEmphasis,100.0,0.0,0.0,0.0,40.0,80.0,0.0,100.0,100.0
lbp-2D_glrlm_ShortRunHighGrayLevelEmphasis,100.0,0.0,0.0,0.0,40.0,80.0,0.0,100.0,100.0
lbp-2D_glrlm_ShortRunLowGrayLevelEmphasis,100.0,0.0,0.0,0.0,40.0,80.0,0.0,100.0,100.0
lbp-2D_glszm_GrayLevelNonUniformity,60.0,0.0,0.0,20.0,60.0,80.0,40.0,100.0,100.0
lbp-2D_glszm_GrayLevelNonUniformityNormalized,0.0,0.0,0.0,0.0,0.0,80.0,0.0,100.0,0.0
lbp-2D_glszm_GrayLevelVariance,0.0,0.0,0.0,0.0,0.0,80.0,0.0,100.0,0.0
lbp-2D_glszm_HighGrayLevelZoneEmphasis,0.0,0.0,0.0,0.0,0.0,80.0,0.0,100.0,0.0
lbp-2D_glszm_LargeAreaEmphasis,100.0,40.0,20.0,0.0,20.0,80.0,0.0,100.0,100.0
lbp-2D_glszm_LargeAreaHighGrayLevelEmphasis,100.0,20.0,0.0,0.0,20.0,80.0,0.0,100.0,100.0
lbp-2D_glszm_LargeAreaLowGrayLevelEmphasis,100.0,40.0,0.0,0.0,20.0,80.0,0.0,100.0,100.0
lbp-2D_glszm_LowGrayLevelZoneEmphasis,0.0,0.0,0.0,0.0,0.0,80.0,0.0,100.0,0.0
lbp-2D_glszm_SizeZoneNonUniformity,40.0,0.0,20.0,0.0,80.0,80.0,100.0,100.0,100.0
lbp-2D_glszm_SizeZoneNonUniformityNormalized,100.0,0.0,0.0,0.0,80.0,80.0,60.0,100.0,100.0
lbp-2D_glszm_SmallAreaEmphasis,40.0,20.0,40.0,0.0,80.0,80.0,80.0,100.0,100.0
lbp-2D_glszm_SmallAreaHighGrayLevelEmphasis,40.0,20.0,0.0,0.0,80.0,80.0,80.0,100.0,100.0
lbp-2D_glszm_SmallAreaLowGrayLevelEmphasis,40.0,20.0,0.0,0.0,80.0,80.0,80.0,100.0,100.0
lbp-2D_glszm_ZoneEntropy,80.0,0.0,20.0,0.0,60.0,80.0,60.0,100.0,100.0
lbp-2D_glszm_ZonePercentage,100.0,60.0,0.0,0.0,80.0,80.0,100.0,100.0,0.0
lbp-2D_glszm_ZoneVariance,100.0,0.0,0.0,0.0,40.0,80.0,20.0,100.0,100.0
lbp-2D_ngtdm_Busyness,0.0,0.0,0.0,0.0,0.0,80.0,0.0,100.0,0.0
lbp-2D_ngtdm_Coarseness,0.0,0.0,0.0,0.0,0.0,80.0,0.0,100.0,0.0
lbp-2D_ngtdm_Complexity,0.0,0.0,0.0,0.0,0.0,80.0,0.0,100.0,0.0
lbp-2D_ngtdm_Contrast,0.0,0.0,0.0,0.0,0.0,80.0,0.0,100.0,0.0
lbp-2D_ngtdm_Strength,0.0,0.0,0.0,0.0,0.0,80.0,0.0,100.0,0.0
logarithm_firstorder_10Percentile,80.0,0.0,0.0,0.0,40.0,80.0,80.0,100.0,100.0
logarithm_firstorder_90Percentile,80.0,0.0,0.0,0.0,40.0,80.0,80.0,100.0,100.0
logarithm_firstorder_Energy,100.0,0.0,0.0,0.0,20.0,80.0,0.0,100.0,100.0
logarithm_firstorder_Entropy,20.0,0.0,0.0,0.0,20.0,80.0,0.0,100.0,100.0
logarithm_firstorder_InterquartileRange,20.0,0.0,0.0,0.0,20.0,80.0,20.0,100.0,100.0
logarithm_firstorder_Kurtosis,40.0,0.0,20.0,0.0,80.0,80.0,60.0,100.0,100.0
logarithm_firstorder_Maximum,80.0,0.0,0.0,0.0,40.0,80.0,60.0,100.0,100.0
logarithm_firstorder_Mean,80.0,0.0,0.0,0.0,40.0,80.0,60.0,100.0,100.0
logarithm_firstorder_MeanAbsoluteDeviation,20.0,0.0,0.0,0.0,20.0,80.0,20.0,100.0,100.0
logarithm_firstorder_Median,80.0,0.0,0.0,0.0,40.0,80.0,60.0,100.0,100.0
logarithm_firstorder_Minimum,80.0,0.0,0.0,0.0,40.0,80.0,80.0,100.0,100.0
logarithm_firstorder_Range,60.0,0.0,0.0,0.0,40.0,80.0,20.0,100.0,100.0
logarithm_firstorder_RobustMeanAbsoluteDeviation,20.0,0.0,0.0,0.0,20.0,80.0,40.0,100.0,100.0
logarithm_firstorder_RootMeanSquared,80.0,0.0,0.0,0.0,40.0,80.0,60.0,100.0,100.0
logarithm_firstorder_Skewness,40.0,0.0,0.0,40.0,40.0,80.0,60.0,100.0,100.0
logarithm_firstorder_TotalEnergy,100.0,20.0,0.0,0.0,20.0,80.0,0.0,100.0,100.0
logarithm_firstorder_Uniformity,40.0,20.0,20.0,0.0,80.0,100.0,100.0,100.0,100.0
logarithm_firstorder_Variance,40.0,0.0,0.0,0.0,20.0,80.0,0.0,100.0,100.0
logarithm_glcm_Autocorrelation,80.0,0.0,0.0,0.0,40.0,80.0,20.0,100.0,100.0
logarithm_glcm_ClusterProminence,80.0,0.0,0.0,0.0,20.0,80.0,0.0,100.0,100.0
logarithm_glcm_ClusterShade,60.0,0.0,20.0,0.0,20.0,80.0,0.0,100.0,100.0
logarithm_glcm_ClusterTendency,40.0,0.0,0.0,0.0,20.0,80.0,20.0,100.0,100.0
logarithm_glcm_Contrast,100.0,0.0,0.0,0.0,40.0,80.0,0.0,100.0,100.0
logarithm_glcm_Correlation,20.0,0.0,20.0,0.0,40.0,80.0,40.0,100.0,100.0
logarithm_glcm_DifferenceAverage,60.0,0.0,0.0,0.0,40.0,100.0,20.0,100.0,100.0
logarithm_glcm_DifferenceEntropy,40.0,0.0,0.0,0.0,40.0,100.0,80.0,100.0,100.0
logarithm_glcm_DifferenceVariance,80.0,0.0,0.0,0.0,40.0,80.0,0.0,100.0,100.0
logarithm_glcm_Id,40.0,0.0,0.0,0.0,40.0,100.0,20.0,100.0,100.0
logarithm_glcm_Idm,40.0,0.0,0.0,0.0,40.0,100.0,20.0,100.0,100.0
logarithm_glcm_Idmn,40.0,0.0,0.0,0.0,40.0,80.0,60.0,100.0,0.0
logarithm_glcm_Idn,100.0,0.0,0.0,0.0,80.0,80.0,40.0,100.0,60.0
logarithm_glcm_Imc1,40.0,0.0,0.0,0.0,40.0,80.0,20.0,100.0,100.0
logarithm_glcm_Imc2,60.0,0.0,0.0,0.0,40.0,80.0,0.0,100.0,100.0
logarithm_glcm_InverseVariance,40.0,0.0,0.0,0.0,60.0,80.0,40.0,100.0,100.0
logarithm_glcm_JointAverage,60.0,0.0,0.0,0.0,40.0,80.0,20.0,100.0,100.0
logarithm_glcm_JointEnergy,40.0,0.0,0.0,0.0,80.0,80.0,100.0,100.0,100.0
logarithm_glcm_JointEntropy,20.0,0.0,0.0,0.0,40.0,80.0,0.0,100.0,100.0
logarithm_glcm_MCC,40.0,0.0,0.0,0.0,60.0,80.0,100.0,100.0,100.0
logarithm_glcm_MaximumProbability,60.0,0.0,0.0,0.0,80.0,100.0,100.0,100.0,100.0
logarithm_glcm_SumAverage,60.0,0.0,0.0,0.0,40.0,80.0,20.0,100.0,100.0
logarithm_glcm_SumEntropy,20.0,20.0,20.0,0.0,20.0,80.0,0.0,100.0,100.0
logarithm_glcm_SumSquares,40.0,0.0,0.0,0.0,20.0,80.0,0.0,100.0,100.0
logarithm_gldm_DependenceEntropy,40.0,0.0,0.0,0.0,60.0,100.0,40.0,100.0,100.0
logarithm_gldm_DependenceNonUniformity,100.0,80.0,20.0,0.0,20.0,80.0,40.0,100.0,100.0
logarithm_gldm_DependenceNonUniformityNormalized,100.0,0.0,0.0,0.0,40.0,80.0,60.0,100.0,80.0
logarithm_gldm_DependenceVariance,40.0,0.0,0.0,0.0,40.0,80.0,40.0,100.0,100.0
logarithm_gldm_GrayLevelNonUniformity,100.0,0.0,0.0,0.0,20.0,80.0,40.0,100.0,100.0
logarithm_gldm_GrayLevelVariance,40.0,0.0,0.0,0.0,20.0,80.0,0.0,100.0,100.0
logarithm_gldm_HighGrayLevelEmphasis,80.0,0.0,0.0,0.0,40.0,80.0,20.0,100.0,100.0
logarithm_gldm_LargeDependenceEmphasis,100.0,0.0,0.0,0.0,40.0,80.0,0.0,100.0,100.0
logarithm_gldm_LargeDependenceHighGrayLevelEmphasis,100.0,0.0,0.0,0.0,40.0,80.0,40.0,100.0,100.0
logarithm_gldm_LargeDependenceLowGrayLevelEmphasis,60.0,0.0,0.0,0.0,40.0,80.0,60.0,100.0,100.0
logarithm_gldm_LowGrayLevelEmphasis,40.0,0.0,0.0,0.0,40.0,80.0,20.0,100.0,100.0
logarithm_gldm_SmallDependenceEmphasis,100.0,20.0,0.0,0.0,40.0,80.0,60.0,100.0,80.0
logarithm_gldm_SmallDependenceHighGrayLevelEmphasis,40.0,20.0,20.0,0.0,40.0,100.0,0.0,100.0,100.0
logarithm_gldm_SmallDependenceLowGrayLevelEmphasis,100.0,0.0,0.0,0.0,20.0,80.0,20.0,100.0,0.0
logarithm_glrlm_GrayLevelNonUniformity,100.0,0.0,0.0,0.0,100.0,80.0,60.0,100.0,100.0
logarithm_glrlm_GrayLevelNonUniformityNormalized,40.0,0.0,0.0,0.0,60.0,100.0,60.0,100.0,100.0
logarithm_glrlm_GrayLevelVariance,40.0,0.0,0.0,0.0,40.0,80.0,20.0,100.0,100.0
logarithm_glrlm_HighGrayLevelRunEmphasis,80.0,0.0,0.0,0.0,40.0,80.0,40.0,100.0,100.0
logarithm_glrlm_LongRunEmphasis,100.0,0.0,20.0,0.0,20.0,80.0,0.0,100.0,100.0
logarithm_glrlm_LongRunHighGrayLevelEmphasis,100.0,0.0,20.0,0.0,60.0,80.0,60.0,100.0,100.0
logarithm_glrlm_LongRunLowGrayLevelEmphasis,100.0,20.0,20.0,0.0,40.0,80.0,60.0,100.0,100.0
logarithm_glrlm_LowGrayLevelRunEmphasis,40.0,0.0,20.0,0.0,40.0,80.0,20.0,100.0,100.0
logarithm_glrlm_RunEntropy,100.0,0.0,20.0,0.0,0.0,80.0,0.0,100.0,100.0
logarithm_glrlm_RunLengthNonUniformity,100.0,0.0,0.0,0.0,40.0,80.0,20.0,100.0,100.0
logarithm_glrlm_RunLengthNonUniformityNormalized,100.0,20.0,0.0,0.0,20.0,100.0,40.0,100.0,100.0
logarithm_glrlm_RunPercentage,100.0,20.0,20.0,0.0,40.0,80.0,0.0,100.0,100.0
logarithm_glrlm_RunVariance,100.0,0.0,0.0,0.0,40.0,80.0,20.0,100.0,100.0
logarithm_glrlm_ShortRunEmphasis,100.0,20.0,0.0,0.0,60.0,100.0,20.0,100.0,100.0
logarithm_glrlm_ShortRunHighGrayLevelEmphasis,60.0,0.0,0.0,0.0,20.0,80.0,20.0,100.0,100.0
logarithm_glrlm_ShortRunLowGrayLevelEmphasis,40.0,0.0,0.0,0.0,40.0,80.0,20.0,100.0,100.0
logarithm_glszm_GrayLevelNonUniformity,100.0,0.0,0.0,0.0,20.0,80.0,40.0,100.0,100.0
logarithm_glszm_GrayLevelNonUniformityNormalized,40.0,0.0,0.0,0.0,40.0,80.0,40.0,100.0,100.0
logarithm_glszm_GrayLevelVariance,60.0,0.0,0.0,0.0,60.0,80.0,40.0,100.0,100.0
logarithm_glszm_HighGrayLevelZoneEmphasis,80.0,0.0,0.0,0.0,40.0,80.0,40.0,100.0,100.0
logarithm_glszm_LargeAreaEmphasis,100.0,40.0,0.0,0.0,20.0,80.0,0.0,100.0,100.0
logarithm_glszm_LargeAreaHighGrayLevelEmphasis,100.0,0.0,0.0,0.0,40.0,80.0,20.0,100.0,100.0
logarithm_glszm_LargeAreaLowGrayLevelEmphasis,100.0,20.0,0.0,0.0,40.0,80.0,40.0,100.0,100.0
logarithm_glszm_LowGrayLevelZoneEmphasis,40.0,0.0,0.0,0.0,40.0,80.0,40.0,100.0,100.0
logarithm_glszm_SizeZoneNonUniformity,60.0,20.0,0.0,0.0,40.0,80.0,0.0,100.0,100.0
logarithm_glszm_SizeZoneNonUniformityNormalized,40.0,0.0,20.0,0.0,60.0,80.0,80.0,100.0,80.0
logarithm_glszm_SmallAreaEmphasis,20.0,0.0,20.0,0.0,80.0,80.0,60.0,100.0,100.0
logarithm_glszm_SmallAreaHighGrayLevelEmphasis,60.0,0.0,0.0,0.0,20.0,80.0,0.0,100.0,100.0
logarithm_glszm_SmallAreaLowGrayLevelEmphasis,20.0,0.0,0.0,0.0,20.0,80.0,20.0,100.0,80.0
logarithm_glszm_ZoneEntropy,40.0,0.0,0.0,0.0,40.0,80.0,60.0,100.0,100.0
logarithm_glszm_ZonePercentage,100.0,60.0,20.0,0.0,80.0,80.0,80.0,100.0,80.0
logarithm_glszm_ZoneVariance,100.0,20.0,0.0,0.0,20.0,80.0,0.0,100.0,100.0
logarithm_ngtdm_Busyness,80.0,0.0,20.0,0.0,40.0,80.0,20.0,100.0,100.0
logarithm_ngtdm_Coarseness,40.0,0.0,0.0,0.0,60.0,80.0,20.0,100.0,100.0
logarithm_ngtdm_Complexity,20.0,0.0,0.0,0.0,40.0,80.0,0.0,100.0,100.0
logarithm_ngtdm_Contrast,80.0,0.0,0.0,0.0,60.0,80.0,60.0,100.0,60.0
logarithm_ngtdm_Strength,100.0,20.0,20.0,0.0,40.0,80.0,80.0,100.0,100.0
original_firstorder_10Percentile,80.0,20.0,0.0,0.0,40.0,80.0,20.0,100.0,100.0
original_firstorder_90Percentile,80.0,0.0,0.0,0.0,40.0,80.0,0.0,100.0,100.0
original_firstorder_Energy,100.0,0.0,0.0,0.0,40.0,80.0,0.0,100.0,100.0
original_firstorder_Entropy,20.0,0.0,0.0,0.0,40.0,80.0,20.0,100.0,100.0
original_firstorder_InterquartileRange,20.0,0.0,0.0,0.0,0.0,80.0,0.0,100.0,100.0
original_firstorder_Kurtosis,40.0,0.0,0.0,0.0,60.0,80.0,40.0,100.0,100.0
original_firstorder_Maximum,80.0,0.0,0.0,0.0,40.0,80.0,40.0,100.0,100.0
original_firstorder_Mean,80.0,0.0,0.0,0.0,40.0,80.0,0.0,100.0,100.0
original_firstorder_MeanAbsoluteDeviation,40.0,0.0,0.0,0.0,20.0,80.0,0.0,100.0,100.0
original_firstorder_Median,80.0,0.0,0.0,0.0,40.0,80.0,0.0,100.0,100.0
original_firstorder_Minimum,80.0,40.0,0.0,0.0,40.0,80.0,20.0,100.0,100.0
original_firstorder_Range,60.0,0.0,0.0,0.0,40.0,80.0,20.0,100.0,100.0
original_firstorder_RobustMeanAbsoluteDeviation,20.0,0.0,0.0,0.0,20.0,80.0,0.0,100.0,100.0
original_firstorder_RootMeanSquared,80.0,0.0,20.0,0.0,40.0,80.0,0.0,100.0,100.0
original_firstorder_Skewness,40.0,0.0,20.0,0.0,40.0,80.0,60.0,100.0,100.0
original_firstorder_TotalEnergy,100.0,0.0,0.0,0.0,40.0,80.0,0.0,100.0,100.0
original_firstorder_Uniformity,40.0,0.0,0.0,0.0,20.0,80.0,20.0,100.0,100.0
original_firstorder_Variance,20.0,0.0,0.0,0.0,20.0,80.0,0.0,100.0,100.0
original_glcm_Autocorrelation,60.0,0.0,0.0,0.0,0.0,80.0,0.0,100.0,100.0
original_glcm_ClusterProminence,80.0,0.0,0.0,0.0,40.0,80.0,0.0,100.0,100.0
original_glcm_ClusterShade,60.0,0.0,0.0,0.0,20.0,80.0,20.0,100.0,100.0
original_glcm_ClusterTendency,20.0,0.0,0.0,0.0,20.0,80.0,0.0,100.0,100.0
original_glcm_Contrast,100.0,0.0,0.0,0.0,40.0,100.0,0.0,100.0,100.0
original_glcm_Correlation,60.0,0.0,0.0,0.0,20.0,80.0,20.0,100.0,100.0
original_glcm_DifferenceAverage,60.0,0.0,0.0,0.0,20.0,80.0,0.0,100.0,100.0
original_glcm_DifferenceEntropy,20.0,0.0,20.0,0.0,20.0,80.0,0.0,100.0,100.0
original_glcm_DifferenceVariance,100.0,0.0,0.0,0.0,40.0,80.0,0.0,100.0,100.0
original_glcm_Id,40.0,0.0,0.0,0.0,20.0,80.0,0.0,100.0,100.0
original_glcm_Idm,40.0,0.0,0.0,0.0,20.0,80.0,0.0,100.0,100.0
original_glcm_Idmn,60.0,0.0,0.0,0.0,40.0,80.0,20.0,100.0,0.0
original_glcm_Idn,100.0,0.0,0.0,0.0,40.0,80.0,40.0,100.0,60.0
original_glcm_Imc1,20.0,0.0,20.0,0.0,40.0,80.0,40.0,100.0,100.0
original_glcm_Imc2,20.0,0.0,20.0,0.0,20.0,80.0,20.0,100.0,100.0
original_glcm_InverseVariance,100.0,0.0,0.0,0.0,40.0,80.0,40.0,100.0,80.0
original_glcm_JointAverage,60.0,0.0,0.0,0.0,20.0,80.0,0.0,100.0,100.0
original_glcm_JointEnergy,80.0,0.0,0.0,0.0,20.0,80.0,40.0,100.0,100.0
original_glcm_JointEntropy,40.0,0.0,0.0,0.0,40.0,80.0,20.0,100.0,100.0
original_glcm_MCC,40.0,0.0,0.0,0.0,20.0,80.0,0.0,100.0,100.0
original_glcm_MaximumProbability,40.0,0.0,0.0,0.0,20.0,80.0,60.0,100.0,100.0
original_glcm_SumAverage,60.0,0.0,0.0,0.0,20.0,80.0,0.0,100.0,100.0
original_glcm_SumEntropy,40.0,0.0,0.0,0.0,40.0,80.0,20.0,100.0,100.0
original_glcm_SumSquares,20.0,0.0,0.0,0.0,20.0,80.0,0.0,100.0,100.0
original_gldm_DependenceEntropy,40.0,0.0,0.0,0.0,40.0,80.0,60.0,100.0,100.0
original_gldm_DependenceNonUniformity,100.0,20.0,0.0,0.0,20.0,80.0,0.0,100.0,100.0
original_gldm_DependenceNonUniformityNormalized,60.0,0.0,0.0,0.0,40.0,80.0,0.0,100.0,80.0
original_gldm_DependenceVariance,80.0,0.0,20.0,0.0,60.0,80.0,80.0,100.0,100.0
original_gldm_GrayLevelNonUniformity,100.0,0.0,0.0,20.0,20.0,80.0,0.0,100.0,100.0
original_gldm_GrayLevelVariance,20.0,0.0,0.0,0.0,20.0,80.0,0.0,100.0,100.0
original_gldm_HighGrayLevelEmphasis,60.0,0.0,0.0,0.0,0.0,80.0,0.0,100.0,100.0
original_gldm_LargeDependenceEmphasis,100.0,0.0,20.0,0.0,40.0,100.0,20.0,100.0,100.0
original_gldm_LargeDependenceHighGrayLevelEmphasis,100.0,0.0,0.0,0.0,20.0,80.0,20.0,100.0,100.0
original_gldm_LargeDependenceLowGrayLevelEmphasis,100.0,0.0,0.0,0.0,60.0,80.0,40.0,100.0,100.0
original_gldm_LowGrayLevelEmphasis,40.0,0.0,0.0,0.0,80.0,80.0,40.0,100.0,80.0
original_gldm_SmallDependenceEmphasis,40.0,20.0,0.0,0.0,20.0,100.0,0.0,100.0,100.0
original_gldm_SmallDependenceHighGrayLevelEmphasis,60.0,40.0,0.0,0.0,20.0,100.0,0.0,100.0,100.0
original_gldm_SmallDependenceLowGrayLevelEmphasis,100.0,20.0,0.0,0.0,20.0,80.0,0.0,100.0,0.0
original_glrlm_GrayLevelNonUniformity,100.0,0.0,0.0,0.0,60.0,80.0,20.0,100.0,100.0
original_glrlm_GrayLevelNonUniformityNormalized,40.0,0.0,20.0,0.0,40.0,80.0,20.0,100.0,100.0
original_glrlm_GrayLevelVariance,20.0,0.0,0.0,0.0,20.0,80.0,0.0,100.0,100.0
original_glrlm_HighGrayLevelRunEmphasis,60.0,0.0,0.0,0.0,0.0,80.0,0.0,100.0,100.0
original_glrlm_LongRunEmphasis,100.0,0.0,0.0,0.0,20.0,100.0,0.0,100.0,100.0
original_glrlm_LongRunHighGrayLevelEmphasis,100.0,0.0,0.0,0.0,20.0,80.0,0.0,100.0,100.0
original_glrlm_LongRunLowGrayLevelEmphasis,100.0,0.0,0.0,0.0,40.0,80.0,20.0,100.0,100.0
original_glrlm_LowGrayLevelRunEmphasis,40.0,0.0,0.0,0.0,60.0,80.0,60.0,100.0,80.0
original_glrlm_RunEntropy,100.0,0.0,0.0,0.0,40.0,80.0,20.0,100.0,100.0
original_glrlm_RunLengthNonUniformity,100.0,0.0,0.0,0.0,40.0,80.0,20.0,100.0,100.0
original_glrlm_RunLengthNonUniformityNormalized,100.0,0.0,20.0,0.0,20.0,100.0,0.0,100.0,100.0
original_glrlm_RunPercentage,100.0,0.0,0.0,0.0,20.0,100.0,0.0,100.0,100.0
original_glrlm_RunVariance,100.0,0.0,20.0,0.0,40.0,80.0,20.0,100.0,100.0
original_glrlm_ShortRunEmphasis,100.0,20.0,0.0,0.0,40.0,100.0,0.0,100.0,100.0
original_glrlm_ShortRunHighGrayLevelEmphasis,60.0,0.0,0.0,0.0,0.0,80.0,0.0,100.0,100.0
original_glrlm_ShortRunLowGrayLevelEmphasis,40.0,0.0,0.0,0.0,60.0,80.0,40.0,100.0,80.0
original_glszm_GrayLevelNonUniformity,100.0,0.0,0.0,0.0,20.0,80.0,0.0,100.0,100.0
original_glszm_GrayLevelNonUniformityNormalized,40.0,0.0,0.0,20.0,60.0,80.0,20.0,100.0,100.0
original_glszm_GrayLevelVariance,20.0,0.0,0.0,0.0,0.0,80.0,0.0,100.0,100.0
original_glszm_HighGrayLevelZoneEmphasis,60.0,0.0,0.0,0.0,20.0,80.0,0.0,100.0,100.0
original_glszm_LargeAreaEmphasis,100.0,0.0,0.0,0.0,20.0,80.0,0.0,100.0,100.0
original_glszm_LargeAreaHighGrayLevelEmphasis,100.0,0.0,0.0,0.0,40.0,80.0,20.0,100.0,100.0
original_glszm_LargeAreaLowGrayLevelEmphasis,100.0,0.0,20.0,0.0,20.0,100.0,20.0,100.0,100.0
original_glszm_LowGrayLevelZoneEmphasis,40.0,0.0,0.0,0.0,40.0,80.0,40.0,100.0,80.0
original_glszm_SizeZoneNonUniformity,100.0,0.0,0.0,0.0,20.0,80.0,0.0,100.0,100.0
original_glszm_SizeZoneNonUniformityNormalized,40.0,0.0,0.0,0.0,20.0,80.0,20.0,100.0,100.0
original_glszm_SmallAreaEmphasis,20.0,0.0,0.0,0.0,40.0,80.0,40.0,100.0,100.0
original_glszm_SmallAreaHighGrayLevelEmphasis,60.0,0.0,0.0,0.0,0.0,80.0,0.0,100.0,100.0
original_glszm_SmallAreaLowGrayLevelEmphasis,0.0,0.0,0.0,0.0,20.0,80.0,40.0,100.0,80.0
original_glszm_ZoneEntropy,40.0,0.0,40.0,0.0,40.0,80.0,20.0,100.0,100.0
original_glszm_ZonePercentage,60.0,20.0,0.0,0.0,40.0,100.0,20.0,100.0,100.0
original_glszm_ZoneVariance,100.0,0.0,0.0,0.0,20.0,80.0,0.0,100.0,100.0
original_ngtdm_Busyness,100.0,0.0,20.0,0.0,40.0,80.0,60.0,100.0,100.0
original_ngtdm_Coarseness,100.0,20.0,0.0,0.0,20.0,100.0,20.0,100.0,60.0
original_ngtdm_Complexity,40.0,0.0,0.0,0.0,40.0,80.0,0.0,100.0,100.0
original_ngtdm_Contrast,80.0,0.0,0.0,0.0,40.0,80.0,0.0,100.0,100.0
original_ngtdm_Strength,80.0,20.0,0.0,0.0,20.0,80.0,0.0,100.0,100.0
original_shape_Elongation,100.0,0.0,0.0,20.0,80.0,80.0,80.0,100.0,100.0
original_shape_Flatness,100.0,0.0,20.0,40.0,60.0,80.0,60.0,100.0,100.0
original_shape_LeastAxisLength,100.0,0.0,20.0,0.0,40.0,80.0,20.0,100.0,100.0
original_shape_MajorAxisLength,60.0,0.0,0.0,0.0,40.0,80.0,40.0,100.0,100.0
original_shape_Maximum2DDiameterColumn,100.0,0.0,0.0,0.0,40.0,80.0,60.0,100.0,100.0
original_shape_Maximum2DDiameterRow,100.0,0.0,0.0,0.0,60.0,80.0,40.0,100.0,100.0
original_shape_Maximum2DDiameterSlice,80.0,0.0,0.0,0.0,40.0,80.0,60.0,100.0,100.0
original_shape_Maximum3DDiameter,80.0,0.0,20.0,0.0,40.0,80.0,40.0,100.0,100.0
original_shape_MeshVolume,100.0,80.0,0.0,0.0,40.0,100.0,40.0,100.0,100.0
original_shape_MinorAxisLength,100.0,0.0,0.0,0.0,60.0,80.0,40.0,100.0,100.0
original_shape_Sphericity,40.0,0.0,0.0,0.0,60.0,80.0,40.0,100.0,100.0
original_shape_SurfaceArea,100.0,40.0,0.0,0.0,80.0,80.0,100.0,100.0,100.0
original_shape_SurfaceVolumeRatio,100.0,0.0,0.0,0.0,20.0,80.0,0.0,100.0,100.0
original_shape_VoxelVolume,100.0,60.0,0.0,0.0,40.0,100.0,60.0,100.0,100.0
square_firstorder_10Percentile,80.0,40.0,0.0,0.0,20.0,80.0,0.0,100.0,100.0
square_firstorder_90Percentile,60.0,0.0,0.0,0.0,20.0,80.0,0.0,100.0,100.0
square_firstorder_Energy,100.0,0.0,0.0,0.0,40.0,80.0,0.0,100.0,100.0
square_firstorder_Entropy,40.0,0.0,0.0,0.0,40.0,80.0,40.0,100.0,100.0
square_firstorder_InterquartileRange,20.0,0.0,0.0,0.0,40.0,80.0,20.0,100.0,100.0
square_firstorder_Kurtosis,0.0,0.0,20.0,0.0,40.0,80.0,40.0,100.0,100.0
square_firstorder_Maximum,60.0,0.0,0.0,0.0,40.0,80.0,20.0,100.0,100.0
square_firstorder_Mean,80.0,0.0,0.0,0.0,20.0,80.0,0.0,100.0,100.0
square_firstorder_MeanAbsoluteDeviation,60.0,0.0,0.0,0.0,20.0,80.0,0.0,100.0,100.0
square_firstorder_Median,80.0,0.0,0.0,0.0,20.0,80.0,0.0,100.0,100.0
square_firstorder_Minimum,40.0,40.0,20.0,0.0,40.0,80.0,0.0,100.0,100.0
square_firstorder_Range,60.0,0.0,0.0,0.0,20.0,80.0,20.0,100.0,100.0
square_firstorder_RobustMeanAbsoluteDeviation,40.0,0.0,20.0,0.0,40.0,80.0,0.0,100.0,100.0
square_firstorder_RootMeanSquared,80.0,0.0,0.0,0.0,20.0,80.0,0.0,100.0,100.0
square_firstorder_Skewness,20.0,0.0,40.0,20.0,40.0,80.0,20.0,100.0,100.0
square_firstorder_TotalEnergy,100.0,0.0,0.0,0.0,40.0,80.0,0.0,100.0,100.0
square_firstorder_Uniformity,20.0,0.0,0.0,0.0,20.0,80.0,20.0,100.0,100.0
square_firstorder_Variance,20.0,0.0,0.0,0.0,20.0,80.0,0.0,100.0,100.0
square_glcm_Autocorrelation,60.0,0.0,0.0,0.0,20.0,80.0,0.0,100.0,100.0
square_glcm_ClusterProminence,40.0,0.0,0.0,0.0,40.0,80.0,0.0,100.0,100.0
square_glcm_ClusterShade,40.0,0.0,0.0,0.0,40.0,80.0,0.0,100.0,100.0
square_glcm_ClusterTendency,20.0,0.0,0.0,0.0,0.0,80.0,0.0,100.0,100.0
square_glcm_Contrast,100.0,0.0,0.0,0.0,40.0,80.0,0.0,100.0,100.0
square_glcm_Correlation,60.0,0.0,0.0,0.0,20.0,80.0,20.0,100.0,100.0
square_glcm_DifferenceAverage,80.0,20.0,20.0,0.0,40.0,80.0,0.0,100.0,100.0
square_glcm_DifferenceEntropy,0.0,0.0,0.0,0.0,40.0,80.0,0.0,100.0,100.0
square_glcm_DifferenceVariance,100.0,0.0,0.0,0.0,40.0,80.0,0.0,100.0,100.0
square_glcm_Id,40.0,0.0,0.0,0.0,20.0,80.0,0.0,100.0,100.0
square_glcm_Idm,20.0,0.0,0.0,0.0,20.0,80.0,0.0,100.0,100.0
square_glcm_Idmn,100.0,0.0,0.0,0.0,40.0,80.0,60.0,100.0,0.0
square_glcm_Idn,100.0,0.0,0.0,0.0,40.0,80.0,60.0,100.0,60.0
square_glcm_Imc1,20.0,0.0,0.0,0.0,40.0,80.0,60.0,100.0,80.0
square_glcm_Imc2,20.0,0.0,0.0,0.0,40.0,80.0,20.0,100.0,100.0
square_glcm_InverseVariance,100.0,0.0,20.0,0.0,40.0,80.0,20.0,100.0,80.0
square_glcm_JointAverage,60.0,0.0,20.0,0.0,20.0,80.0,0.0,100.0,100.0
square_glcm_JointEnergy,40.0,0.0,20.0,0.0,20.0,80.0,0.0,100.0,100.0
square_glcm_JointEntropy,60.0,0.0,0.0,0.0,40.0,80.0,40.0,100.0,100.0
square_glcm_MCC,40.0,0.0,0.0,0.0,40.0,80.0,20.0,100.0,100.0
square_glcm_MaximumProbability,20.0,0.0,0.0,0.0,40.0,80.0,40.0,100.0,100.0
square_glcm_SumAverage,60.0,0.0,0.0,0.0,20.0,80.0,0.0,100.0,100.0
square_glcm_SumEntropy,60.0,0.0,0.0,0.0,40.0,80.0,60.0,100.0,100.0
square_glcm_SumSquares,40.0,0.0,0.0,0.0,20.0,80.0,0.0,100.0,100.0
square_gldm_DependenceEntropy,100.0,0.0,0.0,0.0,40.0,80.0,60.0,100.0,100.0
square_gldm_DependenceNonUniformity,100.0,20.0,0.0,0.0,20.0,80.0,0.0,100.0,100.0
square_gldm_DependenceNonUniformityNormalized,60.0,0.0,0.0,0.0,40.0,80.0,0.0,100.0,80.0
square_gldm_DependenceVariance,40.0,0.0,0.0,0.0,80.0,80.0,60.0,100.0,100.0
square_gldm_GrayLevelNonUniformity,100.0,0.0,20.0,0.0,0.0,80.0,0.0,100.0,100.0
square_gldm_GrayLevelVariance,20.0,0.0,0.0,0.0,20.0,80.0,0.0,100.0,100.0
square_gldm_HighGrayLevelEmphasis,60.0,0.0,0.0,0.0,0.0,80.0,0.0,100.0,100.0
square_gldm_LargeDependenceEmphasis,100.0,0.0,0.0,0.0,20.0,80.0,20.0,100.0,100.0
square_gldm_LargeDependenceHighGrayLevelEmphasis,100.0,0.0,0.0,0.0,40.0,80.0,20.0,100.0,100.0
square_gldm_LargeDependenceLowGrayLevelEmphasis,60.0,0.0,20.0,0.0,100.0,80.0,80.0,100.0,100.0
square_gldm_LowGrayLevelEmphasis,80.0,0.0,0.0,0.0,60.0,80.0,80.0,100.0,80.0
square_gldm_SmallDependenceEmphasis,40.0,40.0,0.0,0.0,20.0,100.0,0.0,100.0,100.0
square_gldm_SmallDependenceHighGrayLevelEmphasis,60.0,0.0,0.0,0.0,20.0,80.0,0.0,100.0,100.0
square_gldm_SmallDependenceLowGrayLevelEmphasis,100.0,60.0,0.0,0.0,40.0,80.0,80.0,100.0,0.0
square_glrlm_GrayLevelNonUniformity,100.0,20.0,0.0,0.0,40.0,80.0,0.0,100.0,100.0
square_glrlm_GrayLevelNonUniformityNormalized,20.0,0.0,0.0,0.0,20.0,80.0,40.0,100.0,100.0
square_glrlm_GrayLevelVariance,20.0,0.0,0.0,0.0,20.0,80.0,0.0,100.0,100.0
square_glrlm_HighGrayLevelRunEmphasis,60.0,0.0,0.0,0.0,0.0,80.0,0.0,100.0,100.0
square_glrlm_LongRunEmphasis,100.0,0.0,0.0,0.0,40.0,80.0,60.0,100.0,100.0
square_glrlm_LongRunHighGrayLevelEmphasis,60.0,0.0,0.0,0.0,0.0,80.0,0.0,100.0,100.0
square_glrlm_LongRunLowGrayLevelEmphasis,60.0,0.0,20.0,0.0,80.0,80.0,80.0,100.0,100.0
square_glrlm_LowGrayLevelRunEmphasis,80.0,0.0,20.0,0.0,40.0,80.0,60.0,100.0,80.0
square_glrlm_RunEntropy,100.0,0.0,0.0,0.0,60.0,80.0,80.0,100.0,100.0
square_glrlm_RunLengthNonUniformity,100.0,0.0,20.0,0.0,40.0,80.0,0.0,100.0,100.0
square_glrlm_RunLengthNonUniformityNormalized,100.0,0.0,0.0,0.0,20.0,80.0,0.0,100.0,100.0
square_glrlm_RunPercentage,100.0,0.0,0.0,0.0,20.0,80.0,0.0,100.0,100.0
square_glrlm_RunVariance,100.0,0.0,20.0,0.0,40.0,80.0,60.0,100.0,100.0
square_glrlm_ShortRunEmphasis,100.0,0.0,0.0,0.0,40.0,80.0,0.0,100.0,100.0
square_glrlm_ShortRunHighGrayLevelEmphasis,60.0,0.0,0.0,0.0,0.0,100.0,0.0,100.0,100.0
square_glrlm_ShortRunLowGrayLevelEmphasis,100.0,0.0,0.0,0.0,40.0,80.0,60.0,100.0,80.0
square_glszm_GrayLevelNonUniformity,100.0,0.0,0.0,0.0,20.0,80.0,0.0,100.0,100.0
square_glszm_GrayLevelNonUniformityNormalized,20.0,0.0,0.0,0.0,20.0,80.0,20.0,100.0,80.0
square_glszm_GrayLevelVariance,20.0,0.0,0.0,0.0,20.0,80.0,0.0,100.0,100.0
square_glszm_HighGrayLevelZoneEmphasis,60.0,0.0,0.0,0.0,0.0,80.0,0.0,100.0,100.0
square_glszm_LargeAreaEmphasis,100.0,0.0,0.0,0.0,20.0,100.0,0.0,100.0,100.0
square_glszm_LargeAreaHighGrayLevelEmphasis,100.0,0.0,0.0,0.0,40.0,80.0,20.0,100.0,100.0
square_glszm_LargeAreaLowGrayLevelEmphasis,20.0,0.0,0.0,0.0,20.0,80.0,40.0,100.0,100.0
square_glszm_LowGrayLevelZoneEmphasis,40.0,0.0,20.0,0.0,20.0,100.0,40.0,100.0,80.0
square_glszm_SizeZoneNonUniformity,100.0,0.0,0.0,0.0,20.0,80.0,0.0,100.0,100.0
square_glszm_SizeZoneNonUniformityNormalized,40.0,0.0,0.0,0.0,20.0,80.0,40.0,100.0,100.0
square_glszm_SmallAreaEmphasis,40.0,0.0,0.0,0.0,40.0,80.0,60.0,100.0,100.0
square_glszm_SmallAreaHighGrayLevelEmphasis,60.0,0.0,0.0,0.0,0.0,80.0,0.0,100.0,100.0
square_glszm_SmallAreaLowGrayLevelEmphasis,60.0,0.0,0.0,0.0,40.0,80.0,20.0,100.0,60.0
square_glszm_ZoneEntropy,80.0,0.0,0.0,0.0,40.0,80.0,20.0,100.0,100.0
square_glszm_ZonePercentage,40.0,20.0,0.0,0.0,20.0,100.0,0.0,100.0,100.0
square_glszm_ZoneVariance,100.0,0.0,0.0,0.0,20.0,100.0,0.0,100.0,100.0
square_ngtdm_Busyness,100.0,0.0,0.0,0.0,20.0,80.0,0.0,100.0,100.0
square_ngtdm_Coarseness,100.0,60.0,0.0,0.0,40.0,80.0,0.0,100.0,60.0
square_ngtdm_Complexity,40.0,0.0,0.0,0.0,40.0,80.0,0.0,100.0,100.0
square_ngtdm_Contrast,100.0,0.0,0.0,0.0,40.0,80.0,0.0,100.0,100.0
square_ngtdm_Strength,80.0,0.0,0.0,0.0,20.0,80.0,0.0,100.0,100.0
squareroot_firstorder_10Percentile,80.0,0.0,0.0,0.0,40.0,80.0,40.0,100.0,100.0
squareroot_firstorder_90Percentile,80.0,0.0,0.0,0.0,40.0,80.0,20.0,100.0,100.0
squareroot_firstorder_Energy,100.0,0.0,0.0,0.0,20.0,80.0,0.0,100.0,100.0
squareroot_firstorder_Entropy,20.0,0.0,0.0,0.0,20.0,80.0,20.0,100.0,100.0
squareroot_firstorder_InterquartileRange,20.0,0.0,0.0,0.0,20.0,80.0,0.0,100.0,100.0
squareroot_firstorder_Kurtosis,40.0,0.0,20.0,0.0,60.0,80.0,80.0,100.0,100.0
squareroot_firstorder_Maximum,80.0,0.0,0.0,0.0,40.0,80.0,60.0,100.0,100.0
squareroot_firstorder_Mean,80.0,0.0,0.0,0.0,40.0,80.0,20.0,100.0,100.0
squareroot_firstorder_MeanAbsoluteDeviation,20.0,0.0,0.0,0.0,20.0,80.0,20.0,100.0,100.0
squareroot_firstorder_Median,80.0,0.0,0.0,0.0,40.0,80.0,20.0,100.0,100.0
squareroot_firstorder_Minimum,80.0,0.0,0.0,0.0,40.0,80.0,80.0,100.0,100.0
squareroot_firstorder_Range,60.0,0.0,0.0,0.0,40.0,80.0,20.0,100.0,100.0
squareroot_firstorder_RobustMeanAbsoluteDeviation,20.0,0.0,0.0,0.0,20.0,80.0,0.0,100.0,100.0
squareroot_firstorder_RootMeanSquared,80.0,0.0,0.0,0.0,40.0,80.0,20.0,100.0,100.0
squareroot_firstorder_Skewness,20.0,0.0,0.0,0.0,40.0,80.0,80.0,100.0,100.0
squareroot_firstorder_TotalEnergy,100.0,0.0,0.0,0.0,20.0,80.0,0.0,100.0,100.0
squareroot_firstorder_Uniformity,40.0,0.0,0.0,0.0,40.0,100.0,20.0,100.0,100.0
squareroot_firstorder_Variance,40.0,0.0,0.0,0.0,20.0,80.0,0.0,100.0,100.0
squareroot_glcm_Autocorrelation,60.0,0.0,0.0,0.0,0.0,80.0,0.0,100.0,100.0
squareroot_glcm_ClusterProminence,80.0,0.0,0.0,0.0,40.0,80.0,0.0,100.0,100.0
squareroot_glcm_ClusterShade,60.0,0.0,20.0,0.0,20.0,80.0,20.0,100.0,100.0
squareroot_glcm_ClusterTendency,20.0,0.0,0.0,0.0,20.0,80.0,0.0,100.0,100.0
squareroot_glcm_Contrast,100.0,0.0,0.0,0.0,40.0,100.0,0.0,100.0,100.0
squareroot_glcm_Correlation,60.0,0.0,0.0,0.0,20.0,80.0,20.0,100.0,100.0
squareroot_glcm_DifferenceAverage,80.0,0.0,0.0,0.0,40.0,80.0,0.0,100.0,100.0
squareroot_glcm_DifferenceEntropy,40.0,0.0,0.0,0.0,20.0,80.0,0.0,100.0,100.0
squareroot_glcm_DifferenceVariance,80.0,0.0,0.0,0.0,40.0,80.0,0.0,100.0,100.0
squareroot_glcm_Id,40.0,0.0,0.0,0.0,40.0,80.0,20.0,100.0,100.0
squareroot_glcm_Idm,40.0,0.0,20.0,0.0,40.0,80.0,20.0,100.0,100.0
squareroot_glcm_Idmn,100.0,0.0,0.0,0.0,40.0,80.0,20.0,100.0,0.0
squareroot_glcm_Idn,100.0,0.0,0.0,0.0,40.0,80.0,60.0,100.0,60.0
squareroot_glcm_Imc1,60.0,0.0,0.0,0.0,80.0,80.0,80.0,100.0,100.0
squareroot_glcm_Imc2,20.0,0.0,0.0,0.0,20.0,80.0,20.0,100.0,100.0
squareroot_glcm_InverseVariance,100.0,20.0,20.0,0.0,100.0,100.0,60.0,100.0,80.0
squareroot_glcm_JointAverage,60.0,0.0,0.0,0.0,20.0,80.0,0.0,100.0,100.0
squareroot_glcm_JointEnergy,80.0,0.0,20.0,0.0,40.0,80.0,40.0,100.0,100.0
squareroot_glcm_JointEntropy,20.0,0.0,0.0,0.0,20.0,80.0,20.0,100.0,100.0
squareroot_glcm_MCC,40.0,0.0,0.0,0.0,40.0,80.0,20.0,100.0,100.0
squareroot_glcm_MaximumProbability,40.0,0.0,0.0,0.0,40.0,80.0,20.0,100.0,100.0
squareroot_glcm_SumAverage,60.0,0.0,0.0,0.0,20.0,80.0,0.0,100.0,100.0
squareroot_glcm_SumEntropy,40.0,0.0,0.0,0.0,20.0,80.0,20.0,100.0,100.0
squareroot_glcm_SumSquares,20.0,0.0,0.0,0.0,20.0,80.0,0.0,100.0,100.0
squareroot_gldm_DependenceEntropy,40.0,0.0,0.0,0.0,40.0,80.0,60.0,100.0,100.0
squareroot_gldm_DependenceNonUniformity,100.0,40.0,0.0,0.0,40.0,80.0,20.0,100.0,100.0
squareroot_gldm_DependenceNonUniformityNormalized,80.0,0.0,20.0,0.0,40.0,80.0,20.0,100.0,80.0
squareroot_gldm_DependenceVariance,80.0,0.0,0.0,0.0,40.0,80.0,40.0,100.0,100.0
squareroot_gldm_GrayLevelNonUniformity,100.0,0.0,0.0,0.0,20.0,80.0,20.0,100.0,100.0
squareroot_gldm_GrayLevelVariance,40.0,0.0,0.0,0.0,20.0,80.0,0.0,100.0,100.0
squareroot_gldm_HighGrayLevelEmphasis,80.0,0.0,0.0,0.0,0.0,80.0,0.0,100.0,100.0
squareroot_gldm_LargeDependenceEmphasis,100.0,0.0,0.0,0.0,40.0,100.0,20.0,100.0,100.0
squareroot_gldm_LargeDependenceHighGrayLevelEmphasis,100.0,0.0,20.0,0.0,40.0,80.0,0.0,100.0,100.0
squareroot_gldm_LargeDependenceLowGrayLevelEmphasis,100.0,20.0,0.0,0.0,60.0,100.0,60.0,100.0,100.0
squareroot_gldm_LowGrayLevelEmphasis,40.0,0.0,0.0,0.0,40.0,80.0,20.0,100.0,100.0
squareroot_gldm_SmallDependenceEmphasis,60.0,20.0,0.0,0.0,40.0,100.0,0.0,100.0,80.0
squareroot_gldm_SmallDependenceHighGrayLevelEmphasis,60.0,40.0,0.0,0.0,20.0,100.0,0.0,100.0,100.0
squareroot_gldm_SmallDependenceLowGrayLevelEmphasis,100.0,0.0,0.0,0.0,40.0,80.0,20.0,100.0,0.0
squareroot_glrlm_GrayLevelNonUniformity,100.0,20.0,0.0,0.0,60.0,80.0,20.0,100.0,100.0
squareroot_glrlm_GrayLevelNonUniformityNormalized,40.0,0.0,0.0,0.0,40.0,80.0,0.0,100.0,100.0
squareroot_glrlm_GrayLevelVariance,20.0,0.0,0.0,0.0,20.0,80.0,0.0,100.0,100.0
squareroot_glrlm_HighGrayLevelRunEmphasis,80.0,0.0,0.0,0.0,0.0,80.0,0.0,100.0,100.0
squareroot_glrlm_LongRunEmphasis,100.0,0.0,0.0,0.0,20.0,100.0,0.0,100.0,100.0
squareroot_glrlm_LongRunHighGrayLevelEmphasis,100.0,0.0,0.0,0.0,20.0,80.0,0.0,100.0,100.0
squareroot_glrlm_LongRunLowGrayLevelEmphasis,100.0,40.0,20.0,0.0,60.0,100.0,60.0,100.0,100.0
squareroot_glrlm_LowGrayLevelRunEmphasis,40.0,0.0,0.0,0.0,40.0,80.0,20.0,100.0,100.0
squareroot_glrlm_RunEntropy,100.0,0.0,0.0,0.0,40.0,80.0,20.0,100.0,100.0
squareroot_glrlm_RunLengthNonUniformity,100.0,0.0,0.0,0.0,40.0,80.0,20.0,100.0,100.0
squareroot_glrlm_RunLengthNonUniformityNormalized,100.0,20.0,0.0,0.0,60.0,100.0,40.0,100.0,100.0
squareroot_glrlm_RunPercentage,100.0,0.0,0.0,0.0,40.0,100.0,20.0,100.0,100.0
squareroot_glrlm_RunVariance,100.0,0.0,0.0,0.0,20.0,80.0,60.0,100.0,100.0
squareroot_glrlm_ShortRunEmphasis,100.0,60.0,0.0,0.0,60.0,100.0,20.0,100.0,100.0
squareroot_glrlm_ShortRunHighGrayLevelEmphasis,60.0,0.0,0.0,0.0,0.0,80.0,0.0,100.0,100.0
squareroot_glrlm_ShortRunLowGrayLevelEmphasis,20.0,0.0,40.0,0.0,20.0,80.0,0.0,100.0,80.0
squareroot_glszm_GrayLevelNonUniformity,100.0,0.0,0.0,0.0,20.0,80.0,0.0,100.0,100.0
squareroot_glszm_GrayLevelNonUniformityNormalized,40.0,0.0,0.0,0.0,60.0,80.0,40.0,100.0,100.0
squareroot_glszm_GrayLevelVariance,40.0,0.0,0.0,0.0,20.0,80.0,0.0,100.0,100.0
squareroot_glszm_HighGrayLevelZoneEmphasis,80.0,0.0,0.0,0.0,0.0,80.0,0.0,100.0,100.0
squareroot_glszm_LargeAreaEmphasis,100.0,0.0,20.0,0.0,20.0,80.0,0.0,100.0,100.0
squareroot_glszm_LargeAreaHighGrayLevelEmphasis,100.0,0.0,0.0,0.0,40.0,80.0,60.0,100.0,100.0
squareroot_glszm_LargeAreaLowGrayLevelEmphasis,100.0,40.0,0.0,0.0,20.0,100.0,40.0,100.0,100.0
squareroot_glszm_LowGrayLevelZoneEmphasis,40.0,0.0,20.0,0.0,40.0,80.0,40.0,100.0,100.0
squareroot_glszm_SizeZoneNonUniformity,100.0,0.0,0.0,0.0,20.0,80.0,0.0,100.0,100.0
squareroot_glszm_SizeZoneNonUniformityNormalized,60.0,0.0,0.0,0.0,40.0,80.0,60.0,100.0,80.0
squareroot_glszm_SmallAreaEmphasis,40.0,0.0,0.0,0.0,40.0,80.0,40.0,100.0,100.0
squareroot_glszm_SmallAreaHighGrayLevelEmphasis,60.0,0.0,0.0,0.0,0.0,80.0,0.0,100.0,100.0
squareroot_glszm_SmallAreaLowGrayLevelEmphasis,20.0,0.0,20.0,0.0,40.0,80.0,60.0,100.0,80.0
squareroot_glszm_ZoneEntropy,40.0,20.0,0.0,0.0,40.0,80.0,40.0,100.0,100.0
squareroot_glszm_ZonePercentage,80.0,20.0,0.0,0.0,40.0,100.0,20.0,100.0,100.0
squareroot_glszm_ZoneVariance,100.0,0.0,0.0,0.0,20.0,80.0,0.0,100.0,100.0
squareroot_ngtdm_Busyness,100.0,0.0,0.0,0.0,60.0,80.0,40.0,100.0,100.0
squareroot_ngtdm_Coarseness,60.0,40.0,0.0,0.0,40.0,100.0,20.0,100.0,60.0
squareroot_ngtdm_Complexity,40.0,0.0,0.0,0.0,40.0,80.0,0.0,100.0,100.0
squareroot_ngtdm_Contrast,80.0,0.0,0.0,0.0,40.0,80.0,0.0,100.0,100.0
squareroot_ngtdm_Strength,80.0,20.0,0.0,0.0,0.0,80.0,0.0,100.0,100.0
wavelet-HHH_firstorder_10Percentile,60.0,0.0,0.0,0.0,40.0,80.0,40.0,100.0,100.0
wavelet-HHH_firstorder_90Percentile,80.0,0.0,0.0,0.0,40.0,80.0,60.0,100.0,100.0
wavelet-HHH_firstorder_Energy,80.0,0.0,0.0,0.0,20.0,80.0,0.0,100.0,100.0
wavelet-HHH_firstorder_Entropy,60.0,0.0,0.0,0.0,40.0,80.0,20.0,100.0,60.0
wavelet-HHH_firstorder_InterquartileRange,60.0,0.0,0.0,0.0,40.0,80.0,60.0,100.0,100.0
wavelet-HHH_firstorder_Kurtosis,60.0,0.0,0.0,0.0,40.0,80.0,20.0,100.0,100.0
wavelet-HHH_firstorder_Maximum,100.0,0.0,0.0,0.0,40.0,80.0,0.0,100.0,100.0
wavelet-HHH_firstorder_Mean,100.0,0.0,0.0,0.0,80.0,80.0,40.0,100.0,80.0
wavelet-HHH_firstorder_MeanAbsoluteDeviation,80.0,0.0,20.0,0.0,40.0,80.0,60.0,100.0,100.0
wavelet-HHH_firstorder_Median,80.0,0.0,0.0,0.0,40.0,80.0,40.0,100.0,80.0
wavelet-HHH_firstorder_Minimum,100.0,0.0,0.0,0.0,20.0,80.0,20.0,100.0,100.0
wavelet-HHH_firstorder_Range,100.0,0.0,0.0,0.0,0.0,80.0,0.0,100.0,100.0
wavelet-HHH_firstorder_RobustMeanAbsoluteDeviation,60.0,0.0,0.0,0.0,40.0,80.0,60.0,100.0,100.0
wavelet-HHH_firstorder_RootMeanSquared,80.0,0.0,0.0,0.0,40.0,80.0,40.0,100.0,100.0
wavelet-HHH_firstorder_Skewness,20.0,20.0,20.0,0.0,60.0,80.0,60.0,100.0,100.0
wavelet-HHH_firstorder_TotalEnergy,80.0,0.0,0.0,0.0,20.0,80.0,0.0,100.0,100.0
wavelet-HHH_firstorder_Uniformity,80.0,20.0,0.0,0.0,20.0,80.0,20.0,100.0,0.0
wavelet-HHH_firstorder_Variance,80.0,0.0,20.0,0.0,40.0,80.0,0.0,100.0,100.0
wavelet-HHH_glcm_Autocorrelation,80.0,20.0,0.0,0.0,0.0,80.0,20.0,100.0,100.0
wavelet-HHH_glcm_ClusterProminence,80.0,0.0,0.0,0.0,20.0,80.0,0.0,100.0,100.0
wavelet-HHH_glcm_ClusterShade,60.0,0.0,0.0,0.0,60.0,80.0,40.0,100.0,60.0
wavelet-HHH_glcm_ClusterTendency,80.0,0.0,0.0,0.0,40.0,80.0,0.0,100.0,60.0
wavelet-HHH_glcm_Contrast,80.0,0.0,0.0,0.0,20.0,80.0,20.0,100.0,60.0
wavelet-HHH_glcm_Correlation,40.0,0.0,0.0,0.0,60.0,80.0,40.0,100.0,60.0
wavelet-HHH_glcm_DifferenceAverage,40.0,0.0,0.0,0.0,20.0,80.0,20.0,100.0,60.0
wavelet-HHH_glcm_DifferenceEntropy,60.0,0.0,0.0,0.0,40.0,80.0,20.0,100.0,60.0
wavelet-HHH_glcm_DifferenceVariance,60.0,0.0,0.0,0.0,20.0,80.0,20.0,100.0,60.0
wavelet-HHH_glcm_Id,20.0,0.0,0.0,0.0,40.0,80.0,40.0,100.0,0.0
wavelet-HHH_glcm_Idm,20.0,0.0,0.0,0.0,40.0,80.0,60.0,100.0,0.0
wavelet-HHH_glcm_Idmn,100.0,0.0,0.0,0.0,60.0,80.0,40.0,100.0,60.0
wavelet-HHH_glcm_Idn,100.0,0.0,0.0,0.0,60.0,80.0,40.0,100.0,80.0
wavelet-HHH_glcm_Imc1,80.0,20.0,0.0,0.0,80.0,80.0,80.0,100.0,60.0
wavelet-HHH_glcm_Imc2,40.0,0.0,20.0,0.0,60.0,80.0,80.0,100.0,80.0
wavelet-HHH_glcm_InverseVariance,40.0,0.0,0.0,0.0,60.0,80.0,40.0,100.0,0.0
wavelet-HHH_glcm_JointAverage,100.0,20.0,0.0,0.0,40.0,80.0,20.0,100.0,100.0
wavelet-HHH_glcm_JointEnergy,40.0,0.0,0.0,0.0,60.0,80.0,40.0,100.0,0.0
wavelet-HHH_glcm_JointEntropy,60.0,0.0,0.0,0.0,20.0,80.0,20.0,100.0,60.0
wavelet-HHH_glcm_MCC,100.0,20.0,0.0,0.0,60.0,80.0,40.0,100.0,80.0
wavelet-HHH_glcm_MaximumProbability,60.0,0.0,0.0,0.0,60.0,80.0,40.0,100.0,60.0
wavelet-HHH_glcm_SumAverage,100.0,20.0,0.0,0.0,40.0,80.0,20.0,100.0,100.0
wavelet-HHH_glcm_SumEntropy,60.0,0.0,0.0,0.0,40.0,80.0,20.0,100.0,60.0
wavelet-HHH_glcm_SumSquares,80.0,20.0,0.0,0.0,20.0,100.0,0.0,100.0,60.0
wavelet-HHH_gldm_DependenceEntropy,40.0,0.0,20.0,0.0,40.0,80.0,20.0,100.0,100.0
wavelet-HHH_gldm_DependenceNonUniformity,100.0,20.0,0.0,0.0,20.0,80.0,40.0,100.0,100.0
wavelet-HHH_gldm_DependenceNonUniformityNormalized,100.0,0.0,0.0,0.0,40.0,80.0,20.0,100.0,60.0
wavelet-HHH_gldm_DependenceVariance,100.0,0.0,20.0,0.0,40.0,80.0,20.0,100.0,100.0
wavelet-HHH_gldm_GrayLevelNonUniformity,100.0,80.0,0.0,0.0,40.0,100.0,60.0,100.0,100.0
wavelet-HHH_gldm_GrayLevelVariance,100.0,0.0,0.0,0.0,40.0,80.0,0.0,100.0,60.0
wavelet-HHH_gldm_HighGrayLevelEmphasis,80.0,20.0,0.0,0.0,0.0,80.0,20.0,100.0,100.0
wavelet-HHH_gldm_LargeDependenceEmphasis,100.0,20.0,20.0,0.0,40.0,80.0,40.0,100.0,100.0
wavelet-HHH_gldm_LargeDependenceHighGrayLevelEmphasis,80.0,60.0,0.0,0.0,0.0,100.0,20.0,100.0,100.0
wavelet-HHH_gldm_LargeDependenceLowGrayLevelEmphasis,20.0,0.0,20.0,0.0,60.0,80.0,60.0,100.0,100.0
wavelet-HHH_gldm_LowGrayLevelEmphasis,100.0,20.0,0.0,0.0,80.0,80.0,80.0,100.0,100.0
wavelet-HHH_gldm_SmallDependenceEmphasis,100.0,0.0,0.0,0.0,60.0,80.0,20.0,100.0,60.0
wavelet-HHH_gldm_SmallDependenceHighGrayLevelEmphasis,60.0,0.0,0.0,0.0,0.0,80.0,0.0,100.0,100.0
wavelet-HHH_gldm_SmallDependenceLowGrayLevelEmphasis,100.0,80.0,0.0,0.0,100.0,100.0,40.0,100.0,0.0
wavelet-HHH_glrlm_GrayLevelNonUniformity,100.0,40.0,0.0,0.0,40.0,100.0,60.0,100.0,100.0
wavelet-HHH_glrlm_GrayLevelNonUniformityNormalized,60.0,0.0,0.0,0.0,40.0,80.0,20.0,100.0,0.0
wavelet-HHH_glrlm_GrayLevelVariance,100.0,0.0,0.0,0.0,0.0,80.0,0.0,100.0,60.0
wavelet-HHH_glrlm_HighGrayLevelRunEmphasis,80.0,20.0,20.0,0.0,0.0,80.0,20.0,100.0,100.0
wavelet-HHH_glrlm_LongRunEmphasis,100.0,40.0,0.0,0.0,20.0,80.0,20.0,100.0,100.0
wavelet-HHH_glrlm_LongRunHighGrayLevelEmphasis,80.0,60.0,0.0,0.0,0.0,80.0,20.0,100.0,100.0
wavelet-HHH_glrlm_LongRunLowGrayLevelEmphasis,20.0,0.0,0.0,0.0,60.0,80.0,60.0,100.0,100.0
wavelet-HHH_glrlm_LowGrayLevelRunEmphasis,100.0,20.0,20.0,0.0,80.0,80.0,80.0,100.0,100.0
wavelet-HHH_glrlm_RunEntropy,100.0,0.0,0.0,0.0,20.0,80.0,20.0,100.0,100.0
wavelet-HHH_glrlm_RunLengthNonUniformity,100.0,40.0,0.0,0.0,40.0,100.0,60.0,100.0,100.0
wavelet-HHH_glrlm_RunLengthNonUniformityNormalized,100.0,20.0,20.0,0.0,40.0,80.0,0.0,100.0,80.0
wavelet-HHH_glrlm_RunPercentage,100.0,0.0,0.0,0.0,40.0,80.0,20.0,100.0,80.0
wavelet-HHH_glrlm_RunVariance,100.0,40.0,0.0,0.0,20.0,80.0,20.0,100.0,100.0
wavelet-HHH_glrlm_ShortRunEmphasis,100.0,20.0,0.0,0.0,40.0,80.0,0.0,100.0,80.0
wavelet-HHH_glrlm_ShortRunHighGrayLevelEmphasis,80.0,0.0,0.0,0.0,0.0,80.0,20.0,100.0,100.0
wavelet-HHH_glrlm_ShortRunLowGrayLevelEmphasis,100.0,80.0,20.0,0.0,100.0,100.0,20.0,100.0,100.0
wavelet-HHH_glszm_GrayLevelNonUniformity,40.0,0.0,0.0,0.0,40.0,80.0,40.0,100.0,100.0
wavelet-HHH_glszm_GrayLevelNonUniformityNormalized,100.0,0.0,0.0,0.0,60.0,80.0,80.0,100.0,80.0
wavelet-HHH_glszm_GrayLevelVariance,80.0,0.0,20.0,0.0,0.0,80.0,20.0,100.0,100.0
wavelet-HHH_glszm_HighGrayLevelZoneEmphasis,80.0,0.0,0.0,0.0,0.0,80.0,20.0,100.0,100.0
wavelet-HHH_glszm_LargeAreaEmphasis,100.0,20.0,0.0,0.0,20.0,80.0,20.0,100.0,100.0
wavelet-HHH_glszm_LargeAreaHighGrayLevelEmphasis,60.0,40.0,0.0,0.0,0.0,80.0,0.0,100.0,100.0
wavelet-HHH_glszm_LargeAreaLowGrayLevelEmphasis,100.0,0.0,0.0,0.0,20.0,80.0,20.0,100.0,100.0
wavelet-HHH_glszm_LowGrayLevelZoneEmphasis,100.0,0.0,0.0,0.0,60.0,80.0,60.0,100.0,100.0
wavelet-HHH_glszm_SizeZoneNonUniformity,80.0,0.0,0.0,0.0,20.0,80.0,20.0,100.0,100.0
wavelet-HHH_glszm_SizeZoneNonUniformityNormalized,100.0,40.0,20.0,0.0,60.0,80.0,60.0,100.0,100.0
wavelet-HHH_glszm_SmallAreaEmphasis,100.0,40.0,0.0,0.0,40.0,100.0,40.0,100.0,100.0
wavelet-HHH_glszm_SmallAreaHighGrayLevelEmphasis,80.0,20.0,0.0,0.0,0.0,80.0,0.0,100.0,100.0
wavelet-HHH_glszm_SmallAreaLowGrayLevelEmphasis,40.0,0.0,20.0,0.0,60.0,80.0,60.0,100.0,100.0
wavelet-HHH_glszm_ZoneEntropy,40.0,0.0,0.0,0.0,40.0,80.0,60.0,100.0,100.0
wavelet-HHH_glszm_ZonePercentage,100.0,40.0,0.0,0.0,80.0,80.0,80.0,100.0,60.0
wavelet-HHH_glszm_ZoneVariance,100.0,0.0,0.0,0.0,20.0,80.0,0.0,100.0,100.0
wavelet-HHH_ngtdm_Busyness,100.0,0.0,0.0,0.0,80.0,80.0,80.0,100.0,100.0
wavelet-HHH_ngtdm_Coarseness,100.0,80.0,0.0,0.0,20.0,100.0,20.0,100.0,0.0
wavelet-HHH_ngtdm_Complexity,100.0,0.0,20.0,0.0,0.0,80.0,20.0,100.0,100.0
wavelet-HHH_ngtdm_Contrast,100.0,0.0,0.0,0.0,60.0,80.0,40.0,100.0,80.0
wavelet-HHH_ngtdm_Strength,20.0,0.0,0.0,0.0,20.0,80.0,0.0,100.0,60.0
wavelet-HHL_firstorder_10Percentile,40.0,0.0,20.0,0.0,20.0,80.0,0.0,100.0,100.0
wavelet-HHL_firstorder_90Percentile,40.0,0.0,0.0,0.0,20.0,100.0,0.0,100.0,100.0
wavelet-HHL_firstorder_Energy,100.0,0.0,0.0,0.0,20.0,80.0,0.0,100.0,100.0
wavelet-HHL_firstorder_Entropy,60.0,0.0,0.0,0.0,20.0,80.0,0.0,100.0,100.0
wavelet-HHL_firstorder_InterquartileRange,40.0,20.0,0.0,0.0,20.0,80.0,0.0,100.0,100.0
wavelet-HHL_firstorder_Kurtosis,60.0,0.0,40.0,20.0,40.0,80.0,20.0,100.0,100.0
wavelet-HHL_firstorder_Maximum,80.0,0.0,0.0,0.0,40.0,80.0,0.0,100.0,100.0
wavelet-HHL_firstorder_Mean,80.0,0.0,20.0,0.0,40.0,80.0,40.0,100.0,100.0
wavelet-HHL_firstorder_MeanAbsoluteDeviation,40.0,0.0,0.0,0.0,20.0,80.0,0.0,100.0,100.0
wavelet-HHL_firstorder_Median,40.0,0.0,0.0,0.0,40.0,80.0,40.0,100.0,100.0
wavelet-HHL_firstorder_Minimum,100.0,0.0,0.0,0.0,40.0,80.0,0.0,100.0,100.0
wavelet-HHL_firstorder_Range,100.0,0.0,0.0,0.0,0.0,80.0,0.0,100.0,100.0
wavelet-HHL_firstorder_RobustMeanAbsoluteDeviation,40.0,20.0,0.0,0.0,20.0,80.0,0.0,100.0,100.0
wavelet-HHL_firstorder_RootMeanSquared,40.0,0.0,0.0,0.0,20.0,80.0,0.0,100.0,100.0
wavelet-HHL_firstorder_Skewness,100.0,20.0,20.0,0.0,40.0,80.0,0.0,100.0,100.0
wavelet-HHL_firstorder_TotalEnergy,100.0,0.0,0.0,0.0,20.0,80.0,0.0,100.0,100.0
wavelet-HHL_firstorder_Uniformity,60.0,0.0,0.0,0.0,20.0,80.0,0.0,100.0,80.0
wavelet-HHL_firstorder_Variance,40.0,0.0,0.0,0.0,20.0,80.0,0.0,100.0,100.0
wavelet-HHL_glcm_Autocorrelation,100.0,0.0,0.0,0.0,40.0,80.0,0.0,100.0,100.0
wavelet-HHL_glcm_ClusterProminence,20.0,0.0,0.0,0.0,20.0,80.0,0.0,100.0,100.0
wavelet-HHL_glcm_ClusterShade,80.0,0.0,20.0,0.0,40.0,80.0,0.0,100.0,100.0
wavelet-HHL_glcm_ClusterTendency,20.0,0.0,0.0,0.0,20.0,80.0,0.0,100.0,100.0
wavelet-HHL_glcm_Contrast,40.0,0.0,0.0,0.0,40.0,80.0,0.0,100.0,100.0
wavelet-HHL_glcm_Correlation,20.0,0.0,0.0,0.0,60.0,80.0,80.0,100.0,80.0
wavelet-HHL_glcm_DifferenceAverage,60.0,0.0,0.0,0.0,40.0,80.0,0.0,100.0,100.0
wavelet-HHL_glcm_DifferenceEntropy,60.0,0.0,0.0,0.0,40.0,80.0,0.0,100.0,100.0
wavelet-HHL_glcm_DifferenceVariance,40.0,0.0,20.0,0.0,20.0,80.0,0.0,100.0,100.0
wavelet-HHL_glcm_Id,60.0,0.0,0.0,0.0,20.0,80.0,0.0,100.0,80.0
wavelet-HHL_glcm_Idm,60.0,0.0,0.0,0.0,20.0,80.0,0.0,100.0,80.0
wavelet-HHL_glcm_Idmn,40.0,0.0,20.0,0.0,40.0,80.0,40.0,100.0,80.0
wavelet-HHL_glcm_Idn,60.0,0.0,0.0,0.0,20.0,80.0,40.0,100.0,80.0
wavelet-HHL_glcm_Imc1,100.0,0.0,0.0,0.0,40.0,80.0,20.0,100.0,60.0
wavelet-HHL_glcm_Imc2,40.0,0.0,0.0,0.0,40.0,80.0,40.0,100.0,100.0
wavelet-HHL_glcm_InverseVariance,60.0,0.0,0.0,0.0,80.0,80.0,100.0,100.0,80.0
wavelet-HHL_glcm_JointAverage,100.0,0.0,20.0,0.0,40.0,80.0,20.0,100.0,100.0
wavelet-HHL_glcm_JointEnergy,60.0,0.0,0.0,0.0,20.0,80.0,0.0,100.0,80.0
wavelet-HHL_glcm_JointEntropy,60.0,0.0,0.0,0.0,20.0,80.0,0.0,100.0,100.0
wavelet-HHL_glcm_MCC,60.0,0.0,0.0,0.0,40.0,80.0,20.0,100.0,100.0
wavelet-HHL_glcm_MaximumProbability,60.0,0.0,0.0,0.0,40.0,80.0,0.0,100.0,80.0
wavelet-HHL_glcm_SumAverage,100.0,0.0,0.0,0.0,40.0,80.0,20.0,100.0,100.0
wavelet-HHL_glcm_SumEntropy,60.0,0.0,0.0,0.0,20.0,80.0,20.0,100.0,100.0
wavelet-HHL_glcm_SumSquares,40.0,0.0,0.0,0.0,20.0,80.0,0.0,100.0,100.0
wavelet-HHL_gldm_DependenceEntropy,60.0,0.0,0.0,0.0,20.0,80.0,40.0,100.0,100.0
wavelet-HHL_gldm_DependenceNonUniformity,100.0,40.0,0.0,0.0,40.0,80.0,20.0,100.0,100.0
wavelet-HHL_gldm_DependenceNonUniformityNormalized,20.0,0.0,0.0,0.0,40.0,80.0,0.0,100.0,60.0
wavelet-HHL_gldm_DependenceVariance,40.0,0.0,20.0,0.0,40.0,80.0,80.0,100.0,100.0
wavelet-HHL_gldm_GrayLevelNonUniformity,100.0,0.0,20.0,0.0,40.0,80.0,40.0,100.0,100.0
wavelet-HHL_gldm_GrayLevelVariance,40.0,0.0,0.0,0.0,20.0,80.0,0.0,100.0,100.0
wavelet-HHL_gldm_HighGrayLevelEmphasis,100.0,0.0,0.0,0.0,40.0,80.0,0.0,100.0,100.0
wavelet-HHL_gldm_LargeDependenceEmphasis,100.0,0.0,0.0,0.0,20.0,80.0,20.0,100.0,100.0
wavelet-HHL_gldm_LargeDependenceHighGrayLevelEmphasis,100.0,0.0,0.0,0.0,40.0,80.0,0.0,100.0,100.0
wavelet-HHL_gldm_LargeDependenceLowGrayLevelEmphasis,80.0,0.0,20.0,0.0,60.0,100.0,40.0,100.0,100.0
wavelet-HHL_gldm_LowGrayLevelEmphasis,40.0,0.0,0.0,0.0,40.0,80.0,20.0,100.0,100.0
wavelet-HHL_gldm_SmallDependenceEmphasis,80.0,0.0,0.0,0.0,20.0,80.0,20.0,100.0,80.0
wavelet-HHL_gldm_SmallDependenceHighGrayLevelEmphasis,60.0,0.0,0.0,0.0,20.0,80.0,0.0,100.0,100.0
wavelet-HHL_gldm_SmallDependenceLowGrayLevelEmphasis,100.0,0.0,0.0,0.0,60.0,80.0,40.0,100.0,0.0
wavelet-HHL_glrlm_GrayLevelNonUniformity,100.0,0.0,20.0,0.0,40.0,80.0,40.0,100.0,100.0
wavelet-HHL_glrlm_GrayLevelNonUniformityNormalized,60.0,0.0,0.0,0.0,20.0,80.0,0.0,100.0,80.0
wavelet-HHL_glrlm_GrayLevelVariance,40.0,0.0,0.0,0.0,20.0,80.0,0.0,100.0,100.0
wavelet-HHL_glrlm_HighGrayLevelRunEmphasis,100.0,0.0,0.0,0.0,40.0,80.0,0.0,100.0,100.0
wavelet-HHL_glrlm_LongRunEmphasis,100.0,0.0,0.0,0.0,40.0,80.0,80.0,100.0,100.0
wavelet-HHL_glrlm_LongRunHighGrayLevelEmphasis,100.0,0.0,0.0,0.0,0.0,80.0,0.0,100.0,100.0
wavelet-HHL_glrlm_LongRunLowGrayLevelEmphasis,80.0,0.0,0.0,0.0,20.0,80.0,20.0,100.0,100.0
wavelet-HHL_glrlm_LowGrayLevelRunEmphasis,40.0,0.0,0.0,0.0,40.0,80.0,20.0,100.0,100.0
wavelet-HHL_glrlm_RunEntropy,100.0,0.0,0.0,0.0,20.0,80.0,0.0,100.0,100.0
wavelet-HHL_glrlm_RunLengthNonUniformity,100.0,40.0,0.0,0.0,20.0,100.0,20.0,100.0,100.0
wavelet-HHL_glrlm_RunLengthNonUniformityNormalized,80.0,0.0,0.0,0.0,20.0,80.0,0.0,100.0,100.0
wavelet-HHL_glrlm_RunPercentage,100.0,0.0,0.0,0.0,20.0,80.0,0.0,100.0,80.0
wavelet-HHL_glrlm_RunVariance,100.0,0.0,0.0,0.0,40.0,80.0,80.0,100.0,100.0
wavelet-HHL_glrlm_ShortRunEmphasis,100.0,0.0,0.0,0.0,20.0,80.0,0.0,100.0,80.0
wavelet-HHL_glrlm_ShortRunHighGrayLevelEmphasis,100.0,0.0,0.0,0.0,40.0,100.0,0.0,100.0,100.0
wavelet-HHL_glrlm_ShortRunLowGrayLevelEmphasis,40.0,0.0,20.0,0.0,20.0,100.0,20.0,100.0,100.0
wavelet-HHL_glszm_GrayLevelNonUniformity,100.0,0.0,0.0,0.0,20.0,80.0,20.0,100.0,100.0
wavelet-HHL_glszm_GrayLevelNonUniformityNormalized,60.0,0.0,0.0,0.0,20.0,80.0,60.0,100.0,100.0
wavelet-HHL_glszm_GrayLevelVariance,60.0,0.0,0.0,0.0,20.0,80.0,0.0,100.0,100.0
wavelet-HHL_glszm_HighGrayLevelZoneEmphasis,100.0,0.0,0.0,0.0,40.0,80.0,0.0,100.0,100.0
wavelet-HHL_glszm_LargeAreaEmphasis,100.0,0.0,0.0,0.0,20.0,80.0,0.0,100.0,100.0
wavelet-HHL_glszm_LargeAreaHighGrayLevelEmphasis,100.0,20.0,0.0,0.0,40.0,80.0,40.0,100.0,100.0
wavelet-HHL_glszm_LargeAreaLowGrayLevelEmphasis,80.0,0.0,0.0,0.0,40.0,80.0,40.0,100.0,100.0
wavelet-HHL_glszm_LowGrayLevelZoneEmphasis,40.0,0.0,0.0,0.0,60.0,80.0,80.0,100.0,100.0
wavelet-HHL_glszm_SizeZoneNonUniformity,80.0,0.0,0.0,0.0,20.0,80.0,0.0,100.0,100.0
wavelet-HHL_glszm_SizeZoneNonUniformityNormalized,80.0,0.0,0.0,0.0,60.0,80.0,40.0,100.0,80.0
wavelet-HHL_glszm_SmallAreaEmphasis,40.0,0.0,0.0,0.0,40.0,80.0,20.0,100.0,100.0
wavelet-HHL_glszm_SmallAreaHighGrayLevelEmphasis,100.0,0.0,0.0,0.0,20.0,80.0,0.0,100.0,100.0
wavelet-HHL_glszm_SmallAreaLowGrayLevelEmphasis,40.0,0.0,0.0,0.0,40.0,80.0,60.0,100.0,80.0
wavelet-HHL_glszm_ZoneEntropy,40.0,0.0,0.0,0.0,40.0,80.0,40.0,100.0,100.0
wavelet-HHL_glszm_ZonePercentage,80.0,0.0,0.0,0.0,40.0,80.0,20.0,100.0,80.0
wavelet-HHL_glszm_ZoneVariance,100.0,0.0,0.0,0.0,20.0,80.0,0.0,100.0,100.0
wavelet-HHL_ngtdm_Busyness,100.0,0.0,0.0,0.0,40.0,80.0,40.0,100.0,100.0
wavelet-HHL_ngtdm_Coarseness,100.0,20.0,0.0,0.0,20.0,80.0,20.0,100.0,0.0
wavelet-HHL_ngtdm_Complexity,60.0,0.0,0.0,0.0,20.0,80.0,0.0,100.0,100.0
wavelet-HHL_ngtdm_Contrast,40.0,0.0,20.0,0.0,40.0,80.0,60.0,100.0,80.0
wavelet-HHL_ngtdm_Strength,60.0,0.0,0.0,0.0,20.0,80.0,20.0,100.0,100.0
wavelet-HLH_firstorder_10Percentile,60.0,0.0,0.0,0.0,40.0,80.0,20.0,100.0,100.0
wavelet-HLH_firstorder_90Percentile,40.0,0.0,0.0,0.0,40.0,80.0,0.0,100.0,100.0
wavelet-HLH_firstorder_Energy,100.0,0.0,0.0,0.0,20.0,80.0,0.0,100.0,100.0
wavelet-HLH_firstorder_Entropy,80.0,0.0,0.0,0.0,40.0,80.0,60.0,100.0,100.0
wavelet-HLH_firstorder_InterquartileRange,40.0,0.0,0.0,0.0,20.0,80.0,0.0,100.0,100.0
wavelet-HLH_firstorder_Kurtosis,60.0,0.0,0.0,20.0,20.0,80.0,0.0,100.0,100.0
wavelet-HLH_firstorder_Maximum,80.0,0.0,40.0,0.0,40.0,80.0,20.0,100.0,100.0
wavelet-HLH_firstorder_Mean,40.0,0.0,0.0,0.0,20.0,80.0,40.0,100.0,100.0
wavelet-HLH_firstorder_MeanAbsoluteDeviation,60.0,0.0,0.0,0.0,20.0,80.0,0.0,100.0,100.0
wavelet-HLH_firstorder_Median,80.0,0.0,20.0,0.0,20.0,80.0,40.0,100.0,100.0
wavelet-HLH_firstorder_Minimum,80.0,0.0,0.0,0.0,20.0,80.0,20.0,100.0,100.0
wavelet-HLH_firstorder_Range,80.0,0.0,0.0,0.0,20.0,80.0,0.0,100.0,100.0
wavelet-HLH_firstorder_RobustMeanAbsoluteDeviation,40.0,0.0,0.0,0.0,20.0,80.0,0.0,100.0,100.0
wavelet-HLH_firstorder_RootMeanSquared,60.0,0.0,0.0,0.0,40.0,80.0,0.0,100.0,100.0
wavelet-HLH_firstorder_Skewness,100.0,0.0,0.0,0.0,80.0,80.0,80.0,100.0,100.0
wavelet-HLH_firstorder_TotalEnergy,100.0,0.0,0.0,0.0,20.0,80.0,0.0,100.0,100.0
wavelet-HLH_firstorder_Uniformity,80.0,0.0,0.0,20.0,40.0,80.0,40.0,100.0,60.0
wavelet-HLH_firstorder_Variance,100.0,0.0,0.0,0.0,40.0,80.0,0.0,100.0,100.0
wavelet-HLH_glcm_Autocorrelation,60.0,0.0,0.0,0.0,20.0,80.0,0.0,100.0,100.0
wavelet-HLH_glcm_ClusterProminence,100.0,0.0,0.0,0.0,40.0,80.0,0.0,100.0,100.0
wavelet-HLH_glcm_ClusterShade,80.0,0.0,20.0,0.0,40.0,80.0,0.0,100.0,100.0
wavelet-HLH_glcm_ClusterTendency,80.0,0.0,0.0,0.0,40.0,80.0,0.0,100.0,100.0
wavelet-HLH_glcm_Contrast,100.0,0.0,0.0,0.0,40.0,80.0,20.0,100.0,100.0
wavelet-HLH_glcm_Correlation,40.0,0.0,0.0,0.0,40.0,80.0,40.0,100.0,80.0
wavelet-HLH_glcm_DifferenceAverage,80.0,0.0,0.0,0.0,40.0,80.0,40.0,100.0,80.0
wavelet-HLH_glcm_DifferenceEntropy,60.0,0.0,0.0,0.0,40.0,80.0,60.0,100.0,100.0
wavelet-HLH_glcm_DifferenceVariance,100.0,0.0,0.0,0.0,40.0,80.0,20.0,100.0,100.0
wavelet-HLH_glcm_Id,60.0,0.0,0.0,0.0,60.0,80.0,60.0,100.0,60.0
wavelet-HLH_glcm_Idm,80.0,0.0,0.0,0.0,60.0,80.0,60.0,100.0,60.0
wavelet-HLH_glcm_Idmn,80.0,0.0,0.0,0.0,40.0,80.0,40.0,100.0,80.0
wavelet-HLH_glcm_Idn,80.0,0.0,0.0,0.0,40.0,80.0,20.0,100.0,80.0
wavelet-HLH_glcm_Imc1,20.0,0.0,0.0,0.0,60.0,80.0,60.0,100.0,60.0
wavelet-HLH_glcm_Imc2,20.0,0.0,0.0,0.0,40.0,80.0,40.0,100.0,80.0
wavelet-HLH_glcm_InverseVariance,40.0,0.0,0.0,0.0,40.0,80.0,60.0,100.0,60.0
wavelet-HLH_glcm_JointAverage,80.0,0.0,0.0,0.0,40.0,80.0,0.0,100.0,100.0
wavelet-HLH_glcm_JointEnergy,60.0,0.0,0.0,0.0,60.0,80.0,60.0,100.0,60.0
wavelet-HLH_glcm_JointEntropy,80.0,0.0,0.0,0.0,40.0,80.0,60.0,100.0,100.0
wavelet-HLH_glcm_MCC,80.0,20.0,0.0,0.0,40.0,80.0,80.0,100.0,80.0
wavelet-HLH_glcm_MaximumProbability,60.0,0.0,0.0,0.0,40.0,80.0,20.0,100.0,60.0
wavelet-HLH_glcm_SumAverage,80.0,0.0,0.0,0.0,40.0,80.0,0.0,100.0,100.0
wavelet-HLH_glcm_SumEntropy,80.0,0.0,0.0,0.0,40.0,80.0,60.0,100.0,100.0
wavelet-HLH_glcm_SumSquares,80.0,0.0,0.0,0.0,40.0,80.0,0.0,100.0,100.0
wavelet-HLH_gldm_DependenceEntropy,40.0,0.0,0.0,0.0,40.0,80.0,40.0,100.0,100.0
wavelet-HLH_gldm_DependenceNonUniformity,100.0,60.0,0.0,0.0,20.0,80.0,40.0,100.0,100.0
wavelet-HLH_gldm_DependenceNonUniformityNormalized,40.0,0.0,0.0,0.0,40.0,80.0,60.0,100.0,0.0
wavelet-HLH_gldm_DependenceVariance,80.0,0.0,0.0,0.0,40.0,80.0,60.0,100.0,100.0
wavelet-HLH_gldm_GrayLevelNonUniformity,100.0,60.0,0.0,0.0,40.0,100.0,60.0,100.0,100.0
wavelet-HLH_gldm_GrayLevelVariance,100.0,0.0,0.0,0.0,40.0,80.0,0.0,100.0,100.0
wavelet-HLH_gldm_HighGrayLevelEmphasis,60.0,0.0,0.0,0.0,20.0,80.0,0.0,100.0,100.0
wavelet-HLH_gldm_LargeDependenceEmphasis,100.0,40.0,0.0,0.0,40.0,100.0,20.0,100.0,100.0
wavelet-HLH_gldm_LargeDependenceHighGrayLevelEmphasis,100.0,20.0,0.0,0.0,0.0,80.0,0.0,100.0,100.0
wavelet-HLH_gldm_LargeDependenceLowGrayLevelEmphasis,40.0,0.0,20.0,0.0,80.0,80.0,40.0,100.0,100.0
wavelet-HLH_gldm_LowGrayLevelEmphasis,80.0,0.0,0.0,0.0,60.0,80.0,80.0,100.0,100.0
wavelet-HLH_gldm_SmallDependenceEmphasis,100.0,60.0,0.0,0.0,80.0,80.0,40.0,100.0,60.0
wavelet-HLH_gldm_SmallDependenceHighGrayLevelEmphasis,100.0,0.0,0.0,0.0,40.0,80.0,0.0,100.0,100.0
wavelet-HLH_gldm_SmallDependenceLowGrayLevelEmphasis,100.0,20.0,0.0,0.0,40.0,80.0,20.0,100.0,0.0
wavelet-HLH_glrlm_GrayLevelNonUniformity,100.0,20.0,0.0,0.0,40.0,100.0,60.0,100.0,100.0
wavelet-HLH_glrlm_GrayLevelNonUniformityNormalized,80.0,0.0,0.0,0.0,40.0,80.0,60.0,100.0,60.0
wavelet-HLH_glrlm_GrayLevelVariance,100.0,0.0,0.0,0.0,40.0,80.0,0.0,100.0,100.0
wavelet-HLH_glrlm_HighGrayLevelRunEmphasis,60.0,0.0,0.0,0.0,20.0,80.0,0.0,100.0,100.0
wavelet-HLH_glrlm_LongRunEmphasis,100.0,40.0,0.0,0.0,20.0,80.0,20.0,100.0,100.0
wavelet-HLH_glrlm_LongRunHighGrayLevelEmphasis,100.0,0.0,0.0,0.0,0.0,80.0,0.0,100.0,100.0
wavelet-HLH_glrlm_LongRunLowGrayLevelEmphasis,40.0,0.0,0.0,0.0,40.0,80.0,0.0,100.0,100.0
wavelet-HLH_glrlm_LowGrayLevelRunEmphasis,80.0,0.0,20.0,0.0,60.0,80.0,80.0,100.0,100.0
wavelet-HLH_glrlm_RunEntropy,100.0,20.0,0.0,0.0,40.0,80.0,40.0,100.0,100.0
wavelet-HLH_glrlm_RunLengthNonUniformity,100.0,40.0,0.0,0.0,40.0,100.0,60.0,100.0,100.0
wavelet-HLH_glrlm_RunLengthNonUniformityNormalized,100.0,20.0,0.0,0.0,20.0,80.0,20.0,100.0,80.0
wavelet-HLH_glrlm_RunPercentage,100.0,40.0,0.0,0.0,20.0,80.0,0.0,100.0,80.0
wavelet-HLH_glrlm_RunVariance,100.0,40.0,0.0,0.0,40.0,80.0,40.0,100.0,100.0
wavelet-HLH_glrlm_ShortRunEmphasis,100.0,40.0,0.0,0.0,20.0,80.0,20.0,100.0,80.0
wavelet-HLH_glrlm_ShortRunHighGrayLevelEmphasis,60.0,0.0,0.0,0.0,40.0,80.0,0.0,100.0,100.0
wavelet-HLH_glrlm_ShortRunLowGrayLevelEmphasis,100.0,0.0,0.0,0.0,40.0,100.0,80.0,100.0,100.0
wavelet-HLH_glszm_GrayLevelNonUniformity,80.0,0.0,0.0,0.0,20.0,80.0,20.0,100.0,100.0
wavelet-HLH_glszm_GrayLevelNonUniformityNormalized,80.0,0.0,0.0,0.0,40.0,80.0,40.0,100.0,100.0
wavelet-HLH_glszm_GrayLevelVariance,40.0,0.0,0.0,0.0,40.0,80.0,0.0,100.0,100.0
wavelet-HLH_glszm_HighGrayLevelZoneEmphasis,60.0,20.0,0.0,0.0,40.0,80.0,0.0,100.0,100.0
wavelet-HLH_glszm_LargeAreaEmphasis,100.0,0.0,0.0,0.0,20.0,80.0,20.0,100.0,100.0
wavelet-HLH_glszm_LargeAreaHighGrayLevelEmphasis,100.0,40.0,0.0,0.0,20.0,80.0,20.0,100.0,100.0
wavelet-HLH_glszm_LargeAreaLowGrayLevelEmphasis,100.0,20.0,20.0,0.0,40.0,80.0,20.0,100.0,100.0
wavelet-HLH_glszm_LowGrayLevelZoneEmphasis,80.0,20.0,0.0,0.0,40.0,80.0,80.0,100.0,100.0
wavelet-HLH_glszm_SizeZoneNonUniformity,100.0,0.0,0.0,20.0,40.0,80.0,0.0,100.0,100.0
wavelet-HLH_glszm_SizeZoneNonUniformityNormalized,100.0,20.0,0.0,0.0,60.0,80.0,60.0,100.0,80.0
wavelet-HLH_glszm_SmallAreaEmphasis,60.0,40.0,20.0,0.0,60.0,100.0,100.0,100.0,100.0
wavelet-HLH_glszm_SmallAreaHighGrayLevelEmphasis,60.0,20.0,0.0,0.0,40.0,80.0,0.0,100.0,100.0
wavelet-HLH_glszm_SmallAreaLowGrayLevelEmphasis,40.0,60.0,0.0,0.0,80.0,80.0,80.0,100.0,100.0
wavelet-HLH_glszm_ZoneEntropy,20.0,0.0,20.0,0.0,20.0,80.0,60.0,100.0,100.0
wavelet-HLH_glszm_ZonePercentage,100.0,40.0,0.0,0.0,80.0,80.0,100.0,100.0,60.0
wavelet-HLH_glszm_ZoneVariance,100.0,20.0,0.0,0.0,20.0,80.0,0.0,100.0,100.0
wavelet-HLH_ngtdm_Busyness,100.0,0.0,20.0,0.0,80.0,80.0,60.0,100.0,100.0
wavelet-HLH_ngtdm_Coarseness,100.0,40.0,0.0,0.0,20.0,100.0,20.0,100.0,0.0
wavelet-HLH_ngtdm_Complexity,60.0,0.0,0.0,0.0,40.0,100.0,0.0,100.0,100.0
wavelet-HLH_ngtdm_Contrast,80.0,0.0,0.0,0.0,40.0,80.0,40.0,100.0,80.0
wavelet-HLH_ngtdm_Strength,100.0,0.0,0.0,0.0,40.0,80.0,20.0,100.0,100.0
wavelet-HLL_firstorder_10Percentile,80.0,40.0,0.0,0.0,40.0,100.0,0.0,100.0,100.0
wavelet-HLL_firstorder_90Percentile,80.0,0.0,0.0,0.0,40.0,80.0,0.0,100.0,100.0
wavelet-HLL_firstorder_Energy,80.0,0.0,0.0,0.0,20.0,80.0,0.0,100.0,100.0
wavelet-HLL_firstorder_Entropy,40.0,0.0,0.0,0.0,20.0,80.0,20.0,100.0,100.0
wavelet-HLL_firstorder_InterquartileRange,80.0,0.0,0.0,0.0,40.0,80.0,0.0,100.0,100.0
wavelet-HLL_firstorder_Kurtosis,100.0,0.0,0.0,0.0,60.0,80.0,20.0,100.0,100.0
wavelet-HLL_firstorder_Maximum,60.0,0.0,0.0,0.0,20.0,80.0,0.0,100.0,100.0
wavelet-HLL_firstorder_Mean,100.0,0.0,40.0,0.0,80.0,80.0,60.0,100.0,100.0
wavelet-HLL_firstorder_MeanAbsoluteDeviation,60.0,0.0,0.0,0.0,40.0,80.0,0.0,100.0,100.0
wavelet-HLL_firstorder_Median,100.0,0.0,0.0,0.0,80.0,80.0,80.0,100.0,100.0
wavelet-HLL_firstorder_Minimum,40.0,0.0,0.0,20.0,40.0,80.0,0.0,100.0,100.0
wavelet-HLL_firstorder_Range,60.0,0.0,0.0,0.0,20.0,80.0,0.0,100.0,100.0
wavelet-HLL_firstorder_RobustMeanAbsoluteDeviation,80.0,0.0,0.0,0.0,40.0,80.0,0.0,100.0,100.0
wavelet-HLL_firstorder_RootMeanSquared,60.0,0.0,0.0,0.0,40.0,80.0,0.0,100.0,100.0
wavelet-HLL_firstorder_Skewness,100.0,0.0,20.0,0.0,80.0,80.0,100.0,100.0,100.0
wavelet-HLL_firstorder_TotalEnergy,80.0,0.0,0.0,0.0,20.0,80.0,0.0,100.0,100.0
wavelet-HLL_firstorder_Uniformity,60.0,0.0,0.0,0.0,20.0,80.0,0.0,100.0,100.0
wavelet-HLL_firstorder_Variance,80.0,0.0,0.0,0.0,40.0,80.0,0.0,100.0,100.0
wavelet-HLL_glcm_Autocorrelation,20.0,0.0,0.0,0.0,40.0,80.0,0.0,100.0,100.0
wavelet-HLL_glcm_ClusterProminence,100.0,0.0,0.0,0.0,40.0,80.0,0.0,100.0,100.0
wavelet-HLL_glcm_ClusterShade,80.0,60.0,20.0,0.0,40.0,80.0,0.0,100.0,100.0
wavelet-HLL_glcm_ClusterTendency,80.0,0.0,0.0,0.0,40.0,80.0,0.0,100.0,100.0
wavelet-HLL_glcm_Contrast,80.0,0.0,0.0,0.0,40.0,80.0,0.0,100.0,100.0
wavelet-HLL_glcm_Correlation,20.0,0.0,0.0,0.0,40.0,80.0,80.0,100.0,80.0
wavelet-HLL_glcm_DifferenceAverage,60.0,0.0,0.0,0.0,40.0,100.0,0.0,100.0,100.0
wavelet-HLL_glcm_DifferenceEntropy,0.0,0.0,0.0,0.0,20.0,80.0,20.0,100.0,100.0
wavelet-HLL_glcm_DifferenceVariance,100.0,0.0,0.0,0.0,40.0,80.0,0.0,100.0,100.0
wavelet-HLL_glcm_Id,0.0,0.0,0.0,0.0,20.0,80.0,20.0,100.0,100.0
wavelet-HLL_glcm_Idm,0.0,0.0,0.0,0.0,20.0,100.0,20.0,100.0,100.0
wavelet-HLL_glcm_Idmn,40.0,0.0,0.0,0.0,40.0,80.0,60.0,100.0,60.0
wavelet-HLL_glcm_Idn,100.0,0.0,0.0,0.0,40.0,80.0,40.0,100.0,60.0
wavelet-HLL_glcm_Imc1,100.0,40.0,0.0,0.0,60.0,80.0,60.0,100.0,80.0
wavelet-HLL_glcm_Imc2,100.0,20.0,0.0,0.0,40.0,80.0,0.0,100.0,100.0
wavelet-HLL_glcm_InverseVariance,80.0,20.0,0.0,0.0,60.0,100.0,80.0,100.0,80.0
wavelet-HLL_glcm_JointAverage,60.0,0.0,0.0,0.0,40.0,80.0,0.0,100.0,100.0
wavelet-HLL_glcm_JointEnergy,60.0,0.0,0.0,0.0,20.0,80.0,0.0,100.0,100.0
wavelet-HLL_glcm_JointEntropy,20.0,0.0,0.0,0.0,20.0,80.0,20.0,100.0,100.0
wavelet-HLL_glcm_MCC,100.0,0.0,20.0,0.0,60.0,80.0,60.0,100.0,100.0
wavelet-HLL_glcm_MaximumProbability,0.0,0.0,0.0,0.0,40.0,80.0,40.0,100.0,100.0
wavelet-HLL_glcm_SumAverage,60.0,0.0,0.0,0.0,40.0,80.0,0.0,100.0,100.0
wavelet-HLL_glcm_SumEntropy,20.0,0.0,0.0,0.0,20.0,80.0,20.0,100.0,100.0
wavelet-HLL_glcm_SumSquares,80.0,0.0,0.0,0.0,40.0,80.0,0.0,100.0,100.0
wavelet-HLL_gldm_DependenceEntropy,40.0,0.0,0.0,0.0,40.0,80.0,0.0,100.0,100.0
wavelet-HLL_gldm_DependenceNonUniformity,100.0,80.0,0.0,0.0,20.0,80.0,20.0,100.0,100.0
wavelet-HLL_gldm_DependenceNonUniformityNormalized,60.0,0.0,0.0,0.0,40.0,80.0,0.0,100.0,80.0
wavelet-HLL_gldm_DependenceVariance,40.0,0.0,0.0,0.0,40.0,80.0,40.0,100.0,100.0
wavelet-HLL_gldm_GrayLevelNonUniformity,100.0,20.0,0.0,0.0,40.0,80.0,40.0,100.0,100.0
wavelet-HLL_gldm_GrayLevelVariance,80.0,0.0,0.0,0.0,40.0,80.0,0.0,100.0,100.0
wavelet-HLL_gldm_HighGrayLevelEmphasis,20.0,0.0,0.0,0.0,40.0,80.0,0.0,100.0,100.0
wavelet-HLL_gldm_LargeDependenceEmphasis,100.0,0.0,0.0,0.0,20.0,80.0,40.0,100.0,100.0
wavelet-HLL_gldm_LargeDependenceHighGrayLevelEmphasis,100.0,0.0,20.0,0.0,40.0,80.0,0.0,100.0,100.0
wavelet-HLL_gldm_LargeDependenceLowGrayLevelEmphasis,100.0,0.0,0.0,0.0,40.0,80.0,20.0,100.0,100.0
wavelet-HLL_gldm_LowGrayLevelEmphasis,40.0,0.0,0.0,0.0,80.0,80.0,60.0,100.0,100.0
wavelet-HLL_gldm_SmallDependenceEmphasis,60.0,20.0,0.0,0.0,40.0,100.0,0.0,100.0,100.0
wavelet-HLL_gldm_SmallDependenceHighGrayLevelEmphasis,100.0,20.0,0.0,0.0,40.0,100.0,0.0,100.0,100.0
wavelet-HLL_gldm_SmallDependenceLowGrayLevelEmphasis,100.0,0.0,0.0,0.0,40.0,80.0,40.0,100.0,0.0
wavelet-HLL_glrlm_GrayLevelNonUniformity,100.0,0.0,0.0,0.0,40.0,80.0,40.0,100.0,100.0
wavelet-HLL_glrlm_GrayLevelNonUniformityNormalized,60.0,0.0,40.0,0.0,20.0,80.0,40.0,100.0,100.0
wavelet-HLL_glrlm_GrayLevelVariance,80.0,0.0,0.0,0.0,40.0,80.0,0.0,100.0,100.0
wavelet-HLL_glrlm_HighGrayLevelRunEmphasis,20.0,0.0,0.0,0.0,40.0,80.0,0.0,100.0,100.0
wavelet-HLL_glrlm_LongRunEmphasis,100.0,0.0,0.0,0.0,20.0,80.0,20.0,100.0,100.0
wavelet-HLL_glrlm_LongRunHighGrayLevelEmphasis,40.0,0.0,0.0,0.0,40.0,80.0,0.0,100.0,100.0
wavelet-HLL_glrlm_LongRunLowGrayLevelEmphasis,100.0,0.0,0.0,0.0,80.0,80.0,40.0,100.0,100.0
wavelet-HLL_glrlm_LowGrayLevelRunEmphasis,40.0,0.0,0.0,0.0,80.0,80.0,60.0,100.0,100.0
wavelet-HLL_glrlm_RunEntropy,80.0,0.0,20.0,0.0,20.0,80.0,0.0,100.0,100.0
wavelet-HLL_glrlm_RunLengthNonUniformity,100.0,0.0,0.0,0.0,40.0,80.0,20.0,100.0,100.0
wavelet-HLL_glrlm_RunLengthNonUniformityNormalized,100.0,20.0,0.0,0.0,20.0,100.0,20.0,100.0,100.0
wavelet-HLL_glrlm_RunPercentage,100.0,20.0,0.0,0.0,20.0,80.0,20.0,100.0,100.0
wavelet-HLL_glrlm_RunVariance,100.0,0.0,0.0,0.0,20.0,80.0,0.0,100.0,100.0
wavelet-HLL_glrlm_ShortRunEmphasis,100.0,0.0,0.0,0.0,20.0,100.0,20.0,100.0,100.0
wavelet-HLL_glrlm_ShortRunHighGrayLevelEmphasis,40.0,0.0,0.0,0.0,40.0,80.0,0.0,100.0,100.0
wavelet-HLL_glrlm_ShortRunLowGrayLevelEmphasis,60.0,0.0,0.0,0.0,80.0,80.0,80.0,100.0,100.0
wavelet-HLL_glszm_GrayLevelNonUniformity,100.0,0.0,0.0,0.0,20.0,80.0,0.0,100.0,100.0
wavelet-HLL_glszm_GrayLevelNonUniformityNormalized,60.0,0.0,0.0,0.0,60.0,80.0,60.0,100.0,100.0
wavelet-HLL_glszm_GrayLevelVariance,100.0,0.0,0.0,0.0,40.0,80.0,0.0,100.0,100.0
wavelet-HLL_glszm_HighGrayLevelZoneEmphasis,20.0,0.0,0.0,0.0,40.0,80.0,0.0,100.0,100.0
wavelet-HLL_glszm_LargeAreaEmphasis,100.0,0.0,0.0,0.0,20.0,80.0,40.0,100.0,100.0
wavelet-HLL_glszm_LargeAreaHighGrayLevelEmphasis,100.0,0.0,0.0,0.0,40.0,80.0,20.0,100.0,100.0
wavelet-HLL_glszm_LargeAreaLowGrayLevelEmphasis,100.0,0.0,0.0,0.0,40.0,100.0,40.0,100.0,100.0
wavelet-HLL_glszm_LowGrayLevelZoneEmphasis,40.0,0.0,20.0,0.0,60.0,80.0,60.0,100.0,100.0
wavelet-HLL_glszm_SizeZoneNonUniformity,100.0,0.0,0.0,0.0,20.0,80.0,0.0,100.0,100.0
wavelet-HLL_glszm_SizeZoneNonUniformityNormalized,60.0,0.0,0.0,0.0,40.0,80.0,40.0,100.0,80.0
wavelet-HLL_glszm_SmallAreaEmphasis,20.0,20.0,0.0,0.0,40.0,80.0,80.0,100.0,100.0
wavelet-HLL_glszm_SmallAreaHighGrayLevelEmphasis,40.0,0.0,0.0,0.0,40.0,80.0,0.0,100.0,100.0
wavelet-HLL_glszm_SmallAreaLowGrayLevelEmphasis,40.0,0.0,0.0,0.0,40.0,80.0,40.0,100.0,80.0
wavelet-HLL_glszm_ZoneEntropy,40.0,0.0,0.0,0.0,40.0,80.0,20.0,100.0,100.0
wavelet-HLL_glszm_ZonePercentage,80.0,0.0,0.0,0.0,40.0,100.0,40.0,100.0,100.0
wavelet-HLL_glszm_ZoneVariance,100.0,0.0,0.0,0.0,20.0,80.0,20.0,100.0,100.0
wavelet-HLL_ngtdm_Busyness,100.0,0.0,20.0,0.0,80.0,80.0,40.0,100.0,100.0
wavelet-HLL_ngtdm_Coarseness,100.0,40.0,0.0,0.0,20.0,80.0,20.0,100.0,60.0
wavelet-HLL_ngtdm_Complexity,80.0,0.0,0.0,0.0,40.0,80.0,0.0,100.0,100.0
wavelet-HLL_ngtdm_Contrast,100.0,0.0,20.0,0.0,40.0,80.0,0.0,100.0,100.0
wavelet-HLL_ngtdm_Strength,100.0,0.0,0.0,0.0,40.0,100.0,20.0,100.0,100.0
wavelet-LHH_firstorder_10Percentile,60.0,0.0,20.0,0.0,60.0,80.0,0.0,100.0,100.0
wavelet-LHH_firstorder_90Percentile,60.0,0.0,0.0,0.0,80.0,80.0,60.0,100.0,100.0
wavelet-LHH_firstorder_Energy,80.0,0.0,0.0,0.0,20.0,80.0,0.0,100.0,100.0
wavelet-LHH_firstorder_Entropy,80.0,0.0,0.0,0.0,80.0,80.0,0.0,100.0,100.0
wavelet-LHH_firstorder_InterquartileRange,40.0,0.0,0.0,0.0,60.0,80.0,40.0,100.0,100.0
wavelet-LHH_firstorder_Kurtosis,60.0,0.0,0.0,0.0,40.0,80.0,20.0,100.0,100.0
wavelet-LHH_firstorder_Maximum,80.0,0.0,0.0,0.0,0.0,80.0,0.0,100.0,100.0
wavelet-LHH_firstorder_Mean,20.0,0.0,20.0,0.0,60.0,80.0,80.0,100.0,100.0
wavelet-LHH_firstorder_MeanAbsoluteDeviation,60.0,0.0,0.0,0.0,80.0,80.0,20.0,100.0,100.0
wavelet-LHH_firstorder_Median,80.0,0.0,0.0,0.0,40.0,80.0,20.0,100.0,100.0
wavelet-LHH_firstorder_Minimum,100.0,0.0,0.0,0.0,40.0,80.0,0.0,100.0,100.0
wavelet-LHH_firstorder_Range,100.0,0.0,20.0,0.0,20.0,80.0,0.0,100.0,100.0
wavelet-LHH_firstorder_RobustMeanAbsoluteDeviation,40.0,0.0,0.0,0.0,60.0,80.0,40.0,100.0,100.0
wavelet-LHH_firstorder_RootMeanSquared,80.0,0.0,0.0,0.0,40.0,80.0,0.0,100.0,100.0
wavelet-LHH_firstorder_Skewness,100.0,60.0,0.0,0.0,80.0,80.0,80.0,100.0,100.0
wavelet-LHH_firstorder_TotalEnergy,80.0,0.0,0.0,0.0,20.0,80.0,0.0,100.0,100.0
wavelet-LHH_firstorder_Uniformity,80.0,0.0,0.0,0.0,80.0,80.0,20.0,100.0,60.0
wavelet-LHH_firstorder_Variance,80.0,0.0,20.0,0.0,40.0,80.0,0.0,100.0,100.0
wavelet-LHH_glcm_Autocorrelation,100.0,0.0,0.0,0.0,40.0,80.0,20.0,100.0,100.0
wavelet-LHH_glcm_ClusterProminence,40.0,0.0,0.0,0.0,20.0,80.0,20.0,100.0,100.0
wavelet-LHH_glcm_ClusterShade,40.0,0.0,0.0,0.0,20.0,80.0,20.0,100.0,100.0
wavelet-LHH_glcm_ClusterTendency,60.0,0.0,0.0,0.0,60.0,80.0,20.0,100.0,100.0
wavelet-LHH_glcm_Contrast,80.0,0.0,0.0,0.0,20.0,80.0,0.0,100.0,100.0
wavelet-LHH_glcm_Correlation,20.0,0.0,0.0,0.0,60.0,80.0,60.0,100.0,80.0
wavelet-LHH_glcm_DifferenceAverage,80.0,0.0,0.0,0.0,40.0,80.0,20.0,100.0,80.0
wavelet-LHH_glcm_DifferenceEntropy,40.0,0.0,0.0,0.0,20.0,80.0,20.0,100.0,100.0
wavelet-LHH_glcm_DifferenceVariance,60.0,0.0,0.0,0.0,20.0,80.0,20.0,100.0,80.0
wavelet-LHH_glcm_Id,80.0,0.0,0.0,0.0,40.0,80.0,40.0,100.0,60.0
wavelet-LHH_glcm_Idm,80.0,0.0,0.0,0.0,40.0,80.0,40.0,100.0,60.0
wavelet-LHH_glcm_Idmn,100.0,0.0,0.0,0.0,40.0,80.0,20.0,100.0,80.0
wavelet-LHH_glcm_Idn,100.0,0.0,20.0,0.0,40.0,80.0,0.0,100.0,80.0
wavelet-LHH_glcm_Imc1,40.0,20.0,0.0,0.0,60.0,80.0,60.0,100.0,60.0
wavelet-LHH_glcm_Imc2,60.0,0.0,0.0,0.0,40.0,80.0,20.0,100.0,80.0
wavelet-LHH_glcm_InverseVariance,20.0,0.0,0.0,0.0,60.0,80.0,60.0,100.0,60.0
wavelet-LHH_glcm_JointAverage,100.0,0.0,0.0,0.0,40.0,80.0,0.0,100.0,100.0
wavelet-LHH_glcm_JointEnergy,60.0,0.0,0.0,0.0,40.0,80.0,40.0,100.0,60.0
wavelet-LHH_glcm_JointEntropy,60.0,0.0,0.0,0.0,40.0,80.0,0.0,100.0,100.0
wavelet-LHH_glcm_MCC,100.0,40.0,20.0,0.0,20.0,80.0,0.0,100.0,80.0
wavelet-LHH_glcm_MaximumProbability,80.0,0.0,0.0,0.0,60.0,80.0,60.0,100.0,60.0
wavelet-LHH_glcm_SumAverage,100.0,0.0,0.0,0.0,40.0,80.0,0.0,100.0,100.0
wavelet-LHH_glcm_SumEntropy,60.0,0.0,0.0,0.0,60.0,80.0,20.0,100.0,100.0
wavelet-LHH_glcm_SumSquares,60.0,40.0,0.0,0.0,40.0,80.0,0.0,100.0,80.0
wavelet-LHH_gldm_DependenceEntropy,60.0,0.0,0.0,0.0,20.0,80.0,0.0,100.0,100.0
wavelet-LHH_gldm_DependenceNonUniformity,100.0,60.0,0.0,0.0,40.0,80.0,60.0,100.0,100.0
wavelet-LHH_gldm_DependenceNonUniformityNormalized,40.0,0.0,0.0,0.0,40.0,80.0,20.0,100.0,0.0
wavelet-LHH_gldm_DependenceVariance,60.0,0.0,0.0,0.0,20.0,80.0,60.0,100.0,100.0
wavelet-LHH_gldm_GrayLevelNonUniformity,100.0,60.0,0.0,0.0,40.0,100.0,40.0,100.0,100.0
wavelet-LHH_gldm_GrayLevelVariance,80.0,0.0,0.0,0.0,60.0,80.0,20.0,100.0,80.0
wavelet-LHH_gldm_HighGrayLevelEmphasis,100.0,0.0,0.0,0.0,40.0,80.0,20.0,100.0,100.0
wavelet-LHH_gldm_LargeDependenceEmphasis,100.0,0.0,20.0,0.0,40.0,80.0,20.0,100.0,100.0
wavelet-LHH_gldm_LargeDependenceHighGrayLevelEmphasis,80.0,0.0,0.0,0.0,40.0,80.0,0.0,100.0,100.0
wavelet-LHH_gldm_LargeDependenceLowGrayLevelEmphasis,40.0,0.0,20.0,0.0,40.0,80.0,40.0,100.0,100.0
wavelet-LHH_gldm_LowGrayLevelEmphasis,80.0,0.0,0.0,0.0,40.0,80.0,40.0,100.0,100.0
wavelet-LHH_gldm_SmallDependenceEmphasis,100.0,20.0,0.0,0.0,40.0,80.0,40.0,100.0,60.0
wavelet-LHH_gldm_SmallDependenceHighGrayLevelEmphasis,80.0,0.0,0.0,0.0,20.0,80.0,20.0,100.0,100.0
wavelet-LHH_gldm_SmallDependenceLowGrayLevelEmphasis,100.0,60.0,0.0,0.0,40.0,80.0,20.0,100.0,0.0
wavelet-LHH_glrlm_GrayLevelNonUniformity,100.0,20.0,0.0,0.0,40.0,100.0,60.0,100.0,100.0
wavelet-LHH_glrlm_GrayLevelNonUniformityNormalized,80.0,0.0,0.0,0.0,40.0,80.0,0.0,100.0,60.0
wavelet-LHH_glrlm_GrayLevelVariance,80.0,0.0,0.0,0.0,20.0,80.0,20.0,100.0,100.0
wavelet-LHH_glrlm_HighGrayLevelRunEmphasis,100.0,0.0,0.0,0.0,20.0,80.0,20.0,100.0,100.0
wavelet-LHH_glrlm_LongRunEmphasis,100.0,40.0,0.0,0.0,40.0,100.0,60.0,100.0,100.0
wavelet-LHH_glrlm_LongRunHighGrayLevelEmphasis,80.0,20.0,0.0,0.0,20.0,80.0,0.0,100.0,100.0
wavelet-LHH_glrlm_LongRunLowGrayLevelEmphasis,40.0,0.0,0.0,0.0,20.0,80.0,40.0,100.0,100.0
wavelet-LHH_glrlm_LowGrayLevelRunEmphasis,80.0,0.0,0.0,0.0,40.0,80.0,40.0,100.0,100.0
wavelet-LHH_glrlm_RunEntropy,100.0,0.0,0.0,0.0,20.0,80.0,20.0,100.0,100.0
wavelet-LHH_glrlm_RunLengthNonUniformity,100.0,40.0,20.0,0.0,40.0,100.0,60.0,100.0,100.0
wavelet-LHH_glrlm_RunLengthNonUniformityNormalized,100.0,0.0,0.0,0.0,20.0,80.0,0.0,100.0,80.0
wavelet-LHH_glrlm_RunPercentage,100.0,0.0,0.0,0.0,20.0,80.0,0.0,100.0,80.0
wavelet-LHH_glrlm_RunVariance,100.0,40.0,0.0,0.0,40.0,80.0,60.0,100.0,100.0
wavelet-LHH_glrlm_ShortRunEmphasis,100.0,0.0,0.0,0.0,20.0,80.0,0.0,100.0,80.0
wavelet-LHH_glrlm_ShortRunHighGrayLevelEmphasis,100.0,0.0,0.0,0.0,20.0,100.0,20.0,100.0,100.0
wavelet-LHH_glrlm_ShortRunLowGrayLevelEmphasis,100.0,40.0,20.0,0.0,40.0,80.0,40.0,100.0,100.0
wavelet-LHH_glszm_GrayLevelNonUniformity,60.0,0.0,20.0,0.0,40.0,80.0,20.0,100.0,100.0
wavelet-LHH_glszm_GrayLevelNonUniformityNormalized,80.0,0.0,0.0,0.0,60.0,80.0,60.0,100.0,100.0
wavelet-LHH_glszm_GrayLevelVariance,80.0,0.0,0.0,0.0,20.0,80.0,20.0,100.0,100.0
wavelet-LHH_glszm_HighGrayLevelZoneEmphasis,100.0,0.0,0.0,0.0,40.0,80.0,20.0,100.0,100.0
wavelet-LHH_glszm_LargeAreaEmphasis,100.0,20.0,0.0,0.0,20.0,80.0,0.0,100.0,100.0
wavelet-LHH_glszm_LargeAreaHighGrayLevelEmphasis,100.0,20.0,0.0,0.0,20.0,80.0,0.0,100.0,100.0
wavelet-LHH_glszm_LargeAreaLowGrayLevelEmphasis,80.0,0.0,0.0,0.0,20.0,80.0,0.0,100.0,100.0
wavelet-LHH_glszm_LowGrayLevelZoneEmphasis,80.0,0.0,0.0,0.0,60.0,80.0,80.0,100.0,100.0
wavelet-LHH_glszm_SizeZoneNonUniformity,80.0,20.0,20.0,0.0,40.0,80.0,0.0,100.0,100.0
wavelet-LHH_glszm_SizeZoneNonUniformityNormalized,80.0,0.0,0.0,0.0,40.0,80.0,40.0,100.0,80.0
wavelet-LHH_glszm_SmallAreaEmphasis,60.0,0.0,0.0,0.0,80.0,80.0,60.0,100.0,100.0
wavelet-LHH_glszm_SmallAreaHighGrayLevelEmphasis,80.0,0.0,0.0,0.0,20.0,80.0,0.0,100.0,100.0
wavelet-LHH_glszm_SmallAreaLowGrayLevelEmphasis,60.0,80.0,0.0,0.0,80.0,80.0,40.0,100.0,100.0
wavelet-LHH_glszm_ZoneEntropy,60.0,0.0,20.0,0.0,40.0,80.0,20.0,100.0,100.0
wavelet-LHH_glszm_ZonePercentage,100.0,0.0,0.0,0.0,60.0,80.0,100.0,100.0,60.0
wavelet-LHH_glszm_ZoneVariance,100.0,0.0,20.0,0.0,20.0,80.0,0.0,100.0,100.0
wavelet-LHH_ngtdm_Busyness,100.0,0.0,0.0,0.0,20.0,80.0,0.0,100.0,100.0
wavelet-LHH_ngtdm_Coarseness,100.0,20.0,0.0,0.0,20.0,100.0,20.0,100.0,0.0
wavelet-LHH_ngtdm_Complexity,100.0,20.0,0.0,0.0,20.0,80.0,20.0,100.0,100.0
wavelet-LHH_ngtdm_Contrast,80.0,0.0,0.0,0.0,40.0,80.0,20.0,100.0,80.0
wavelet-LHH_ngtdm_Strength,40.0,0.0,0.0,0.0,40.0,80.0,20.0,100.0,80.0
wavelet-LHL_firstorder_10Percentile,20.0,80.0,0.0,0.0,40.0,80.0,0.0,100.0,100.0
wavelet-LHL_firstorder_90Percentile,40.0,20.0,0.0,0.0,20.0,80.0,20.0,100.0,100.0
wavelet-LHL_firstorder_Energy,100.0,0.0,0.0,0.0,20.0,80.0,0.0,100.0,100.0
wavelet-LHL_firstorder_Entropy,20.0,20.0,0.0,0.0,40.0,100.0,20.0,100.0,100.0
wavelet-LHL_firstorder_InterquartileRange,20.0,0.0,0.0,0.0,40.0,100.0,20.0,100.0,100.0
wavelet-LHL_firstorder_Kurtosis,20.0,0.0,20.0,0.0,40.0,80.0,40.0,100.0,100.0
wavelet-LHL_firstorder_Maximum,80.0,0.0,20.0,0.0,40.0,80.0,20.0,100.0,100.0
wavelet-LHL_firstorder_Mean,40.0,0.0,20.0,0.0,40.0,80.0,0.0,100.0,100.0
wavelet-LHL_firstorder_MeanAbsoluteDeviation,40.0,20.0,0.0,0.0,20.0,100.0,0.0,100.0,100.0
wavelet-LHL_firstorder_Median,60.0,0.0,0.0,0.0,40.0,80.0,0.0,100.0,100.0
wavelet-LHL_firstorder_Minimum,80.0,0.0,20.0,0.0,20.0,80.0,0.0,100.0,100.0
wavelet-LHL_firstorder_Range,80.0,0.0,0.0,0.0,20.0,80.0,0.0,100.0,100.0
wavelet-LHL_firstorder_RobustMeanAbsoluteDeviation,20.0,0.0,0.0,0.0,40.0,100.0,0.0,100.0,100.0
wavelet-LHL_firstorder_RootMeanSquared,40.0,40.0,0.0,0.0,20.0,100.0,0.0,100.0,100.0
wavelet-LHL_firstorder_Skewness,100.0,40.0,20.0,20.0,100.0,80.0,80.0,100.0,100.0
wavelet-LHL_firstorder_TotalEnergy,100.0,0.0,0.0,0.0,20.0,80.0,0.0,100.0,100.0
wavelet-LHL_firstorder_Uniformity,40.0,0.0,0.0,0.0,40.0,100.0,60.0,100.0,100.0
wavelet-LHL_firstorder_Variance,60.0,40.0,0.0,0.0,0.0,100.0,0.0,100.0,100.0
wavelet-LHL_glcm_Autocorrelation,80.0,0.0,0.0,0.0,20.0,80.0,0.0,100.0,100.0
wavelet-LHL_glcm_ClusterProminence,60.0,0.0,0.0,0.0,20.0,80.0,0.0,100.0,100.0
wavelet-LHL_glcm_ClusterShade,40.0,80.0,0.0,0.0,20.0,80.0,0.0,100.0,100.0
wavelet-LHL_glcm_ClusterTendency,40.0,0.0,0.0,0.0,20.0,80.0,0.0,100.0,100.0
wavelet-LHL_glcm_Contrast,60.0,0.0,0.0,0.0,20.0,80.0,0.0,100.0,100.0
wavelet-LHL_glcm_Correlation,40.0,0.0,20.0,0.0,40.0,80.0,40.0,100.0,100.0
wavelet-LHL_glcm_DifferenceAverage,40.0,0.0,0.0,0.0,20.0,80.0,0.0,100.0,100.0
wavelet-LHL_glcm_DifferenceEntropy,0.0,0.0,0.0,0.0,40.0,80.0,40.0,100.0,100.0
wavelet-LHL_glcm_DifferenceVariance,60.0,0.0,0.0,0.0,20.0,80.0,0.0,100.0,100.0
wavelet-LHL_glcm_Id,0.0,0.0,0.0,0.0,20.0,80.0,20.0,100.0,100.0
wavelet-LHL_glcm_Idm,0.0,0.0,0.0,0.0,40.0,80.0,40.0,100.0,100.0
wavelet-LHL_glcm_Idmn,40.0,0.0,0.0,0.0,60.0,80.0,60.0,100.0,60.0
wavelet-LHL_glcm_Idn,40.0,0.0,0.0,0.0,60.0,80.0,60.0,100.0,60.0
wavelet-LHL_glcm_Imc1,100.0,100.0,0.0,0.0,60.0,80.0,20.0,100.0,80.0
wavelet-LHL_glcm_Imc2,100.0,0.0,0.0,0.0,20.0,80.0,40.0,100.0,100.0
wavelet-LHL_glcm_InverseVariance,60.0,0.0,0.0,0.0,60.0,80.0,40.0,100.0,80.0
wavelet-LHL_glcm_JointAverage,80.0,0.0,0.0,0.0,20.0,80.0,20.0,100.0,100.0
wavelet-LHL_glcm_JointEnergy,60.0,0.0,20.0,0.0,40.0,80.0,60.0,100.0,80.0
wavelet-LHL_glcm_JointEntropy,0.0,0.0,0.0,0.0,40.0,80.0,40.0,100.0,100.0
wavelet-LHL_glcm_MCC,100.0,0.0,0.0,0.0,40.0,80.0,60.0,100.0,100.0
wavelet-LHL_glcm_MaximumProbability,0.0,0.0,0.0,0.0,20.0,80.0,40.0,100.0,100.0
wavelet-LHL_glcm_SumAverage,80.0,0.0,0.0,0.0,20.0,80.0,20.0,100.0,100.0
wavelet-LHL_glcm_SumEntropy,20.0,0.0,0.0,0.0,40.0,80.0,40.0,100.0,100.0
wavelet-LHL_glcm_SumSquares,40.0,0.0,0.0,0.0,0.0,80.0,0.0,100.0,100.0
wavelet-LHL_gldm_DependenceEntropy,40.0,0.0,0.0,0.0,40.0,80.0,20.0,100.0,100.0
wavelet-LHL_gldm_DependenceNonUniformity,100.0,80.0,0.0,0.0,20.0,100.0,20.0,100.0,100.0
wavelet-LHL_gldm_DependenceNonUniformityNormalized,40.0,0.0,0.0,0.0,20.0,80.0,0.0,100.0,80.0
wavelet-LHL_gldm_DependenceVariance,40.0,0.0,20.0,0.0,60.0,80.0,20.0,100.0,100.0
wavelet-LHL_gldm_GrayLevelNonUniformity,100.0,0.0,0.0,20.0,40.0,80.0,40.0,100.0,100.0
wavelet-LHL_gldm_GrayLevelVariance,60.0,20.0,0.0,0.0,0.0,100.0,0.0,100.0,100.0
wavelet-LHL_gldm_HighGrayLevelEmphasis,80.0,0.0,0.0,0.0,20.0,80.0,0.0,100.0,100.0
wavelet-LHL_gldm_LargeDependenceEmphasis,100.0,0.0,0.0,0.0,20.0,80.0,0.0,100.0,100.0
wavelet-LHL_gldm_LargeDependenceHighGrayLevelEmphasis,100.0,0.0,20.0,0.0,20.0,80.0,0.0,100.0,100.0
wavelet-LHL_gldm_LargeDependenceLowGrayLevelEmphasis,100.0,0.0,0.0,0.0,20.0,100.0,0.0,100.0,100.0
wavelet-LHL_gldm_LowGrayLevelEmphasis,40.0,0.0,0.0,0.0,0.0,80.0,20.0,100.0,100.0
wavelet-LHL_gldm_SmallDependenceEmphasis,60.0,20.0,20.0,0.0,20.0,100.0,20.0,100.0,80.0
wavelet-LHL_gldm_SmallDependenceHighGrayLevelEmphasis,60.0,0.0,0.0,0.0,20.0,100.0,0.0,100.0,100.0
wavelet-LHL_gldm_SmallDependenceLowGrayLevelEmphasis,100.0,0.0,0.0,0.0,40.0,80.0,20.0,100.0,0.0
wavelet-LHL_glrlm_GrayLevelNonUniformity,100.0,20.0,0.0,0.0,60.0,80.0,60.0,100.0,100.0
wavelet-LHL_glrlm_GrayLevelNonUniformityNormalized,60.0,0.0,0.0,0.0,40.0,100.0,40.0,100.0,100.0
wavelet-LHL_glrlm_GrayLevelVariance,60.0,20.0,20.0,0.0,0.0,100.0,0.0,100.0,100.0
wavelet-LHL_glrlm_HighGrayLevelRunEmphasis,80.0,0.0,0.0,0.0,20.0,80.0,0.0,100.0,100.0
wavelet-LHL_glrlm_LongRunEmphasis,100.0,20.0,0.0,0.0,20.0,80.0,40.0,100.0,100.0
wavelet-LHL_glrlm_LongRunHighGrayLevelEmphasis,100.0,0.0,0.0,0.0,20.0,80.0,0.0,100.0,100.0
wavelet-LHL_glrlm_LongRunLowGrayLevelEmphasis,100.0,0.0,20.0,0.0,20.0,100.0,0.0,100.0,100.0
wavelet-LHL_glrlm_LowGrayLevelRunEmphasis,40.0,0.0,20.0,0.0,20.0,80.0,20.0,100.0,100.0
wavelet-LHL_glrlm_RunEntropy,80.0,0.0,0.0,0.0,40.0,80.0,60.0,100.0,100.0
wavelet-LHL_glrlm_RunLengthNonUniformity,100.0,0.0,0.0,0.0,40.0,80.0,20.0,100.0,100.0
wavelet-LHL_glrlm_RunLengthNonUniformityNormalized,100.0,20.0,0.0,0.0,20.0,100.0,20.0,100.0,100.0
wavelet-LHL_glrlm_RunPercentage,100.0,20.0,0.0,0.0,20.0,100.0,0.0,100.0,100.0
wavelet-LHL_glrlm_RunVariance,100.0,0.0,20.0,0.0,20.0,80.0,40.0,100.0,100.0
wavelet-LHL_glrlm_ShortRunEmphasis,100.0,0.0,0.0,0.0,20.0,80.0,20.0,100.0,100.0
wavelet-LHL_glrlm_ShortRunHighGrayLevelEmphasis,80.0,0.0,0.0,0.0,20.0,80.0,0.0,100.0,100.0
wavelet-LHL_glrlm_ShortRunLowGrayLevelEmphasis,40.0,0.0,0.0,0.0,20.0,80.0,40.0,100.0,80.0
wavelet-LHL_glszm_GrayLevelNonUniformity,100.0,0.0,0.0,0.0,0.0,80.0,0.0,100.0,100.0
wavelet-LHL_glszm_GrayLevelNonUniformityNormalized,60.0,0.0,0.0,0.0,60.0,80.0,40.0,100.0,100.0
wavelet-LHL_glszm_GrayLevelVariance,60.0,0.0,0.0,0.0,0.0,80.0,0.0,100.0,100.0
wavelet-LHL_glszm_HighGrayLevelZoneEmphasis,80.0,0.0,0.0,0.0,20.0,80.0,0.0,100.0,100.0
wavelet-LHL_glszm_LargeAreaEmphasis,100.0,0.0,0.0,0.0,0.0,80.0,0.0,100.0,100.0
wavelet-LHL_glszm_LargeAreaHighGrayLevelEmphasis,100.0,0.0,0.0,0.0,20.0,80.0,20.0,100.0,100.0
wavelet-LHL_glszm_LargeAreaLowGrayLevelEmphasis,100.0,0.0,0.0,0.0,20.0,80.0,0.0,100.0,100.0
wavelet-LHL_glszm_LowGrayLevelZoneEmphasis,40.0,0.0,0.0,0.0,40.0,80.0,60.0,100.0,100.0
wavelet-LHL_glszm_SizeZoneNonUniformity,100.0,0.0,20.0,0.0,20.0,80.0,0.0,100.0,100.0
wavelet-LHL_glszm_SizeZoneNonUniformityNormalized,80.0,20.0,20.0,0.0,40.0,80.0,40.0,100.0,80.0
wavelet-LHL_glszm_SmallAreaEmphasis,80.0,20.0,0.0,0.0,80.0,80.0,80.0,100.0,100.0
wavelet-LHL_glszm_SmallAreaHighGrayLevelEmphasis,60.0,0.0,0.0,0.0,20.0,80.0,0.0,100.0,100.0
wavelet-LHL_glszm_SmallAreaLowGrayLevelEmphasis,0.0,0.0,0.0,0.0,40.0,80.0,40.0,100.0,80.0
wavelet-LHL_glszm_ZoneEntropy,40.0,0.0,0.0,0.0,40.0,80.0,40.0,100.0,100.0
wavelet-LHL_glszm_ZonePercentage,80.0,20.0,0.0,0.0,40.0,100.0,20.0,100.0,80.0
wavelet-LHL_glszm_ZoneVariance,100.0,0.0,0.0,0.0,0.0,80.0,0.0,100.0,100.0
wavelet-LHL_ngtdm_Busyness,100.0,20.0,0.0,0.0,60.0,80.0,20.0,100.0,100.0
wavelet-LHL_ngtdm_Coarseness,100.0,20.0,0.0,0.0,40.0,80.0,20.0,100.0,60.0
wavelet-LHL_ngtdm_Complexity,80.0,0.0,0.0,0.0,20.0,80.0,0.0,100.0,100.0
wavelet-LHL_ngtdm_Contrast,60.0,0.0,0.0,0.0,40.0,80.0,0.0,100.0,60.0
wavelet-LHL_ngtdm_Strength,60.0,60.0,0.0,0.0,60.0,100.0,40.0,100.0,100.0
wavelet-LLH_firstorder_10Percentile,40.0,0.0,0.0,0.0,20.0,80.0,20.0,100.0,100.0
wavelet-LLH_firstorder_90Percentile,40.0,0.0,0.0,0.0,60.0,80.0,40.0,100.0,100.0
wavelet-LLH_firstorder_Energy,100.0,0.0,0.0,0.0,20.0,80.0,0.0,100.0,100.0
wavelet-LLH_firstorder_Entropy,0.0,0.0,0.0,0.0,40.0,80.0,0.0,100.0,100.0
wavelet-LLH_firstorder_InterquartileRange,20.0,0.0,0.0,0.0,80.0,80.0,60.0,100.0,100.0
wavelet-LLH_firstorder_Kurtosis,40.0,0.0,40.0,20.0,40.0,80.0,100.0,100.0,100.0
wavelet-LLH_firstorder_Maximum,100.0,20.0,0.0,0.0,40.0,100.0,0.0,100.0,100.0
wavelet-LLH_firstorder_Mean,60.0,0.0,0.0,0.0,20.0,80.0,20.0,100.0,100.0
wavelet-LLH_firstorder_MeanAbsoluteDeviation,20.0,0.0,0.0,0.0,40.0,80.0,20.0,100.0,100.0
wavelet-LLH_firstorder_Median,60.0,0.0,20.0,0.0,60.0,80.0,100.0,100.0,100.0
wavelet-LLH_firstorder_Minimum,60.0,0.0,20.0,0.0,40.0,80.0,0.0,100.0,100.0
wavelet-LLH_firstorder_Range,80.0,0.0,0.0,0.0,40.0,80.0,0.0,100.0,100.0
wavelet-LLH_firstorder_RobustMeanAbsoluteDeviation,20.0,0.0,20.0,0.0,80.0,80.0,60.0,100.0,100.0
wavelet-LLH_firstorder_RootMeanSquared,20.0,0.0,0.0,0.0,20.0,80.0,20.0,100.0,100.0
wavelet-LLH_firstorder_Skewness,80.0,0.0,20.0,20.0,40.0,80.0,80.0,100.0,100.0
wavelet-LLH_firstorder_TotalEnergy,100.0,0.0,0.0,0.0,20.0,80.0,0.0,100.0,100.0
wavelet-LLH_firstorder_Uniformity,20.0,0.0,0.0,0.0,40.0,80.0,20.0,100.0,80.0
wavelet-LLH_firstorder_Variance,60.0,0.0,0.0,0.0,20.0,80.0,0.0,100.0,100.0
wavelet-LLH_glcm_Autocorrelation,60.0,0.0,0.0,0.0,40.0,80.0,0.0,100.0,100.0
wavelet-LLH_glcm_ClusterProminence,100.0,0.0,0.0,0.0,40.0,80.0,0.0,100.0,100.0
wavelet-LLH_glcm_ClusterShade,80.0,0.0,40.0,0.0,40.0,80.0,0.0,100.0,100.0
wavelet-LLH_glcm_ClusterTendency,60.0,0.0,0.0,0.0,20.0,80.0,0.0,100.0,100.0
wavelet-LLH_glcm_Contrast,80.0,0.0,0.0,0.0,40.0,80.0,0.0,100.0,100.0
wavelet-LLH_glcm_Correlation,40.0,0.0,0.0,0.0,60.0,80.0,60.0,100.0,100.0
wavelet-LLH_glcm_DifferenceAverage,40.0,0.0,0.0,0.0,0.0,80.0,0.0,100.0,100.0
wavelet-LLH_glcm_DifferenceEntropy,40.0,0.0,0.0,0.0,20.0,100.0,20.0,100.0,100.0
wavelet-LLH_glcm_DifferenceVariance,80.0,0.0,0.0,0.0,40.0,80.0,0.0,100.0,100.0
wavelet-LLH_glcm_Id,20.0,0.0,0.0,0.0,20.0,80.0,20.0,100.0,80.0
wavelet-LLH_glcm_Idm,20.0,0.0,0.0,0.0,20.0,80.0,20.0,100.0,80.0
wavelet-LLH_glcm_Idmn,60.0,0.0,0.0,0.0,20.0,80.0,20.0,100.0,60.0
wavelet-LLH_glcm_Idn,100.0,0.0,0.0,0.0,20.0,80.0,0.0,100.0,60.0
wavelet-LLH_glcm_Imc1,40.0,0.0,0.0,0.0,60.0,80.0,40.0,100.0,80.0
wavelet-LLH_glcm_Imc2,20.0,0.0,0.0,0.0,40.0,80.0,40.0,100.0,100.0
wavelet-LLH_glcm_InverseVariance,40.0,0.0,20.0,0.0,40.0,80.0,40.0,100.0,80.0
wavelet-LLH_glcm_JointAverage,60.0,0.0,0.0,0.0,40.0,80.0,0.0,100.0,100.0
wavelet-LLH_glcm_JointEnergy,0.0,0.0,20.0,0.0,20.0,80.0,40.0,100.0,80.0
wavelet-LLH_glcm_JointEntropy,40.0,0.0,0.0,0.0,40.0,80.0,0.0,100.0,100.0
wavelet-LLH_glcm_MCC,40.0,0.0,20.0,0.0,40.0,80.0,80.0,100.0,100.0
wavelet-LLH_glcm_MaximumProbability,20.0,0.0,0.0,0.0,40.0,80.0,80.0,100.0,80.0
wavelet-LLH_glcm_SumAverage,60.0,0.0,20.0,0.0,40.0,80.0,0.0,100.0,100.0
wavelet-LLH_glcm_SumEntropy,0.0,0.0,0.0,0.0,40.0,80.0,0.0,100.0,100.0
wavelet-LLH_glcm_SumSquares,60.0,0.0,0.0,0.0,40.0,80.0,0.0,100.0,100.0
wavelet-LLH_gldm_DependenceEntropy,100.0,0.0,0.0,0.0,40.0,80.0,60.0,100.0,100.0
wavelet-LLH_gldm_DependenceNonUniformity,100.0,60.0,0.0,0.0,40.0,100.0,40.0,100.0,100.0
wavelet-LLH_gldm_DependenceNonUniformityNormalized,100.0,0.0,0.0,0.0,40.0,80.0,40.0,100.0,0.0
wavelet-LLH_gldm_DependenceVariance,100.0,0.0,0.0,0.0,80.0,80.0,80.0,100.0,100.0
wavelet-LLH_gldm_GrayLevelNonUniformity,100.0,0.0,0.0,0.0,40.0,80.0,40.0,100.0,100.0
wavelet-LLH_gldm_GrayLevelVariance,60.0,0.0,0.0,0.0,40.0,80.0,0.0,100.0,100.0
wavelet-LLH_gldm_HighGrayLevelEmphasis,60.0,0.0,0.0,0.0,40.0,80.0,0.0,100.0,100.0
wavelet-LLH_gldm_LargeDependenceEmphasis,100.0,0.0,0.0,0.0,40.0,80.0,20.0,100.0,100.0
wavelet-LLH_gldm_LargeDependenceHighGrayLevelEmphasis,80.0,0.0,0.0,0.0,40.0,80.0,0.0,100.0,100.0
wavelet-LLH_gldm_LargeDependenceLowGrayLevelEmphasis,60.0,0.0,20.0,0.0,0.0,80.0,20.0,100.0,100.0
wavelet-LLH_gldm_LowGrayLevelEmphasis,40.0,0.0,0.0,0.0,20.0,80.0,20.0,100.0,100.0
wavelet-LLH_gldm_SmallDependenceEmphasis,100.0,0.0,0.0,0.0,40.0,80.0,40.0,100.0,60.0
wavelet-LLH_gldm_SmallDependenceHighGrayLevelEmphasis,40.0,0.0,0.0,0.0,40.0,80.0,0.0,100.0,100.0
wavelet-LLH_gldm_SmallDependenceLowGrayLevelEmphasis,100.0,0.0,0.0,0.0,40.0,80.0,40.0,100.0,0.0
wavelet-LLH_glrlm_GrayLevelNonUniformity,100.0,60.0,0.0,0.0,40.0,100.0,40.0,100.0,100.0
wavelet-LLH_glrlm_GrayLevelNonUniformityNormalized,20.0,0.0,0.0,0.0,40.0,80.0,0.0,100.0,80.0
wavelet-LLH_glrlm_GrayLevelVariance,40.0,0.0,0.0,0.0,20.0,80.0,0.0,100.0,100.0
wavelet-LLH_glrlm_HighGrayLevelRunEmphasis,60.0,0.0,0.0,0.0,40.0,100.0,0.0,100.0,100.0
wavelet-LLH_glrlm_LongRunEmphasis,100.0,20.0,20.0,0.0,20.0,80.0,40.0,100.0,100.0
wavelet-LLH_glrlm_LongRunHighGrayLevelEmphasis,80.0,0.0,0.0,0.0,40.0,80.0,0.0,100.0,100.0
wavelet-LLH_glrlm_LongRunLowGrayLevelEmphasis,60.0,0.0,0.0,0.0,20.0,80.0,20.0,100.0,100.0
wavelet-LLH_glrlm_LowGrayLevelRunEmphasis,40.0,0.0,20.0,0.0,20.0,80.0,20.0,100.0,100.0
wavelet-LLH_glrlm_RunEntropy,100.0,0.0,20.0,0.0,20.0,80.0,20.0,100.0,100.0
wavelet-LLH_glrlm_RunLengthNonUniformity,100.0,40.0,0.0,0.0,40.0,80.0,80.0,100.0,100.0
wavelet-LLH_glrlm_RunLengthNonUniformityNormalized,100.0,0.0,20.0,0.0,20.0,80.0,20.0,100.0,100.0
wavelet-LLH_glrlm_RunPercentage,100.0,0.0,0.0,0.0,40.0,80.0,0.0,100.0,100.0
wavelet-LLH_glrlm_RunVariance,100.0,0.0,0.0,0.0,60.0,80.0,40.0,100.0,100.0
wavelet-LLH_glrlm_ShortRunEmphasis,100.0,0.0,0.0,0.0,40.0,80.0,20.0,100.0,100.0
wavelet-LLH_glrlm_ShortRunHighGrayLevelEmphasis,60.0,0.0,0.0,0.0,40.0,80.0,0.0,100.0,100.0
wavelet-LLH_glrlm_ShortRunLowGrayLevelEmphasis,60.0,0.0,20.0,0.0,0.0,100.0,0.0,100.0,100.0
wavelet-LLH_glszm_GrayLevelNonUniformity,100.0,20.0,0.0,0.0,40.0,80.0,100.0,100.0,100.0
wavelet-LLH_glszm_GrayLevelNonUniformityNormalized,40.0,0.0,0.0,0.0,60.0,80.0,40.0,100.0,100.0
wavelet-LLH_glszm_GrayLevelVariance,40.0,0.0,0.0,0.0,40.0,80.0,0.0,100.0,100.0
wavelet-LLH_glszm_HighGrayLevelZoneEmphasis,60.0,0.0,0.0,0.0,40.0,80.0,0.0,100.0,100.0
wavelet-LLH_glszm_LargeAreaEmphasis,100.0,0.0,0.0,0.0,40.0,80.0,20.0,100.0,100.0
wavelet-LLH_glszm_LargeAreaHighGrayLevelEmphasis,100.0,0.0,0.0,0.0,40.0,80.0,0.0,100.0,100.0
wavelet-LLH_glszm_LargeAreaLowGrayLevelEmphasis,100.0,0.0,0.0,0.0,20.0,80.0,0.0,100.0,100.0
wavelet-LLH_glszm_LowGrayLevelZoneEmphasis,40.0,0.0,0.0,0.0,60.0,80.0,20.0,100.0,100.0
wavelet-LLH_glszm_SizeZoneNonUniformity,100.0,20.0,0.0,0.0,20.0,80.0,20.0,100.0,100.0
wavelet-LLH_glszm_SizeZoneNonUniformityNormalized,100.0,20.0,0.0,0.0,40.0,80.0,40.0,100.0,80.0
wavelet-LLH_glszm_SmallAreaEmphasis,80.0,0.0,0.0,0.0,40.0,80.0,60.0,100.0,100.0
wavelet-LLH_glszm_SmallAreaHighGrayLevelEmphasis,60.0,0.0,0.0,0.0,40.0,80.0,0.0,100.0,100.0
wavelet-LLH_glszm_SmallAreaLowGrayLevelEmphasis,40.0,20.0,0.0,0.0,40.0,80.0,100.0,100.0,80.0
wavelet-LLH_glszm_ZoneEntropy,40.0,0.0,0.0,0.0,40.0,80.0,40.0,100.0,100.0
wavelet-LLH_glszm_ZonePercentage,100.0,0.0,0.0,0.0,40.0,80.0,60.0,100.0,80.0
wavelet-LLH_glszm_ZoneVariance,100.0,0.0,0.0,0.0,40.0,80.0,0.0,100.0,100.0
wavelet-LLH_ngtdm_Busyness,100.0,0.0,0.0,0.0,20.0,80.0,0.0,100.0,100.0
wavelet-LLH_ngtdm_Coarseness,100.0,80.0,0.0,0.0,40.0,100.0,0.0,100.0,60.0
wavelet-LLH_ngtdm_Complexity,40.0,0.0,0.0,0.0,40.0,80.0,0.0,100.0,100.0
wavelet-LLH_ngtdm_Contrast,80.0,0.0,0.0,0.0,40.0,80.0,60.0,100.0,60.0
wavelet-LLH_ngtdm_Strength,80.0,0.0,0.0,0.0,40.0,80.0,0.0,100.0,100.0
wavelet-LLL_firstorder_10Percentile,80.0,0.0,0.0,0.0,40.0,80.0,20.0,100.0,100.0
wavelet-LLL_firstorder_90Percentile,80.0,0.0,0.0,0.0,40.0,80.0,0.0,100.0,100.0
wavelet-LLL_firstorder_Energy,100.0,0.0,0.0,0.0,40.0,80.0,0.0,100.0,100.0
wavelet-LLL_firstorder_Entropy,20.0,0.0,0.0,0.0,40.0,80.0,20.0,100.0,100.0
wavelet-LLL_firstorder_InterquartileRange,20.0,0.0,0.0,0.0,20.0,80.0,0.0,100.0,100.0
wavelet-LLL_firstorder_Kurtosis,40.0,0.0,0.0,0.0,40.0,80.0,20.0,100.0,100.0
wavelet-LLL_firstorder_Maximum,80.0,0.0,0.0,0.0,40.0,80.0,40.0,100.0,100.0
wavelet-LLL_firstorder_Mean,80.0,0.0,0.0,0.0,40.0,80.0,0.0,100.0,100.0
wavelet-LLL_firstorder_MeanAbsoluteDeviation,60.0,0.0,0.0,0.0,20.0,80.0,0.0,100.0,100.0
wavelet-LLL_firstorder_Median,80.0,0.0,0.0,0.0,40.0,80.0,0.0,100.0,100.0
wavelet-LLL_firstorder_Minimum,80.0,40.0,0.0,0.0,40.0,80.0,40.0,100.0,100.0
wavelet-LLL_firstorder_Range,60.0,0.0,0.0,0.0,20.0,80.0,20.0,100.0,100.0
wavelet-LLL_firstorder_RobustMeanAbsoluteDeviation,40.0,0.0,0.0,0.0,20.0,80.0,0.0,100.0,100.0
wavelet-LLL_firstorder_RootMeanSquared,80.0,0.0,0.0,0.0,40.0,80.0,0.0,100.0,100.0
wavelet-LLL_firstorder_Skewness,40.0,0.0,0.0,0.0,40.0,80.0,20.0,100.0,100.0
wavelet-LLL_firstorder_TotalEnergy,100.0,0.0,0.0,0.0,40.0,80.0,0.0,100.0,100.0
wavelet-LLL_firstorder_Uniformity,80.0,0.0,0.0,0.0,20.0,80.0,20.0,100.0,80.0
wavelet-LLL_firstorder_Variance,20.0,0.0,0.0,0.0,20.0,80.0,0.0,100.0,100.0
wavelet-LLL_glcm_Autocorrelation,60.0,0.0,0.0,0.0,20.0,80.0,0.0,100.0,100.0
wavelet-LLL_glcm_ClusterProminence,60.0,0.0,0.0,0.0,40.0,80.0,0.0,100.0,100.0
wavelet-LLL_glcm_ClusterShade,40.0,0.0,0.0,0.0,20.0,80.0,20.0,100.0,100.0
wavelet-LLL_glcm_ClusterTendency,20.0,0.0,0.0,0.0,20.0,80.0,0.0,100.0,100.0
wavelet-LLL_glcm_Contrast,100.0,0.0,0.0,0.0,40.0,80.0,0.0,100.0,100.0
wavelet-LLL_glcm_Correlation,60.0,0.0,40.0,0.0,40.0,80.0,20.0,100.0,100.0
wavelet-LLL_glcm_DifferenceAverage,80.0,0.0,0.0,0.0,40.0,100.0,0.0,100.0,100.0
wavelet-LLL_glcm_DifferenceEntropy,40.0,0.0,0.0,0.0,0.0,80.0,0.0,100.0,100.0
wavelet-LLL_glcm_DifferenceVariance,80.0,0.0,0.0,0.0,40.0,80.0,0.0,100.0,100.0
wavelet-LLL_glcm_Id,80.0,0.0,0.0,0.0,20.0,80.0,0.0,100.0,100.0
wavelet-LLL_glcm_Idm,100.0,0.0,0.0,0.0,20.0,80.0,0.0,100.0,100.0
wavelet-LLL_glcm_Idmn,100.0,0.0,0.0,0.0,40.0,80.0,20.0,100.0,0.0
wavelet-LLL_glcm_Idn,100.0,0.0,0.0,0.0,20.0,80.0,20.0,100.0,60.0
wavelet-LLL_glcm_Imc1,60.0,0.0,0.0,0.0,60.0,80.0,40.0,100.0,80.0
wavelet-LLL_glcm_Imc2,40.0,0.0,0.0,0.0,40.0,80.0,0.0,100.0,80.0
wavelet-LLL_glcm_InverseVariance,20.0,0.0,0.0,0.0,40.0,80.0,60.0,100.0,100.0
wavelet-LLL_glcm_JointAverage,60.0,0.0,0.0,0.0,20.0,80.0,0.0,100.0,100.0
wavelet-LLL_glcm_JointEnergy,80.0,0.0,0.0,0.0,20.0,80.0,0.0,100.0,60.0
wavelet-LLL_glcm_JointEntropy,40.0,0.0,0.0,0.0,40.0,80.0,20.0,100.0,100.0
wavelet-LLL_glcm_MCC,20.0,0.0,20.0,0.0,40.0,80.0,60.0,100.0,80.0
wavelet-LLL_glcm_MaximumProbability,80.0,0.0,20.0,0.0,40.0,80.0,60.0,100.0,80.0
wavelet-LLL_glcm_SumAverage,60.0,0.0,0.0,0.0,20.0,80.0,0.0,100.0,100.0
wavelet-LLL_glcm_SumEntropy,40.0,0.0,0.0,0.0,40.0,80.0,20.0,100.0,100.0
wavelet-LLL_glcm_SumSquares,20.0,0.0,0.0,0.0,20.0,80.0,0.0,100.0,100.0
wavelet-LLL_gldm_DependenceEntropy,100.0,0.0,0.0,20.0,40.0,80.0,40.0,100.0,100.0
wavelet-LLL_gldm_DependenceNonUniformity,100.0,0.0,0.0,0.0,40.0,80.0,20.0,100.0,100.0
wavelet-LLL_gldm_DependenceNonUniformityNormalized,80.0,0.0,0.0,0.0,20.0,100.0,0.0,100.0,100.0
wavelet-LLL_gldm_DependenceVariance,100.0,0.0,0.0,0.0,80.0,80.0,80.0,100.0,100.0
wavelet-LLL_gldm_GrayLevelNonUniformity,100.0,0.0,0.0,0.0,20.0,80.0,0.0,100.0,100.0
wavelet-LLL_gldm_GrayLevelVariance,20.0,0.0,0.0,0.0,20.0,80.0,0.0,100.0,100.0
wavelet-LLL_gldm_HighGrayLevelEmphasis,60.0,0.0,0.0,0.0,20.0,80.0,0.0,100.0,100.0
wavelet-LLL_gldm_LargeDependenceEmphasis,100.0,0.0,0.0,0.0,40.0,100.0,20.0,100.0,100.0
wavelet-LLL_gldm_LargeDependenceHighGrayLevelEmphasis,100.0,0.0,0.0,0.0,40.0,80.0,20.0,100.0,100.0
wavelet-LLL_gldm_LargeDependenceLowGrayLevelEmphasis,100.0,0.0,20.0,0.0,80.0,80.0,100.0,100.0,100.0
wavelet-LLL_gldm_LowGrayLevelEmphasis,40.0,0.0,0.0,0.0,80.0,80.0,60.0,100.0,60.0
wavelet-LLL_gldm_SmallDependenceEmphasis,80.0,60.0,0.0,0.0,20.0,100.0,0.0,100.0,100.0
wavelet-LLL_gldm_SmallDependenceHighGrayLevelEmphasis,60.0,20.0,0.0,0.0,20.0,80.0,0.0,100.0,100.0
wavelet-LLL_gldm_SmallDependenceLowGrayLevelEmphasis,100.0,0.0,0.0,0.0,20.0,80.0,20.0,100.0,0.0
wavelet-LLL_glrlm_GrayLevelNonUniformity,100.0,0.0,20.0,0.0,20.0,80.0,20.0,100.0,100.0
wavelet-LLL_glrlm_GrayLevelNonUniformityNormalized,40.0,0.0,0.0,0.0,20.0,80.0,20.0,100.0,80.0
wavelet-LLL_glrlm_GrayLevelVariance,20.0,0.0,0.0,0.0,20.0,80.0,0.0,100.0,100.0
wavelet-LLL_glrlm_HighGrayLevelRunEmphasis,60.0,0.0,0.0,0.0,20.0,80.0,0.0,100.0,100.0
wavelet-LLL_glrlm_LongRunEmphasis,100.0,0.0,0.0,0.0,20.0,100.0,0.0,100.0,100.0
wavelet-LLL_glrlm_LongRunHighGrayLevelEmphasis,60.0,0.0,0.0,0.0,0.0,80.0,0.0,100.0,100.0
wavelet-LLL_glrlm_LongRunLowGrayLevelEmphasis,40.0,0.0,0.0,0.0,80.0,80.0,60.0,100.0,80.0
wavelet-LLL_glrlm_LowGrayLevelRunEmphasis,40.0,0.0,0.0,0.0,80.0,80.0,60.0,100.0,60.0
wavelet-LLL_glrlm_RunEntropy,60.0,0.0,20.0,20.0,40.0,80.0,20.0,100.0,100.0
wavelet-LLL_glrlm_RunLengthNonUniformity,100.0,20.0,0.0,0.0,40.0,80.0,40.0,100.0,100.0
wavelet-LLL_glrlm_RunLengthNonUniformityNormalized,100.0,0.0,0.0,0.0,20.0,100.0,20.0,100.0,100.0
wavelet-LLL_glrlm_RunPercentage,100.0,0.0,0.0,0.0,20.0,100.0,20.0,100.0,100.0
wavelet-LLL_glrlm_RunVariance,100.0,0.0,0.0,0.0,40.0,100.0,0.0,100.0,100.0
wavelet-LLL_glrlm_ShortRunEmphasis,100.0,0.0,0.0,0.0,20.0,100.0,20.0,100.0,80.0
wavelet-LLL_glrlm_ShortRunHighGrayLevelEmphasis,60.0,0.0,0.0,0.0,20.0,80.0,0.0,100.0,100.0
wavelet-LLL_glrlm_ShortRunLowGrayLevelEmphasis,60.0,0.0,0.0,0.0,60.0,80.0,60.0,100.0,60.0
wavelet-LLL_glszm_GrayLevelNonUniformity,100.0,0.0,20.0,0.0,40.0,80.0,20.0,100.0,100.0
wavelet-LLL_glszm_GrayLevelNonUniformityNormalized,60.0,0.0,0.0,0.0,20.0,80.0,0.0,100.0,80.0
wavelet-LLL_glszm_GrayLevelVariance,20.0,0.0,0.0,0.0,20.0,80.0,0.0,100.0,100.0
wavelet-LLL_glszm_HighGrayLevelZoneEmphasis,60.0,0.0,0.0,0.0,0.0,80.0,0.0,100.0,100.0
wavelet-LLL_glszm_LargeAreaEmphasis,100.0,20.0,0.0,0.0,20.0,100.0,0.0,100.0,100.0
wavelet-LLL_glszm_LargeAreaHighGrayLevelEmphasis,100.0,0.0,20.0,0.0,40.0,80.0,0.0,100.0,100.0
wavelet-LLL_glszm_LargeAreaLowGrayLevelEmphasis,100.0,60.0,0.0,0.0,20.0,100.0,40.0,100.0,100.0
wavelet-LLL_glszm_LowGrayLevelZoneEmphasis,40.0,0.0,0.0,0.0,40.0,80.0,60.0,100.0,80.0
wavelet-LLL_glszm_SizeZoneNonUniformity,100.0,0.0,0.0,20.0,20.0,100.0,0.0,100.0,100.0
wavelet-LLL_glszm_SizeZoneNonUniformityNormalized,40.0,60.0,0.0,0.0,20.0,80.0,20.0,100.0,100.0
wavelet-LLL_glszm_SmallAreaEmphasis,80.0,40.0,0.0,0.0,40.0,80.0,20.0,100.0,100.0
wavelet-LLL_glszm_SmallAreaHighGrayLevelEmphasis,60.0,0.0,0.0,0.0,0.0,80.0,0.0,100.0,100.0
wavelet-LLL_glszm_SmallAreaLowGrayLevelEmphasis,40.0,0.0,0.0,0.0,20.0,80.0,20.0,100.0,60.0
wavelet-LLL_glszm_ZoneEntropy,100.0,0.0,0.0,0.0,40.0,80.0,40.0,100.0,100.0
wavelet-LLL_glszm_ZonePercentage,100.0,60.0,0.0,0.0,20.0,100.0,0.0,100.0,100.0
wavelet-LLL_glszm_ZoneVariance,100.0,0.0,20.0,0.0,20.0,80.0,0.0,100.0,100.0
wavelet-LLL_ngtdm_Busyness,100.0,60.0,0.0,0.0,80.0,80.0,100.0,100.0,100.0
wavelet-LLL_ngtdm_Coarseness,100.0,60.0,0.0,0.0,40.0,80.0,20.0,100.0,60.0
wavelet-LLL_ngtdm_Complexity,40.0,0.0,0.0,0.0,40.0,80.0,0.0,100.0,100.0
wavelet-LLL_ngtdm_Contrast,100.0,0.0,0.0,0.0,40.0,80.0,0.0,100.0,100.0
wavelet-LLL_ngtdm_Strength,80.0,60.0,0.0,0.0,20.0,80.0,0.0,100.0,100.0
